filename,source_pdf,page,district,state_code,activity_type,drishti_id,mws_code,width,height,unique_colors,color_std,nat_tone_pct,stage1_passed,stage2_passed,stage2_reason,stage3_passed,stage3_reason,duplicate_of,attached_lat,attached_lon,coordinate_precision,structure_type
ANANTAPURAMU_IWMP-01_BANDLAPALLI_p8_i13.jpg,ANANTAPURAMU_IWMP-01_BANDLAPALLI.pdf,8,Anantapuramu,AP,unspecified,,,618,504,274.0,54.2,56.6,True,True,,True,,,,,no_coordinate_available,check_dam
ANANTAPURAMU_IWMP-02_TAVALAM_p11_i13.jpg,ANANTAPURAMU_IWMP-02_TAVALAM.pdf,11,Anantapuramu,AP,water_conservation_structures,,,618,504,315.0,60.9,49.1,True,True,,True,,,,,no_coordinate_available,check_dam
ANANTAPURAMU_IWMP-02_TAVALAM_p12_i9.jpg,ANANTAPURAMU_IWMP-02_TAVALAM.pdf,12,Anantapuramu,AP,water_conservation_structures,,,618,504,304.0,51.1,72.2,True,True,,True,,,,,no_coordinate_available,check_dam
ANANTAPURAMU_IWMP-03_THAGARAKUNTA_p11_i6.jpg,ANANTAPURAMU_IWMP-03_THAGARAKUNTA.pdf,11,Anantapuramu,AP,water_conservation_structures,,,618,504,313.0,60.9,49.1,True,True,,True,,,,,no_coordinate_available,check_dam
ANANTAPURAMU_IWMP-05_NALLAMADA_p11_i5.jpg,ANANTAPURAMU_IWMP-05_NALLAMADA.pdf,11,Anantapuramu,AP,water_conservation_structures,,,618,504,153.0,43.8,83.2,True,True,,True,,,,,no_coordinate_available,farm_pond
ANANTAPURAMU_IWMP-05_NALLAMADA_p11_i13.jpg,ANANTAPURAMU_IWMP-05_NALLAMADA.pdf,11,Anantapuramu,AP,water_conservation_structures,,,618,504,150.0,33.7,91.2,True,True,,True,,,,,no_coordinate_available,farm_pond
ANANTAPURAMU_IWMP-07_GORANTLA_p10_i13.jpg,ANANTAPURAMU_IWMP-07_GORANTLA.pdf,10,Anantapuramu,AP,water_conservation_structures,,,618,504,313.0,55.4,56.8,True,True,,True,,,,,no_coordinate_available,check_dam
ANANTAPURAMU_IWMP-07_GORANTLA_p11_i0.jpg,ANANTAPURAMU_IWMP-07_GORANTLA.pdf,11,Anantapuramu,AP,vegetation_changes,,,618,504,486.0,63.9,34.5,True,True,,True,,,,,no_coordinate_available,check_dam
ANANTAPURAMU_IWMP-07_GORANTLA_p11_i9.jpg,ANANTAPURAMU_IWMP-07_GORANTLA.pdf,11,Anantapuramu,AP,vegetation_changes,,,618,504,466.0,53.6,39.3,True,True,,True,,,,,no_coordinate_available,check_dam
ANANTAPURAMU_IWMP-08_PUTTAPARTHI_p11_i0.jpg,ANANTAPURAMU_IWMP-08_PUTTAPARTHI.pdf,11,Anantapuramu,AP,water_conservation_structures,,,618,504,459.0,54.7,48.9,True,True,,True,,,,,no_coordinate_available,percolation_tank
ANANTAPURAMU_IWMP-08_PUTTAPARTHI_p11_i9.jpg,ANANTAPURAMU_IWMP-08_PUTTAPARTHI.pdf,11,Anantapuramu,AP,water_conservation_structures,,,618,504,608.0,65.6,47.0,True,True,,True,,,,,no_coordinate_available,percolation_tank
ANANTAPURAMU_IWMP-10_MUTTALA_p11_i13.jpg,ANANTAPURAMU_IWMP-10_MUTTALA.pdf,11,Anantapuramu,AP,water_conservation_structures,,,618,504,533.0,54.4,42.9,True,True,,True,,,,,no_coordinate_available,farm_pond
ANANTAPURAMU_IWMP-13_JAKKALACHERUVU_p11_i5.jpg,ANANTAPURAMU_IWMP-13_JAKKALACHERUVU.pdf,11,Anantapuramu,AP,water_conservation_structures,,,618,504,414.0,50.0,48.0,True,True,,True,,,,,no_coordinate_available,check_dam
ANANTAPURAMU_IWMP-13_JAKKALACHERUVU_p11_i13.jpg,ANANTAPURAMU_IWMP-13_JAKKALACHERUVU.pdf,11,Anantapuramu,AP,water_conservation_structures,,,618,501,261.0,43.9,72.7,True,True,,True,,,,,no_coordinate_available,check_dam
ANANTAPURAMU_IWMP-13_JAKKALACHERUVU_p12_i0.jpg,ANANTAPURAMU_IWMP-13_JAKKALACHERUVU.pdf,12,Anantapuramu,AP,water_conservation_structures,,,618,504,441.0,55.2,39.1,True,True,,True,,,,,no_coordinate_available,check_dam
ANANTAPURAMU_IWMP-13_JAKKALACHERUVU_p12_i9.jpg,ANANTAPURAMU_IWMP-13_JAKKALACHERUVU.pdf,12,Anantapuramu,AP,water_conservation_structures,,,618,504,413.0,50.6,47.2,True,True,,True,,,,,no_coordinate_available,check_dam
ANANTAPURAMU_IWMP-14_MURADI_p12_i0.jpg,ANANTAPURAMU_IWMP-14_MURADI.pdf,12,Anantapuramu,AP,unspecified,,,618,503,363.0,49.5,80.3,True,True,,True,,,,,no_coordinate_available,check_dam
ANANTAPURAMU_IWMP-16_GUGUDU_p7_i13.jpg,ANANTAPURAMU_IWMP-16_GUGUDU.pdf,7,Anantapuramu,AP,unspecified,,,615,502,201.0,38.0,80.7,True,True,,True,,,14.683426,77.800006,project_level,farm_pond
ANANTAPURAMU_IWMP-19_KANAGANAPALLE_p8_i5.jpg,ANANTAPURAMU_IWMP-19_KANAGANAPALLE.pdf,8,Anantapuramu,AP,water_conservation_structures,,,615,502,347.0,45.3,74.6,True,True,,True,,,14.397538,77.530606,project_level,farm_pond
ANANTAPURAMU_IWMP-19_KANAGANAPALLE_p9_i5.jpg,ANANTAPURAMU_IWMP-19_KANAGANAPALLE.pdf,9,Anantapuramu,AP,vegetation_changes,,,615,502,290.0,60.8,53.4,True,True,,True,,,14.397538,77.530606,project_level,farm_pond
ANANTAPURAMU_IWMP-20_GANTHIMARRI_p7_i0.jpg,ANANTAPURAMU_IWMP-20_GANTHIMARRI.pdf,7,Anantapuramu,AP,water_conservation_structures,,,591,409,483.0,61.3,45.2,True,True,,True,,,14.348967,77.577333,project_level,check_dam
ANANTAPURAMU_IWMP-20_GANTHIMARRI_p8_i5.jpg,ANANTAPURAMU_IWMP-20_GANTHIMARRI.pdf,8,Anantapuramu,AP,water_conservation_structures,,,615,502,489.0,61.7,44.9,True,True,,True,,,14.348967,77.577333,project_level,check_dam
ANANTAPURAMU_IWMP-20_GANTHIMARRI_p8_i13.jpg,ANANTAPURAMU_IWMP-20_GANTHIMARRI.pdf,8,Anantapuramu,AP,water_conservation_structures,,,615,502,440.0,56.9,56.9,True,True,,True,,,14.348967,77.577333,project_level,check_dam
ANANTAPURAMU_IWMP-21_KOPPALAKONDA_p9_i5.jpg,ANANTAPURAMU_IWMP-21_KOPPALAKONDA.pdf,9,Anantapuramu,AP,unspecified,,,615,502,212.0,48.5,56.1,True,True,,True,,,14.885875,77.502982,project_level,farm_pond
ANANTAPURAMU_IWMP-22_KAMALAPADU_p9_i13.jpg,ANANTAPURAMU_IWMP-22_KAMALAPADU.pdf,9,Anantapuramu,AP,water_conservation_structures,,,615,502,344.0,42.0,69.0,True,True,,True,,,15.108011,77.894937,project_level,check_dam
ANANTAPURAMU_IWMP-23_GUDIBANDA_p7_i0.jpg,ANANTAPURAMU_IWMP-23_GUDIBANDA.pdf,7,Anantapuramu,AP,vegetation_changes,,,554,422,431.0,55.2,68.3,True,True,,True,,,13.930913,77.09259,project_level,check_dam
ANANTAPURAMU_IWMP-25_NADIMPALLI_p9_i5.jpg,ANANTAPURAMU_IWMP-25_NADIMPALLI.pdf,9,Anantapuramu,AP,water_conservation_structures,,,615,502,448.0,52.6,48.5,True,True,,True,,,14.072586,77.714079,project_level,check_dam
ANANTAPURAMU_IWMP-26_KUMMETHA_p9_i13.jpg,ANANTAPURAMU_IWMP-26_KUMMETHA.pdf,9,Anantapuramu,AP,water_conservation_structures,,,615,502,377.0,52.6,36.0,True,True,,True,,,14.972864,77.844087,project_level,check_dam
ANANTAPURAMU_IWMP-27_-ITIKALAPALLI_p8_i5.jpg,ANANTAPURAMU_IWMP-27_-ITIKALAPALLI.pdf,8,Anantapuramu,AP,water_conservation_structures,,,615,502,200.0,32.0,45.1,True,True,,True,,,14.569513,77.622718,project_level,check_dam
ANANTAPURAMU_IWMP-27_-ITIKALAPALLI_p9_i13.jpg,ANANTAPURAMU_IWMP-27_-ITIKALAPALLI.pdf,9,Anantapuramu,AP,water_conservation_structures,,,615,502,343.0,38.8,68.1,True,True,,True,,,14.569513,77.622718,project_level,check_dam
ANANTAPURAMU_IWMP-28_REDDYPALLY_p8_i13.jpg,ANANTAPURAMU_IWMP-28_REDDYPALLY.pdf,8,Anantapuramu,AP,water_conservation_structures,,,615,502,354.0,52.1,49.3,True,True,,True,,,14.166477,78.036333,project_level,farm_pond
ANANTAPURAMU_IWMP-28_REDDYPALLY_p9_i5.jpg,ANANTAPURAMU_IWMP-28_REDDYPALLY.pdf,9,Anantapuramu,AP,vegetation_changes,,,615,461,352.0,41.8,68.8,True,True,,True,,,14.166477,78.036333,project_level,farm_pond
ANANTAPURAMU_IWMP-30_MALLEPALLE_p8_i5.jpg,ANANTAPURAMU_IWMP-30_MALLEPALLE.pdf,8,Anantapuramu,AP,water_conservation_structures,,,615,502,343.0,56.1,64.1,True,True,,True,,,13.929106,77.78279,project_level,check_dam
ANANTAPURAMU_IWMP-32_BETHAPALLE_p8_i5.jpg,ANANTAPURAMU_IWMP-32_BETHAPALLE.pdf,8,Anantapuramu,AP,water_conservation_structures,,,615,502,130.0,31.9,89.3,True,True,,True,,,15.209765,77.653209,project_level,check_dam
ANANTAPURAMU_IWMP-32_BETHAPALLE_p9_i5.jpg,ANANTAPURAMU_IWMP-32_BETHAPALLE.pdf,9,Anantapuramu,AP,vegetation_changes,,,615,502,317.0,38.5,47.2,True,True,,True,,,15.209765,77.653209,project_level,check_dam
ANANTAPURAMU_IWMP-33_BANDLAPALL_p8_i5.jpg,ANANTAPURAMU_IWMP-33_BANDLAPALL.pdf,8,Anantapuramu,AP,water_conservation_structures,,,615,502,357.0,48.0,40.9,True,True,,True,,,14.132211,77.710656,project_level,check_dam
ANANTAPURAMU_IWMP-35_MORASANIPALLI_p8_i5.jpg,ANANTAPURAMU_IWMP-35_MORASANIPALLI.pdf,8,Anantapuramu,AP,water_conservation_structures,,,615,502,469.0,58.9,38.1,True,True,,True,,,13.859821,77.767131,project_level,check_dam
ANANTAPURAMU_IWMP-35_MORASANIPALLI_p8_i13.jpg,ANANTAPURAMU_IWMP-35_MORASANIPALLI.pdf,8,Anantapuramu,AP,water_conservation_structures,,,615,502,430.0,57.3,56.8,True,True,,True,,,13.859821,77.767131,project_level,check_dam
ANANTAPURAMU_IWMP-36_KUNTHURU_p9_i13.jpg,ANANTAPURAMU_IWMP-36_KUNTHURU.pdf,9,Anantapuramu,AP,water_conservation_structures,,,615,502,393.0,58.6,56.0,True,True,,True,,,14.378101,77.686719,project_level,check_dam
ANANTAPURAMU_IWMP-37_GARUDACHEDU_p9_i13.jpg,ANANTAPURAMU_IWMP-37_GARUDACHEDU.pdf,9,Anantapuramu,AP,water_conservation_structures,,,615,502,235.0,44.0,77.2,True,True,,True,,,14.884595,77.106444,project_level,check_dam
ANANTAPURAMU_IWMP-38_D.HIREHAL-COMP_p8_i13.jpg,ANANTAPURAMU_IWMP-38_D.HIREHAL-COMP.pdf,8,Anantapuramu,AP,water_conservation_structures,,,615,502,461.0,65.5,48.2,True,True,,True,,,14.991487,76.870403,project_level,check_dam
ANANTAPURAMU_IWMP-39_AMIDALA_p8_i13.jpg,ANANTAPURAMU_IWMP-39_AMIDALA.pdf,8,Anantapuramu,AP,unspecified,,,618,504,273.0,54.2,56.6,True,True,,True,,,14.877298,77.245636,project_level,check_dam
ANANTAPURAMU_IWMP-44_MUSTIKOVELA_p9_i0.jpg,ANANTAPURAMU_IWMP-44_MUSTIKOVELA.pdf,9,Anantapuramu,AP,water_conservation_structures,,,615,502,108.0,30.3,95.4,True,True,,True,,,14.250027,77.547363,project_level,check_dam
ANANTAPURAMU_IWMP-44_MUSTIKOVELA_p9_i9.jpg,ANANTAPURAMU_IWMP-44_MUSTIKOVELA.pdf,9,Anantapuramu,AP,water_conservation_structures,,,615,502,179.0,45.4,62.8,True,True,,True,,,14.250027,77.547363,project_level,check_dam
ANANTAPURAMU_IWMP-45_PALAVAI_p9_i0.jpg,ANANTAPURAMU_IWMP-45_PALAVAI.pdf,9,Anantapuramu,AP,water_conservation_structures,,,615,502,538.0,48.9,42.7,True,True,,True,,,14.486812,77.155884,project_level,farm_pond
ANANTAPURAMU_IWMP-45_PALAVAI_p9_i9.jpg,ANANTAPURAMU_IWMP-45_PALAVAI.pdf,9,Anantapuramu,AP,water_conservation_structures,,,615,502,530.0,71.9,23.7,True,True,,True,,,14.486812,77.155884,project_level,farm_pond
ANANTAPURAMU_IWMP-46_MELAVOI_p8_i6.jpg,ANANTAPURAMU_IWMP-46_MELAVOI.pdf,8,Anantapuramu,AP,water_conservation_structures,,,615,502,402.0,57.4,65.3,True,True,,True,,,13.944697,77.316686,project_level,check_dam
ANANTAPURAMU_IWMP-46_MELAVOI_p8_i13.jpg,ANANTAPURAMU_IWMP-46_MELAVOI.pdf,8,Anantapuramu,AP,water_conservation_structures,,,615,502,314.0,61.6,49.0,True,True,,True,,,13.944697,77.316686,project_level,check_dam
ANANTAPURAMU_IWMP-46_MELAVOI_p9_i0.jpg,ANANTAPURAMU_IWMP-46_MELAVOI.pdf,9,Anantapuramu,AP,water_conservation_structures,,,615,502,295.0,51.6,57.8,True,True,,True,,,13.944697,77.316686,project_level,check_dam
ANANTAPURAMU_IWMP-48_BUDIGUMMA_p8_i6.jpg,ANANTAPURAMU_IWMP-48_BUDIGUMMA.pdf,8,Anantapuramu,AP,water_conservation_structures,,,615,502,443.0,64.4,53.5,True,True,,True,,,14.666873,77.248651,project_level,check_dam
ANANTAPURAMU_IWMP-48_BUDIGUMMA_p8_i13.jpg,ANANTAPURAMU_IWMP-48_BUDIGUMMA.pdf,8,Anantapuramu,AP,water_conservation_structures,,,615,502,353.0,54.0,61.0,True,True,,True,,,14.666873,77.248651,project_level,check_dam
ANANTAPURAMU_IWMP-50_SALAKAMCHERUVU_p8_i13.jpg,ANANTAPURAMU_IWMP-50_SALAKAMCHERUVU.pdf,8,Anantapuramu,AP,water_conservation_structures,,,615,502,149.0,38.0,92.4,True,True,,True,,,14.835829,77.736718,project_level,farm_pond
ANANTAPURAMU_IWMP-53_DARSIMALA_p8_i6.jpg,ANANTAPURAMU_IWMP-53_DARSIMALA.pdf,8,Anantapuramu,AP,water_conservation_structures,,,615,502,299.0,52.4,69.1,True,True,,True,,,14.371916,77.828077,project_level,check_dam
ANANTAPURAMU_IWMP-53_DARSIMALA_p9_i9.jpg,ANANTAPURAMU_IWMP-53_DARSIMALA.pdf,9,Anantapuramu,AP,water_conservation_structures,,,615,502,398.0,57.6,49.4,True,True,,True,,,14.371916,77.828077,project_level,check_dam
ANANTAPURAMU_IWMP-54_TALUPULA_p8_i13.jpg,ANANTAPURAMU_IWMP-54_TALUPULA.pdf,8,Anantapuramu,AP,water_conservation_structures,,,615,502,328.0,59.7,50.6,True,True,,True,,,14.251541,78.201053,project_level,farm_pond
ANANTAPURAMU_IWMP-58_MULAKANURU_p8_i13.jpg,ANANTAPURAMU_IWMP-58_MULAKANURU.pdf,8,Anantapuramu,AP,vegetation_changes,,,615,502,500.0,66.4,45.5,True,True,,True,,,15.063962,77.747741,project_level,plantation
ANANTAPURAMU_IWMP-63_NEMAKAL_p8_i13.jpg,ANANTAPURAMU_IWMP-63_NEMAKAL.pdf,8,Anantapuramu,AP,water_conservation_structures,,,615,502,350.0,67.8,40.9,True,True,,True,,,15.008376,76.926547,project_level,check_dam
ANANTAPURAMU_IWMP-65_ELLUTLA_p9_i0.jpg,ANANTAPURAMU_IWMP-65_ELLUTLA.pdf,9,Anantapuramu,AP,water_conservation_structures,,,615,502,321.0,49.5,57.3,True,True,,True,,,14.684729,77.904331,project_level,check_dam
ANANTAPURAMU_IWMP-65_ELLUTLA_p9_i9.jpg,ANANTAPURAMU_IWMP-65_ELLUTLA.pdf,9,Anantapuramu,AP,water_conservation_structures,,,615,502,492.0,54.9,36.5,True,True,,True,,,14.684729,77.904331,project_level,check_dam
ANANTAPURAMU_IWMP-66_YELLANUR_p8_i13.jpg,ANANTAPURAMU_IWMP-66_YELLANUR.pdf,8,Anantapuramu,AP,water_conservation_structures,,,615,502,197.0,30.4,38.3,True,True,,True,,,14.637466,78.065309,project_level,farm_pond
ANANTAPURAMU_IWMP-67_P.C.-PYAPILI_p8_i13.jpg,ANANTAPURAMU_IWMP-67_P.C.-PYAPILI.pdf,8,Anantapuramu,AP,water_conservation_structures,,,615,502,502.0,59.3,34.8,True,True,,True,,,14.952216,77.322651,project_level,check_dam
ANANTAPURAMU_IWMP-67_P.C.-PYAPILI_p9_i9.jpg,ANANTAPURAMU_IWMP-67_P.C.-PYAPILI.pdf,9,Anantapuramu,AP,water_conservation_structures,,,615,502,265.0,55.4,74.3,True,True,,True,,,14.952216,77.322651,project_level,check_dam
ANANTAPURAMU_IWMP-69_B.N.-HALLI_p9_i0.jpg,ANANTAPURAMU_IWMP-69_B.N.-HALLI.pdf,9,Anantapuramu,AP,water_conservation_structures,,,615,502,272.0,39.1,69.7,True,True,,True,,,14.71826,76.882043,project_level,check_dam
ANANTAPURAMU_IWMP-69_B.N.-HALLI_p9_i9.jpg,ANANTAPURAMU_IWMP-69_B.N.-HALLI.pdf,9,Anantapuramu,AP,water_conservation_structures,,,615,502,413.0,59.6,39.2,True,True,,True,,,14.71826,76.882043,project_level,check_dam
ANANTAPURAMU_IWMP-71_MUTHUVAKUNTLA_p9_i13.jpg,ANANTAPURAMU_IWMP-71_MUTHUVAKUNTLA.pdf,9,Anantapuramu,AP,water_conservation_structures,,,618,504,366.0,51.5,68.9,True,True,,True,,,14.406536,77.490467,project_level,check_dam
ANANTAPURAMU_IWMP-71_MUTHUVAKUNTLA_p10_i9.jpg,ANANTAPURAMU_IWMP-71_MUTHUVAKUNTLA.pdf,10,Anantapuramu,AP,water_conservation_structures,,,618,504,292.0,40.0,74.6,True,True,,True,,,14.406536,77.490467,project_level,check_dam
ANANTAPURAMU_IWMP-72_KOTANKA_p9_i5.jpg,ANANTAPURAMU_IWMP-72_KOTANKA.pdf,9,Anantapuramu,AP,water_conservation_structures,,,618,371,175.0,38.4,95.0,True,True,,True,,,14.780442,77.576965,project_level,check_dam
ANANTAPURAMU_IWMP-72_KOTANKA_p9_i13.jpg,ANANTAPURAMU_IWMP-72_KOTANKA.pdf,9,Anantapuramu,AP,water_conservation_structures,,,618,504,328.0,54.4,69.1,True,True,,True,,,14.780442,77.576965,project_level,check_dam
ANANTAPURAMU_IWMP-73_CHANDANA_p9_i13.jpg,ANANTAPURAMU_IWMP-73_CHANDANA.pdf,9,Anantapuramu,AP,water_conservation_structures,,,618,508,225.0,34.8,70.3,True,True,,True,,,14.754554,77.931989,project_level,check_dam
ANANTAPURAMU_IWMP-74_KOKKANTI_p8_i18.jpg,ANANTAPURAMU_IWMP-74_KOKKANTI.pdf,8,Anantapuramu,AP,water_conservation_structures,,,590,442,399.0,54.9,33.5,True,True,,True,,,13.923209,78.262372,project_level,check_dam
ANANTAPURAMU_IWMP-74_KOKKANTI_p10_i0.jpg,ANANTAPURAMU_IWMP-74_KOKKANTI.pdf,10,Anantapuramu,AP,water_conservation_structures,,,618,504,294.0,58.2,29.5,True,True,,True,,,13.923209,78.262372,project_level,check_dam
ANANTAPURAMU_IWMP-74_KOKKANTI_p10_i9.jpg,ANANTAPURAMU_IWMP-74_KOKKANTI.pdf,10,Anantapuramu,AP,water_conservation_structures,,,618,504,473.0,45.1,52.3,True,True,,True,,,13.923209,78.262372,project_level,check_dam
ANANTAPURAMU_IWMP-75_GANGINEPALLI_p10_i0.jpg,ANANTAPURAMU_IWMP-75_GANGINEPALLI.pdf,10,Anantapuramu,AP,water_conservation_structures,,,618,464,321.0,54.2,60.5,True,True,,True,,,14.314339,77.765389,project_level,check_dam
ANANTAPURAMU_IWMP-75_GANGINEPALLI_p10_i9.jpg,ANANTAPURAMU_IWMP-75_GANGINEPALLI.pdf,10,Anantapuramu,AP,water_conservation_structures,,,618,464,406.0,54.0,70.4,True,True,,True,,,14.314339,77.765389,project_level,check_dam
ANANTAPURAMU_IWMP-81_TALAMARLA_p8_i18.jpg,ANANTAPURAMU_IWMP-81_TALAMARLA.pdf,8,Anantapuramu,AP,vegetation_changes,,,786,442,436.0,63.8,65.2,True,True,,True,,,14.245139,77.735973,project_level,farm_pond
ANANTAPURAMU_IWMP-81_TALAMARLA_p9_i3.jpg,ANANTAPURAMU_IWMP-81_TALAMARLA.pdf,9,Anantapuramu,AP,water_conservation_structures,,,618,504,368.0,58.9,58.7,True,True,,True,,,14.245139,77.735973,project_level,farm_pond
ANANTAPURAMU_IWMP-81_TALAMARLA_p9_i11.jpg,ANANTAPURAMU_IWMP-81_TALAMARLA.pdf,9,Anantapuramu,AP,water_conservation_structures,,,618,504,198.0,42.6,89.1,True,True,,True,,,14.245139,77.735973,project_level,farm_pond
ANANTAPURAMU_IWMP-82_RAKETLA_p9_i5.jpg,ANANTAPURAMU_IWMP-82_RAKETLA.pdf,9,Anantapuramu,AP,water_conservation_structures,,,618,506,339.0,39.1,71.9,True,True,,True,,,14.759462,77.244301,project_level,check_dam
ANANTAPURAMU_IWMP-82_RAKETLA_p10_i0.jpg,ANANTAPURAMU_IWMP-82_RAKETLA.pdf,10,Anantapuramu,AP,water_conservation_structures,,,618,506,306.0,32.5,56.1,True,True,,True,,,14.759462,77.244301,project_level,farm_pond
ANANTAPURAMU_IWMP-83_RAMAGIRI_p9_i5.jpg,ANANTAPURAMU_IWMP-83_RAMAGIRI.pdf,9,Anantapuramu,AP,water_conservation_structures,,,618,508,246.0,33.5,70.9,True,True,,True,,,14.947312,77.457147,project_level,farm_pond
ANANTAPURAMU_IWMP-83_RAMAGIRI_p9_i13.jpg,ANANTAPURAMU_IWMP-83_RAMAGIRI.pdf,9,Anantapuramu,AP,water_conservation_structures,,,618,508,421.0,49.5,56.7,True,True,,True,,,14.947312,77.457147,project_level,farm_pond
ANANTAPURAMU_IWMP-83_RAMAGIRI_p10_i9.jpg,ANANTAPURAMU_IWMP-83_RAMAGIRI.pdf,10,Anantapuramu,AP,vegetation_changes,,,618,508,403.0,55.0,37.1,True,True,,True,,,14.947312,77.457147,project_level,farm_pond
ANANTAPURAMU_IWMP-84_CHERLOPALLI_p9_i5.jpg,ANANTAPURAMU_IWMP-84_CHERLOPALLI.pdf,9,Anantapuramu,AP,water_conservation_structures,,,618,504,301.0,35.2,70.1,True,True,,True,,,14.754554,77.931989,project_level,check_dam
ANANTAPURAMU_IWMP-84_CHERLOPALLI_p10_i9.jpg,ANANTAPURAMU_IWMP-84_CHERLOPALLI.pdf,10,Anantapuramu,AP,water_conservation_structures,,,618,504,851.0,57.8,65.1,True,True,,True,,,14.754554,77.931989,project_level,check_dam
ANANTAPURAMU_IWMP-85_MALLAPURAM_p9_i5.jpg,ANANTAPURAMU_IWMP-85_MALLAPURAM.pdf,9,Anantapuramu,AP,water_conservation_structures,,,618,504,354.0,49.5,80.4,True,True,,True,,,14.406536,77.490467,project_level,check_dam
ANANTAPURAMU_IWMP-85_MALLAPURAM_p9_i13.jpg,ANANTAPURAMU_IWMP-85_MALLAPURAM.pdf,9,Anantapuramu,AP,water_conservation_structures,,,618,506,346.0,44.0,84.7,True,True,,True,,,14.406536,77.490467,project_level,check_dam
ANANTAPURAMU_IWMP-86_MUTHYALACHERUVU_p8_i18.jpg,ANANTAPURAMU_IWMP-86_MUTHYALACHERUVU.pdf,8,Anantapuramu,AP,water_conservation_structures,,,788,495,350.0,53.6,57.2,True,True,,True,,,,,no_coordinate_available,check_dam
ANANTAPURAMU_IWMP-86_MUTHYALACHERUVU_p9_i13.jpg,ANANTAPURAMU_IWMP-86_MUTHYALACHERUVU.pdf,9,Anantapuramu,AP,water_conservation_structures,,,618,464,286.0,54.2,65.3,True,True,,True,,,,,no_coordinate_available,check_dam
ANANTAPURAMU_IWMP-86_MUTHYALACHERUVU_p10_i0.jpg,ANANTAPURAMU_IWMP-86_MUTHYALACHERUVU.pdf,10,Anantapuramu,AP,water_conservation_structures,,,618,508,304.0,37.4,64.1,True,True,,True,,,,,no_coordinate_available,check_dam
CHITTOOR_IWMP-10_DANDAPALLI_p9_i0.jpg,CHITTOOR_IWMP-10_DANDAPALLI.pdf,9,Chittoor,AP,unspecified,,,618,504,369.0,59.5,47.7,True,True,,True,,,13.198843,78.683704,project_level,check_dam
CHITTOOR_IWMP-11_CHANDRAMAKULAPALLI_p8_i13.jpg,CHITTOOR_IWMP-11_CHANDRAMAKULAPALLI.pdf,8,Chittoor,AP,water_conservation_structures,,,618,347,311.0,32.1,32.0,True,True,,True,,,13.496946,78.582836,project_level,farm_pond
CHITTOOR_IWMP-11_CHANDRAMAKULAPALLI_p9_i0.jpg,CHITTOOR_IWMP-11_CHANDRAMAKULAPALLI.pdf,9,Chittoor,AP,unspecified,,,618,348,249.0,49.3,69.1,True,True,,True,,,13.496946,78.582836,project_level,farm_pond
CHITTOOR_IWMP-12_PULLURU_p8_i13.jpg,CHITTOOR_IWMP-12_PULLURU.pdf,8,Chittoor,AP,water_conservation_structures,,,618,348,301.0,45.2,38.1,True,True,,True,,,13.296909,79.383095,project_level,check_dam
CHITTOOR_IWMP-14_CHAMBAKURU_p8_i5.jpg,CHITTOOR_IWMP-14_CHAMBAKURU.pdf,8,Chittoor,AP,water_conservation_structures,,,618,348,418.0,52.2,51.6,True,True,,True,,,13.429194,78.391417,project_level,check_dam
CHITTOOR_IWMP-14_CHAMBAKURU_p8_i13.jpg,CHITTOOR_IWMP-14_CHAMBAKURU.pdf,8,Chittoor,AP,water_conservation_structures,,,618,504,645.0,54.7,52.1,True,True,,True,,,13.429194,78.391417,project_level,check_dam
CHITTOOR_IWMP-15_ADAVIBUDUGURU_p9_i9.jpg,CHITTOOR_IWMP-15_ADAVIBUDUGURU.pdf,9,Chittoor,AP,water_conservation_structures,,,618,348,309.0,45.9,64.7,True,True,,True,,,12.639331,78.389773,project_level,check_dam
CHITTOOR_IWMP-16_RALLABUDUGURU_p9_i0.jpg,CHITTOOR_IWMP-16_RALLABUDUGURU.pdf,9,Chittoor,AP,water_conservation_structures,,,618,464,552.0,66.4,48.4,True,True,,True,,,12.82851,78.365983,project_level,check_dam
CHITTOOR_IWMP-17_CHINTAKUNTA_p9_i9.jpg,CHITTOOR_IWMP-17_CHINTAKUNTA.pdf,9,Chittoor,AP,water_conservation_structures,,,618,348,314.0,43.6,73.4,True,True,,True,,,13.760819,79.136269,project_level,check_dam
CHITTOOR_IWMP-18_VASALAPALLI_p7_i0.jpg,CHITTOOR_IWMP-18_VASALAPALLI.pdf,7,Chittoor,AP,water_conservation_structures,,,638,422,451.0,54.1,24.9,True,True,,True,,,13.499492,78.501163,project_level,check_dam
CHITTOOR_IWMP-18_VASALAPALLI_p8_i13.jpg,CHITTOOR_IWMP-18_VASALAPALLI.pdf,8,Chittoor,AP,water_conservation_structures,,,618,348,490.0,63.9,24.5,True,True,,True,,,13.499492,78.501163,project_level,check_dam
CHITTOOR_IWMP-20_ERRATHIVARIPALLI_p8_i5.jpg,CHITTOOR_IWMP-20_ERRATHIVARIPALLI.pdf,8,Chittoor,AP,water_conservation_structures,,,618,464,346.0,46.4,72.1,True,True,,True,,,13.546097,78.870994,project_level,farm_pond
CHITTOOR_IWMP-20_ERRATHIVARIPALLI_p10_i0.jpg,CHITTOOR_IWMP-20_ERRATHIVARIPALLI.pdf,10,Chittoor,AP,water_conservation_structures,,,618,348,313.0,46.0,70.4,True,True,,True,,,13.546097,78.870994,project_level,percolation_tank
CHITTOOR_IWMP-21_THETTU_p9_i0.jpg,CHITTOOR_IWMP-21_THETTU.pdf,9,Chittoor,AP,water_conservation_structures,,,618,348,369.0,59.7,48.3,True,True,,True,,,13.323667,78.479316,project_level,check_dam
CHITTOOR_IWMP-21_THETTU_p9_i9.jpg,CHITTOOR_IWMP-21_THETTU.pdf,9,Chittoor,AP,water_conservation_structures,,,618,504,612.0,70.2,23.7,True,True,,True,,,13.323667,78.479316,project_level,check_dam
CHITTOOR_IWMP-23_JAKKIDONA_p8_i5.jpg,CHITTOOR_IWMP-23_JAKKIDONA.pdf,8,Chittoor,AP,water_conservation_structures,,,618,504,355.0,62.6,62.0,True,True,,True,,,13.454834,79.34196,project_level,check_dam
CHITTOOR_IWMP-23_JAKKIDONA_p9_i9.jpg,CHITTOOR_IWMP-23_JAKKIDONA.pdf,9,Chittoor,AP,water_conservation_structures,,,618,464,387.0,39.3,52.3,True,True,,True,,,13.454834,79.34196,project_level,check_dam
CHITTOOR_IWMP-24_GUTTAPALEM_p8_i5.jpg,CHITTOOR_IWMP-24_GUTTAPALEM.pdf,8,Chittoor,AP,water_conservation_structures,,,618,504,288.0,51.1,67.4,True,True,,True,,,13.585837,78.788083,project_level,check_dam
CHITTOOR_IWMP-24_GUTTAPALEM_p8_i13.jpg,CHITTOOR_IWMP-24_GUTTAPALEM.pdf,8,Chittoor,AP,water_conservation_structures,,,618,504,218.0,45.1,63.6,True,True,,True,,,13.585837,78.788083,project_level,check_dam
CHITTOOR_IWMP-25_PEDDAMALLELA_p8_i13.jpg,CHITTOOR_IWMP-25_PEDDAMALLELA.pdf,8,Chittoor,AP,water_conservation_structures,,,618,348,479.0,63.3,47.1,True,True,,True,,,13.664051,79.041031,project_level,farm_pond
CHITTOOR_IWMP-26_KALAKADA_p8_i3.jpg,CHITTOOR_IWMP-26_KALAKADA.pdf,8,Chittoor,AP,water_conservation_structures,,,618,464,476.0,65.0,45.0,True,True,,True,,,13.827863,78.764687,project_level,check_dam
CHITTOOR_IWMP-29_VEPULABAILU_p9_i0.jpg,CHITTOOR_IWMP-29_VEPULABAILU.pdf,9,Chittoor,AP,water_conservation_structures,,,618,504,399.0,66.7,31.5,True,True,,True,,,13.700224,78.899653,project_level,check_dam
CHITTOOR_IWMP-29_VEPULABAILU_p9_i9.jpg,CHITTOOR_IWMP-29_VEPULABAILU.pdf,9,Chittoor,AP,water_conservation_structures,,,618,504,389.0,68.7,60.0,True,True,,True,,,13.700224,78.899653,project_level,check_dam
CHITTOOR_IWMP-30_TALUPULA_p9_i0.jpg,CHITTOOR_IWMP-30_TALUPULA.pdf,9,Chittoor,AP,vegetation_changes,,,618,504,617.0,57.9,39.8,True,True,,True,,,13.729097,78.996521,project_level,check_dam
CHITTOOR_IWMP-32_MUDRAMODDI_p8_i13.jpg,CHITTOOR_IWMP-32_MUDRAMODDI.pdf,8,Chittoor,AP,water_conservation_structures,,,618,348,299.0,56.6,62.3,True,True,,True,,,12.969602,78.539153,project_level,farm_pond
CHITTOOR_IWMP-33_GUDIPALLE_p9_i9.jpg,CHITTOOR_IWMP-33_GUDIPALLE.pdf,9,Chittoor,AP,water_conservation_structures,,,618,504,482.0,65.5,50.2,True,True,,True,,,12.821705,78.262735,project_level,check_dam
CHITTOOR_IWMP-40_GALIVARIPALLE_p8_i3.jpg,CHITTOOR_IWMP-40_GALIVARIPALLE.pdf,8,Chittoor,AP,water_conservation_structures,,,618,504,295.0,52.9,50.0,True,True,,True,,,13.800321,78.835288,project_level,check_dam
CHITTOOR_IWMP-45_MUNELLAPALLI_p8_i13.jpg,CHITTOOR_IWMP-45_MUNELLAPALLI.pdf,8,Chittoor,AP,water_conservation_structures,,,618,504,376.0,51.0,55.2,True,True,,True,,,13.717725,78.828101,project_level,check_dam
CHITTOOR_IWMP-46_THATIGUNTAPALLI_p8_i13.jpg,CHITTOOR_IWMP-46_THATIGUNTAPALLI.pdf,8,Chittoor,AP,water_conservation_structures,,,618,504,379.0,49.9,49.0,True,True,,True,,,13.617649,78.749447,project_level,check_dam
CHITTOOR_IWMP-47_CHINNAGOTTIGALLU_p8_i5.jpg,CHITTOOR_IWMP-47_CHINNAGOTTIGALLU.pdf,8,Chittoor,AP,water_conservation_structures,,,618,504,513.0,51.2,53.7,True,True,,True,,,13.643458,79.072839,project_level,check_dam
CHITTOOR_IWMP-48_THEERTHAM_p9_i5.jpg,CHITTOOR_IWMP-48_THEERTHAM.pdf,9,Chittoor,AP,water_conservation_structures,,,618,504,436.0,58.4,56.6,True,True,,True,,,13.107908,78.58335,project_level,check_dam
CHITTOOR_IWMP-48_THEERTHAM_p9_i13.jpg,CHITTOOR_IWMP-48_THEERTHAM.pdf,9,Chittoor,AP,water_conservation_structures,,,618,504,305.0,47.2,47.7,True,True,,True,,,13.107908,78.58335,project_level,check_dam
CHITTOOR_IWMP-48_THEERTHAM_p10_i0.jpg,CHITTOOR_IWMP-48_THEERTHAM.pdf,10,Chittoor,AP,water_conservation_structures,,,618,504,501.0,60.6,39.3,True,True,,True,,,13.107908,78.58335,project_level,check_dam
CHITTOOR_IWMP-48_THEERTHAM_p10_i9.jpg,CHITTOOR_IWMP-48_THEERTHAM.pdf,10,Chittoor,AP,water_conservation_structures,,,618,504,442.0,66.4,35.1,True,True,,True,,,13.107908,78.58335,project_level,check_dam
CHITTOOR_IWMP-49_POLAKALA_p9_i13.jpg,CHITTOOR_IWMP-49_POLAKALA.pdf,9,Chittoor,AP,water_conservation_structures,,,618,504,318.0,44.8,73.4,True,True,,True,,,13.480275,79.00046,project_level,check_dam
CHITTOOR_IWMP-50_KRISHNADASANAPALLE_p7_i18.jpg,CHITTOOR_IWMP-50_KRISHNADASANAPALLE.pdf,7,Chittoor,AP,water_conservation_structures,,,777,442,185.0,38.7,89.3,True,True,,True,,,12.736449,78.335411,project_level,farm_pond
CHITTOOR_IWMP-51_PAMUGANIPALLE_p9_i5.jpg,CHITTOOR_IWMP-51_PAMUGANIPALLE.pdf,9,Chittoor,AP,water_conservation_structures,,,618,464,262.0,60.7,62.9,True,True,,True,,,12.943554,78.487599,project_level,check_dam
CHITTOOR_IWMP-51_PAMUGANIPALLE_p9_i13.jpg,CHITTOOR_IWMP-51_PAMUGANIPALLE.pdf,9,Chittoor,AP,water_conservation_structures,,,618,464,317.0,54.1,49.0,True,True,,True,,,12.943554,78.487599,project_level,check_dam
CHITTOOR_IWMP-51_PAMUGANIPALLE_p10_i0.jpg,CHITTOOR_IWMP-51_PAMUGANIPALLE.pdf,10,Chittoor,AP,water_conservation_structures,,,618,352,436.0,49.6,67.4,True,True,,True,,,12.943554,78.487599,project_level,check_dam
CHITTOOR_IWMP-53_VOOTUPALLE_p9_i13.jpg,CHITTOOR_IWMP-53_VOOTUPALLE.pdf,9,Chittoor,AP,water_conservation_structures,,,618,504,390.0,56.9,46.4,True,True,,True,,,13.658115,78.853676,project_level,check_dam
CHITTOOR_IWMP-53_VOOTUPALLE_p10_i0.jpg,CHITTOOR_IWMP-53_VOOTUPALLE.pdf,10,Chittoor,AP,water_conservation_structures,,,618,504,270.0,40.1,62.5,True,True,,True,,,13.658115,78.853676,project_level,check_dam
CHITTOOR_IWMP-55_YERRAVARIPALEM_p10_i0.jpg,CHITTOOR_IWMP-55_YERRAVARIPALEM.pdf,10,Chittoor,AP,water_conservation_structures,,,618,504,379.0,63.1,48.2,True,True,,True,,,13.7031,79.118631,project_level,check_dam
CHITTOOR_IWMP-56_CHINTHAPENTA_p9_i5.jpg,CHITTOOR_IWMP-56_CHINTHAPENTA.pdf,9,Chittoor,AP,water_conservation_structures,,,618,504,246.0,41.3,70.6,True,True,,True,,,13.351391,79.164572,project_level,farm_pond
CHITTOOR_IWMP-56_CHINTHAPENTA_p10_i0.jpg,CHITTOOR_IWMP-56_CHINTHAPENTA.pdf,10,Chittoor,AP,water_conservation_structures,,,618,371,324.0,46.9,71.6,True,True,,True,,,13.351391,79.164572,project_level,farm_pond
CHITTOOR_IWMP-58_AYYAVANDLAPALLE_p9_i5.jpg,CHITTOOR_IWMP-58_AYYAVANDLAPALLE.pdf,9,Chittoor,AP,water_conservation_structures,,,618,504,393.0,61.5,54.0,True,True,,True,,,13.620228,79.001289,project_level,check_dam
CHITTOOR_IWMP-58_AYYAVANDLAPALLE_p9_i13.jpg,CHITTOOR_IWMP-58_AYYAVANDLAPALLE.pdf,9,Chittoor,AP,water_conservation_structures,,,618,504,356.0,41.3,57.7,True,True,,True,,,13.620228,79.001289,project_level,check_dam
CHITTOOR_IWMP-58_AYYAVANDLAPALLE_p10_i0.jpg,CHITTOOR_IWMP-58_AYYAVANDLAPALLE.pdf,10,Chittoor,AP,water_conservation_structures,,,618,504,308.0,55.3,58.2,True,True,,True,,,13.620228,79.001289,project_level,check_dam
CHITTOOR_IWMP-58_AYYAVANDLAPALLE_p10_i9.jpg,CHITTOOR_IWMP-58_AYYAVANDLAPALLE.pdf,10,Chittoor,AP,water_conservation_structures,,,618,504,319.0,50.2,66.0,True,True,,True,,,13.620228,79.001289,project_level,check_dam
CHITTOOR_IWMP_01_MUDDANAPALLE_p10_i5.jpg,CHITTOOR_IWMP_01_MUDDANAPALLE.pdf,10,Chittoor,AP,water_conservation_structures,,,618,504,376.0,52.7,48.6,True,True,,True,,,,,no_coordinate_available,check_dam
CHITTOOR_IWMP_02_T.PASALAVANDLA-PALLE_p7_i11.jpg,CHITTOOR_IWMP_02_T.PASALAVANDLA-PALLE.pdf,7,Chittoor,AP,water_conservation_structures,,,618,504,436.0,48.7,73.1,True,True,,True,,,,,no_coordinate_available,check_dam
CHITTOOR_IWMP_02_T.PASALAVANDLA-PALLE_p8_i0.jpg,CHITTOOR_IWMP_02_T.PASALAVANDLA-PALLE.pdf,8,Chittoor,AP,water_conservation_structures,,,618,504,324.0,43.6,81.7,True,True,,True,,,,,no_coordinate_available,check_dam
CHITTOOR_IWMP_02_T.PASALAVANDLA-PALLE_p8_i9.jpg,CHITTOOR_IWMP_02_T.PASALAVANDLA-PALLE.pdf,8,Chittoor,AP,water_conservation_structures,,,618,504,486.0,57.3,38.1,True,True,,True,,,,,no_coordinate_available,check_dam
CHITTOOR_IWMP_02_T.PASALAVANDLA-PALLE_p9_i0.jpg,CHITTOOR_IWMP_02_T.PASALAVANDLA-PALLE.pdf,9,Chittoor,AP,water_conservation_structures,,,618,504,382.0,57.8,65.9,True,True,,True,,,,,no_coordinate_available,check_dam
CHITTOOR_IWMP_02_T.PASALAVANDLA-PALLE_p9_i9.jpg,CHITTOOR_IWMP_02_T.PASALAVANDLA-PALLE.pdf,9,Chittoor,AP,water_conservation_structures,,,618,504,305.0,39.9,84.8,True,True,,True,,,,,no_coordinate_available,check_dam
CHITTOOR_IWMP_05_G.C.PALLE__p10_i5.jpg,CHITTOOR_IWMP_05_G.C.PALLE_.pdf,10,Chittoor,AP,water_conservation_structures,,,618,504,520.0,65.9,31.9,True,True,,True,,,,,no_coordinate_available,check_dam
CHITTOOR_IWMP_06_YELLAMANDA_p11_i13.jpg,CHITTOOR_IWMP_06_YELLAMANDA.pdf,11,Chittoor,AP,water_conservation_structures,,,618,504,494.0,70.2,40.4,True,True,,True,,,,,no_coordinate_available,check_dam
CHITTOOR_IWMP_06_YELLAMANDA_p12_i9.jpg,CHITTOOR_IWMP_06_YELLAMANDA.pdf,12,Chittoor,AP,water_conservation_structures,,,618,464,419.0,50.8,44.6,True,True,,True,,,,,no_coordinate_available,check_dam
CHITTOOR_IWMP_06_YELLAMANDA_p13_i0.jpg,CHITTOOR_IWMP_06_YELLAMANDA.pdf,13,Chittoor,AP,water_conservation_structures,,,618,504,531.0,49.8,62.8,True,True,,True,,,,,no_coordinate_available,farm_pond
CHITTOOR_IWMP_07_MC-PALLE_p11_i13.jpg,CHITTOOR_IWMP_07_MC-PALLE.pdf,11,Chittoor,AP,water_conservation_structures,,,618,504,343.0,46.9,66.3,True,True,,True,,,,,no_coordinate_available,farm_pond
CHITTOOR_IWMP_08_VEMPALLE_p11_i5.jpg,CHITTOOR_IWMP_08_VEMPALLE.pdf,11,Chittoor,AP,water_conservation_structures,,,618,504,563.0,50.1,52.1,True,True,,True,,,,,no_coordinate_available,check_dam
CHITTOOR_IWMP_08_VEMPALLE_p11_i13.jpg,CHITTOOR_IWMP_08_VEMPALLE.pdf,11,Chittoor,AP,water_conservation_structures,,,618,504,271.0,67.7,37.2,True,True,,True,,,,,no_coordinate_available,check_dam
CHITTOOR_IWMP_08_VEMPALLE_p12_i11.jpg,CHITTOOR_IWMP_08_VEMPALLE.pdf,12,Chittoor,AP,vegetation_changes,,,618,504,350.0,45.7,57.7,True,True,,True,,,,,no_coordinate_available,check_dam
CHITTOOR_IWMP_08_VEMPALLE_p13_i0.jpg,CHITTOOR_IWMP_08_VEMPALLE.pdf,13,Chittoor,AP,water_conservation_structures,,,618,504,252.0,33.2,53.3,True,True,,True,,,,,no_coordinate_available,check_dam
CHITTOOR_IWMP_08_VEMPALLE_p13_i9.jpg,CHITTOOR_IWMP_08_VEMPALLE.pdf,13,Chittoor,AP,water_conservation_structures,,,618,504,340.0,53.8,64.7,True,True,,True,,,,,no_coordinate_available,check_dam
CHITTOOR_IWMP_08_VEMPALLE_p14_i3.jpg,CHITTOOR_IWMP_08_VEMPALLE.pdf,14,Chittoor,AP,water_conservation_structures,,,618,504,376.0,61.8,70.6,True,True,,True,,,,,no_coordinate_available,check_dam
CHITTOOR_IWMP_08_VEMPALLE_p14_i11.jpg,CHITTOOR_IWMP_08_VEMPALLE.pdf,14,Chittoor,AP,water_conservation_structures,,,618,504,390.0,56.7,58.2,True,True,,True,,,,,no_coordinate_available,check_dam
CHITTOOR_IWMP_09_NAGIRIPALLE_p10_i5.jpg,CHITTOOR_IWMP_09_NAGIRIPALLE.pdf,10,Chittoor,AP,water_conservation_structures,,,618,504,388.0,58.1,41.5,True,True,,True,,,,,no_coordinate_available,farm_pond
CHITTOOR_IWMP_09_NAGIRIPALLE_p10_i13.jpg,CHITTOOR_IWMP_09_NAGIRIPALLE.pdf,10,Chittoor,AP,water_conservation_structures,,,618,504,216.0,57.1,33.3,True,True,,True,,,,,no_coordinate_available,farm_pond
EAST-GODAVARI_IWMP-10_D.BHEEMAVARAM_p8_i6.jpg,EAST-GODAVARI_IWMP-10_D.BHEEMAVARAM.pdf,8,East Godavari,AP,vegetation_changes,,,615,502,637.0,47.5,83.5,True,True,,True,,,17.517498,82.078166,project_level,percolation_tank
EAST-GODAVARI_IWMP-10_D.BHEEMAVARAM_p8_i13.jpg,EAST-GODAVARI_IWMP-10_D.BHEEMAVARAM.pdf,8,East Godavari,AP,vegetation_changes,,,615,502,514.0,45.5,63.2,True,True,,True,,,17.517498,82.078166,project_level,percolation_tank
EAST-GODAVARI_IWMP-10_D.BHEEMAVARAM_p9_i6.jpg,EAST-GODAVARI_IWMP-10_D.BHEEMAVARAM.pdf,9,East Godavari,AP,water_conservation_structures,,,615,502,559.0,50.2,57.9,True,True,,True,,,17.517498,82.078166,project_level,percolation_tank
EAST-GODAVARI_IWMP-10_D.BHEEMAVARAM_p9_i13.jpg,EAST-GODAVARI_IWMP-10_D.BHEEMAVARAM.pdf,9,East Godavari,AP,water_conservation_structures,,,615,502,470.0,59.2,39.6,True,True,,True,,,17.517498,82.078166,project_level,percolation_tank
EAST-GODAVARI_IWMP-11_VEDULLAPALLI_p9_i6.jpg,EAST-GODAVARI_IWMP-11_VEDULLAPALLI.pdf,9,East Godavari,AP,water_conservation_structures,,,615,502,499.0,62.4,38.1,True,True,,True,,,17.590674,81.883403,project_level,farm_pond
EAST-GODAVARI_IWMP-11_VEDULLAPALLI_p10_i13.jpg,EAST-GODAVARI_IWMP-11_VEDULLAPALLI.pdf,10,East Godavari,AP,water_conservation_structures,,,615,502,623.0,55.1,28.7,True,True,,True,,,17.590674,81.883403,project_level,farm_pond
EAST-GODAVARI_IWMP-12_BANDAPALLI_p9_i6.jpg,EAST-GODAVARI_IWMP-12_BANDAPALLI.pdf,9,East Godavari,AP,water_conservation_structures,,,615,502,672.0,58.3,36.5,True,True,,True,,,17.445249,81.822064,project_level,farm_pond
EAST-GODAVARI_IWMP-12_BANDAPALLI_p9_i13.jpg,EAST-GODAVARI_IWMP-12_BANDAPALLI.pdf,9,East Godavari,AP,water_conservation_structures,,,615,502,674.0,46.8,51.3,True,True,,True,,,17.445249,81.822064,project_level,farm_pond
EAST-GODAVARI_IWMP-13_PAMUGANDI_p8_i6.jpg,EAST-GODAVARI_IWMP-13_PAMUGANDI.pdf,8,East Godavari,AP,water_conservation_structures,,,615,502,498.0,52.3,52.8,True,True,,True,,,17.421004,81.722226,project_level,percolation_tank
EAST-GODAVARI_IWMP-13_PAMUGANDI_p8_i13.jpg,EAST-GODAVARI_IWMP-13_PAMUGANDI.pdf,8,East Godavari,AP,water_conservation_structures,,,615,502,597.0,54.5,40.1,True,True,,True,,,17.421004,81.722226,project_level,percolation_tank
EAST-GODAVARI_IWMP-14_VADAPALLI_p9_i6.jpg,EAST-GODAVARI_IWMP-14_VADAPALLI.pdf,9,East Godavari,AP,water_conservation_structures,,,615,502,433.0,50.2,56.6,True,True,,True,,,17.50801,81.873106,project_level,farm_pond
EAST-GODAVARI_IWMP-14_VADAPALLI_p9_i13.jpg,EAST-GODAVARI_IWMP-14_VADAPALLI.pdf,9,East Godavari,AP,water_conservation_structures,,,615,502,318.0,38.5,82.7,True,True,,True,,,17.50801,81.873106,project_level,farm_pond
EAST-GODAVARI_IWMP-14_VADAPALLI_p10_i13.jpg,EAST-GODAVARI_IWMP-14_VADAPALLI.pdf,10,East Godavari,AP,water_conservation_structures,,,615,502,732.0,58.4,56.9,True,True,,True,,,17.50801,81.873106,project_level,farm_pond
EAST-GODAVARI_IWMP-1_YERLAGADDA_p9_i6.jpg,EAST-GODAVARI_IWMP-1_YERLAGADDA.pdf,9,East Godavari,AP,water_conservation_structures,,,615,502,293.0,64.4,43.8,True,True,,True,,,17.681294,81.956196,project_level,percolation_tank
EAST-GODAVARI_IWMP-1_YERLAGADDA_p10_i6.jpg,EAST-GODAVARI_IWMP-1_YERLAGADDA.pdf,10,East Godavari,AP,unspecified,,,615,502,415.0,49.0,43.3,True,True,,True,,,17.681294,81.956196,project_level,percolation_tank
EAST-GODAVARI_IWMP-1_YERLAGADDA_p10_i13.jpg,EAST-GODAVARI_IWMP-1_YERLAGADDA.pdf,10,East Godavari,AP,unspecified,,,615,502,320.0,44.0,64.0,True,True,,True,,,17.681294,81.956196,project_level,percolation_tank
EAST-GODAVARI_IWMP-2_DUCHERTHI_p8_i6.jpg,EAST-GODAVARI_IWMP-2_DUCHERTHI.pdf,8,East Godavari,AP,water_conservation_structures,,,615,502,890.0,65.1,44.0,True,True,,True,,,17.560319,82.041295,project_level,farm_pond
EAST-GODAVARI_IWMP-2_DUCHERTHI_p8_i13.jpg,EAST-GODAVARI_IWMP-2_DUCHERTHI.pdf,8,East Godavari,AP,water_conservation_structures,,,615,502,308.0,40.6,44.7,True,True,,True,,,17.560319,82.041295,project_level,farm_pond
EAST-GODAVARI_IWMP-2_DUCHERTHI_p9_i13.jpg,EAST-GODAVARI_IWMP-2_DUCHERTHI.pdf,9,East Godavari,AP,water_conservation_structures,,,615,502,483.0,54.1,56.6,True,True,,True,,,17.560319,82.041295,project_level,farm_pond
EAST-GODAVARI_IWMP-3_PATHAKOTA_p8_i6.jpg,EAST-GODAVARI_IWMP-3_PATHAKOTA.pdf,8,East Godavari,AP,water_conservation_structures,,,615,502,647.0,65.2,74.9,True,True,,True,,,17.825566,81.931627,project_level,farm_pond
EAST-GODAVARI_IWMP-3_PATHAKOTA_p8_i13.jpg,EAST-GODAVARI_IWMP-3_PATHAKOTA.pdf,8,East Godavari,AP,water_conservation_structures,,,615,502,855.0,46.8,54.5,True,True,,True,,,17.825566,81.931627,project_level,farm_pond
EAST-GODAVARI_IWMP-4_TADEPALLI_p8_i6.jpg,EAST-GODAVARI_IWMP-4_TADEPALLI.pdf,8,East Godavari,AP,water_conservation_structures,,,615,502,518.0,62.3,42.0,True,True,,True,,,17.532761,81.807937,project_level,farm_pond
EAST-GODAVARI_IWMP-4_TADEPALLI_p8_i13.jpg,EAST-GODAVARI_IWMP-4_TADEPALLI.pdf,8,East Godavari,AP,water_conservation_structures,,,615,502,377.0,35.5,53.9,True,True,,True,,,17.532761,81.807937,project_level,farm_pond
EAST-GODAVARI_IWMP-4_TADEPALLI_p9_i6.jpg,EAST-GODAVARI_IWMP-4_TADEPALLI.pdf,9,East Godavari,AP,water_conservation_structures,,,615,502,404.0,47.1,33.4,True,True,,True,,,17.532761,81.807937,project_level,farm_pond
EAST-GODAVARI_IWMP-5_CHINTALAPUDI_p9_i6.jpg,EAST-GODAVARI_IWMP-5_CHINTALAPUDI.pdf,9,East Godavari,AP,vegetation_changes,,,615,502,641.0,55.7,56.8,True,True,,True,,,17.631455,81.786554,project_level,plantation
EAST-GODAVARI_IWMP-5_CHINTALAPUDI_p9_i13.jpg,EAST-GODAVARI_IWMP-5_CHINTALAPUDI.pdf,9,East Godavari,AP,vegetation_changes,,,615,502,873.0,60.9,34.1,True,True,,True,,,17.631455,81.786554,project_level,plantation
EAST-GODAVARI_IWMP-5_CHINTALAPUDI_p10_i6.jpg,EAST-GODAVARI_IWMP-5_CHINTALAPUDI.pdf,10,East Godavari,AP,unspecified,,,615,502,860.0,45.5,37.3,True,True,,True,,,17.631455,81.786554,project_level,plantation
EAST-GODAVARI_IWMP-5_CHINTALAPUDI_p10_i13.jpg,EAST-GODAVARI_IWMP-5_CHINTALAPUDI.pdf,10,East Godavari,AP,unspecified,,,615,502,617.0,62.1,40.8,True,True,,True,,,17.631455,81.786554,project_level,plantation
EAST-GODAVARI_IWMP-6_AKURU_p8_i6.jpg,EAST-GODAVARI_IWMP-6_AKURU.pdf,8,East Godavari,AP,water_conservation_structures,,,615,502,668.0,58.7,65.9,True,True,,True,,,17.474607,81.613899,project_level,check_dam
EAST-GODAVARI_IWMP-6_AKURU_p9_i6.jpg,EAST-GODAVARI_IWMP-6_AKURU.pdf,9,East Godavari,AP,vegetation_changes,,,615,502,581.0,60.2,47.7,True,True,,True,,,17.474607,81.613899,project_level,check_dam
EAST-GODAVARI_IWMP-6_AKURU_p9_i13.jpg,EAST-GODAVARI_IWMP-6_AKURU.pdf,9,East Godavari,AP,vegetation_changes,,,615,502,577.0,71.3,44.2,True,True,,True,,,17.474607,81.613899,project_level,check_dam
EAST-GODAVARI_IWMP-9_CHOPPAKONDA_p9_i13.jpg,EAST-GODAVARI_IWMP-9_CHOPPAKONDA.pdf,9,East Godavari,AP,water_conservation_structures,,,615,502,567.0,42.5,43.3,True,True,,True,,,17.375411,81.679593,project_level,farm_pond
EAST-GODAVARI_IWMP-9_CHOPPAKONDA_p10_i13.jpg,EAST-GODAVARI_IWMP-9_CHOPPAKONDA.pdf,10,East Godavari,AP,water_conservation_structures,,,615,502,404.0,58.3,57.0,True,True,,True,,,17.375411,81.679593,project_level,farm_pond
KURNOOL_IWMP-01_KOTA-KANDUKUR_p11_i0.jpg,KURNOOL_IWMP-01_KOTA-KANDUKUR.pdf,11,Kurnool,AP,water_conservation_structures,,,618,504,481.0,52.7,60.9,True,True,,True,,,,,no_coordinate_available,check_dam
KURNOOL_IWMP-01_KOTA-KANDUKUR_p12_i10.jpg,KURNOOL_IWMP-01_KOTA-KANDUKUR.pdf,12,Kurnool,AP,water_conservation_structures,,,618,504,241.0,36.3,56.0,True,True,,True,,,,,no_coordinate_available,check_dam
KURNOOL_IWMP-02_INDIRESWARAM_p9_i0.jpg,KURNOOL_IWMP-02_INDIRESWARAM.pdf,9,Kurnool,AP,water_conservation_structures,,,618,504,627.0,52.2,80.4,True,True,,True,,,,,no_coordinate_available,check_dam
KURNOOL_IWMP-03_GUTUPALLI_p10_i5.jpg,KURNOOL_IWMP-03_GUTUPALLI.pdf,10,Kurnool,AP,water_conservation_structures,,,618,504,531.0,61.7,55.9,True,True,,True,,,,,no_coordinate_available,farm_pond
KURNOOL_IWMP-03_GUTUPALLI_p10_i13.jpg,KURNOOL_IWMP-03_GUTUPALLI.pdf,10,Kurnool,AP,water_conservation_structures,,,618,504,609.0,50.0,64.1,True,True,,True,,,,,no_coordinate_available,farm_pond
KURNOOL_IWMP-03_GUTUPALLI_p11_i9.jpg,KURNOOL_IWMP-03_GUTUPALLI.pdf,11,Kurnool,AP,unspecified,,,618,504,465.0,55.7,54.0,True,True,,True,,,,,no_coordinate_available,farm_pond
KURNOOL_IWMP-04_BILEHAL_p10_i9.jpg,KURNOOL_IWMP-04_BILEHAL.pdf,10,Kurnool,AP,water_conservation_structures,,,618,504,468.0,45.5,63.7,True,True,,True,,,,,no_coordinate_available,check_dam
KURNOOL_IWMP-04_BILEHAL_p11_i0.jpg,KURNOOL_IWMP-04_BILEHAL.pdf,11,Kurnool,AP,water_conservation_structures,,,618,504,315.0,51.7,52.1,True,True,,True,,,,,no_coordinate_available,check_dam
KURNOOL_IWMP-05_TANGADANCHA_p9_i3.jpg,KURNOOL_IWMP-05_TANGADANCHA.pdf,9,Kurnool,AP,water_conservation_structures,,,618,504,574.0,54.0,54.7,True,True,,True,,,,,no_coordinate_available,check_dam
KURNOOL_IWMP-06-BELAGALLU_p10_i13.jpg,KURNOOL_IWMP-06-BELAGALLU.pdf,10,Kurnool,AP,water_conservation_structures,,,618,504,340.0,72.7,41.4,True,True,,True,,,,,no_coordinate_available,farm_pond
KURNOOL_IWMP-07_SOMAYAJULAPALLI_p10_i13.jpg,KURNOOL_IWMP-07_SOMAYAJULAPALLI.pdf,10,Kurnool,AP,water_conservation_structures,,,618,504,332.0,46.0,61.6,True,True,,True,,,,,no_coordinate_available,check_dam
KURNOOL_IWMP-07_SOMAYAJULAPALLI_p11_i0.jpg,KURNOOL_IWMP-07_SOMAYAJULAPALLI.pdf,11,Kurnool,AP,unspecified,,,618,504,393.0,51.3,54.5,True,True,,True,,,,,no_coordinate_available,check_dam
KURNOOL_IWMP-07_SOMAYAJULAPALLI_p11_i9.jpg,KURNOOL_IWMP-07_SOMAYAJULAPALLI.pdf,11,Kurnool,AP,unspecified,,,618,504,300.0,46.1,56.3,True,True,,True,,,,,no_coordinate_available,check_dam
KURNOOL_IWMP-08_SANGAPATNAM_p9_i5.jpg,KURNOOL_IWMP-08_SANGAPATNAM.pdf,9,Kurnool,AP,water_conservation_structures,,,618,504,301.0,69.1,40.6,True,True,,True,,,,,no_coordinate_available,farm_pond
KURNOOL_IWMP-08_SANGAPATNAM_p10_i0.jpg,KURNOOL_IWMP-08_SANGAPATNAM.pdf,10,Kurnool,AP,water_conservation_structures,,,618,504,805.0,50.5,36.1,True,True,,True,,,,,no_coordinate_available,farm_pond
KURNOOL_IWMP-08_SANGAPATNAM_p10_i9.jpg,KURNOOL_IWMP-08_SANGAPATNAM.pdf,10,Kurnool,AP,water_conservation_structures,,,618,504,466.0,48.2,54.1,True,True,,True,,,,,no_coordinate_available,farm_pond
KURNOOL_IWMP-09_GIDDALUR_p11_i0.jpg,KURNOOL_IWMP-09_GIDDALUR.pdf,11,Kurnool,AP,water_conservation_structures,,,618,504,298.0,40.9,90.3,True,True,,True,,,,,no_coordinate_available,check_dam
KURNOOL_IWMP-09_GIDDALUR_p11_i8.jpg,KURNOOL_IWMP-09_GIDDALUR.pdf,11,Kurnool,AP,water_conservation_structures,,,618,348,363.0,64.8,72.1,True,True,,True,,,,,no_coordinate_available,check_dam
KURNOOL_IWMP-10_CHENNAMPALLI_p7_i5.jpg,KURNOOL_IWMP-10_CHENNAMPALLI.pdf,7,Kurnool,AP,water_conservation_structures,,,618,504,244.0,33.6,84.9,True,True,,True,,,,,no_coordinate_available,check_dam
KURNOOL_IWMP-10_CHENNAMPALLI_p8_i0.jpg,KURNOOL_IWMP-10_CHENNAMPALLI.pdf,8,Kurnool,AP,water_conservation_structures,,,618,504,387.0,59.5,37.6,True,True,,True,,,,,no_coordinate_available,check_dam
KURNOOL_IWMP-13_KOTEKAL_p11_i9.jpg,KURNOOL_IWMP-13_KOTEKAL.pdf,11,Kurnool,AP,water_conservation_structures,,,618,504,315.0,46.3,45.4,True,True,,True,,,,,no_coordinate_available,farm_pond
KURNOOL_IWMP-15_GUDIPADU_p7_i0.jpg,KURNOOL_IWMP-15_GUDIPADU.pdf,7,Kurnool,AP,water_conservation_structures,,,584,422,351.0,53.1,63.3,True,True,,True,,,15.206681,77.791891,project_level,check_dam
KURNOOL_IWMP-15_GUDIPADU_p8_i3.jpg,KURNOOL_IWMP-15_GUDIPADU.pdf,8,Kurnool,AP,water_conservation_structures,,,618,504,307.0,53.4,58.7,True,True,,True,,,15.206681,77.791891,project_level,check_dam
KURNOOL_IWMP-15_GUDIPADU_p8_i11.jpg,KURNOOL_IWMP-15_GUDIPADU.pdf,8,Kurnool,AP,water_conservation_structures,,,618,504,284.0,42.7,59.8,True,True,,True,,,15.206681,77.791891,project_level,check_dam
KURNOOL_IWMP-15_GUDIPADU_p9_i0.jpg,KURNOOL_IWMP-15_GUDIPADU.pdf,9,Kurnool,AP,unspecified,,,618,504,268.0,54.6,32.3,True,True,,True,,,15.206681,77.791891,project_level,check_dam
KURNOOL_IWMP-15_GUDIPADU_p9_i9.jpg,KURNOOL_IWMP-15_GUDIPADU.pdf,9,Kurnool,AP,unspecified,,,618,504,357.0,64.1,27.1,True,True,,True,,,15.206681,77.791891,project_level,check_dam
KURNOOL_IWMP-16_LAXMIPURAM_p8_i9.jpg,KURNOOL_IWMP-16_LAXMIPURAM.pdf,8,Kurnool,AP,water_conservation_structures,,,618,504,333.0,55.2,74.7,True,True,,True,,,,,no_coordinate_available,check_dam
KURNOOL_IWMP-17_SUNKESULA_p7_i3.jpg,KURNOOL_IWMP-17_SUNKESULA.pdf,7,Kurnool,AP,water_conservation_structures,,,618,504,285.0,45.3,52.2,True,True,,True,,,14.521239,77.534971,project_level,farm_pond
KURNOOL_IWMP-17_SUNKESULA_p7_i11.jpg,KURNOOL_IWMP-17_SUNKESULA.pdf,7,Kurnool,AP,water_conservation_structures,,,623,504,262.0,47.1,77.3,True,True,,True,,,14.521239,77.534971,project_level,farm_pond
KURNOOL_IWMP-17_SUNKESULA_p8_i0.jpg,KURNOOL_IWMP-17_SUNKESULA.pdf,8,Kurnool,AP,water_conservation_structures,,,618,504,268.0,37.0,80.3,True,True,,True,,,14.521239,77.534971,project_level,farm_pond
KURNOOL_IWMP-17_SUNKESULA_p8_i9.jpg,KURNOOL_IWMP-17_SUNKESULA.pdf,8,Kurnool,AP,water_conservation_structures,,,618,504,314.0,42.9,76.3,True,True,,True,,,14.521239,77.534971,project_level,farm_pond
KURNOOL_IWMP-19_MITNALA_p7_i3.jpg,KURNOOL_IWMP-19_MITNALA.pdf,7,Kurnool,AP,water_conservation_structures,,,618,504,327.0,61.3,52.8,True,True,,True,,,15.444404,78.415589,project_level,check_dam
KURNOOL_IWMP-19_MITNALA_p8_i0.jpg,KURNOOL_IWMP-19_MITNALA.pdf,8,Kurnool,AP,unspecified,,,618,504,349.0,46.1,65.6,True,True,,True,,,15.444404,78.415589,project_level,check_dam
KURNOOL_IWMP-20_MANDAGERI_p7_i3.jpg,KURNOOL_IWMP-20_MANDAGERI.pdf,7,Kurnool,AP,water_conservation_structures,,,618,504,225.0,34.9,91.0,True,True,,True,,,15.631386,77.321656,project_level,farm_pond
KURNOOL_IWMP-20_MANDAGERI_p7_i11.jpg,KURNOOL_IWMP-20_MANDAGERI.pdf,7,Kurnool,AP,water_conservation_structures,,,618,504,255.0,36.2,78.3,True,True,,True,,,15.631386,77.321656,project_level,farm_pond
KURNOOL_IWMP-21_TELLAPURI_p7_i3.jpg,KURNOOL_IWMP-21_TELLAPURI.pdf,7,Kurnool,AP,water_conservation_structures,,,618,464,313.0,37.6,35.4,True,True,,True,,,15.35193,78.406969,project_level,check_dam
KURNOOL_IWMP-24_SARPARAJAPURAM_p7_i3.jpg,KURNOOL_IWMP-24_SARPARAJAPURAM.pdf,7,Kurnool,AP,water_conservation_structures,,,618,504,309.0,62.2,31.7,True,True,,True,,,,,no_coordinate_available,check_dam
KURNOOL_IWMP-30_KAMAVARAM_p8_i11.jpg,KURNOOL_IWMP-30_KAMAVARAM.pdf,8,Kurnool,AP,water_conservation_structures,,,618,504,404.0,43.5,43.3,True,True,,True,,,,,no_coordinate_available,farm_pond
KURNOOL_IWMP-30_KAMAVARAM_p11_i0.jpg,KURNOOL_IWMP-30_KAMAVARAM.pdf,11,Kurnool,AP,water_conservation_structures,,,618,504,496.0,47.9,49.5,True,True,,True,,,,,no_coordinate_available,farm_pond
KURNOOL_IWMP-31_ULINDAKONDA_p8_i3.jpg,KURNOOL_IWMP-31_ULINDAKONDA.pdf,8,Kurnool,AP,water_conservation_structures,,,618,504,545.0,61.5,41.8,True,True,,True,,,15.623607,77.995414,project_level,check_dam
KURNOOL_IWMP-31_ULINDAKONDA_p8_i11.jpg,KURNOOL_IWMP-31_ULINDAKONDA.pdf,8,Kurnool,AP,water_conservation_structures,,,618,464,397.0,52.7,59.6,True,True,,True,,,15.623607,77.995414,project_level,check_dam
KURNOOL_IWMP-31_ULINDAKONDA_p10_i3.jpg,KURNOOL_IWMP-31_ULINDAKONDA.pdf,10,Kurnool,AP,water_conservation_structures,,,618,371,597.0,61.4,39.9,True,True,,True,,,15.623607,77.995414,project_level,farm_pond
KURNOOL_IWMP-31_ULINDAKONDA_p11_i9.jpg,KURNOOL_IWMP-31_ULINDAKONDA.pdf,11,Kurnool,AP,vegetation_changes,,,618,464,652.0,38.8,66.6,True,True,,True,,,15.623607,77.995414,project_level,farm_pond
KURNOOL_IWMP-32_NAGARURU_p8_i3.jpg,KURNOOL_IWMP-32_NAGARURU.pdf,8,Kurnool,AP,water_conservation_structures,,,618,504,327.0,46.1,64.9,True,True,,True,,,15.5428,77.305553,project_level,farm_pond
KURNOOL_IWMP-36_KAMBALAPADU_p8_i0.jpg,KURNOOL_IWMP-36_KAMBALAPADU.pdf,8,Kurnool,AP,water_conservation_structures,,,618,371,268.0,44.8,57.3,True,True,,True,,,15.518478,77.783417,project_level,check_dam
KURNOOL_IWMP-38_JUTUR_p9_i0.jpg,KURNOOL_IWMP-38_JUTUR.pdf,9,Kurnool,AP,water_conservation_structures,,,618,371,359.0,43.5,90.0,True,True,,True,,,15.887852,78.442318,project_level,farm_pond
KURNOOL_IWMP-38_JUTUR_p10_i3.jpg,KURNOOL_IWMP-38_JUTUR.pdf,10,Kurnool,AP,unspecified,,,618,371,296.0,50.9,74.6,True,True,,True,,,15.887852,78.442318,project_level,farm_pond
KURNOOL_IWMP-38_JUTUR_p10_i11.jpg,KURNOOL_IWMP-38_JUTUR.pdf,10,Kurnool,AP,unspecified,,,618,371,421.0,47.4,63.9,True,True,,True,,,15.887852,78.442318,project_level,farm_pond
KURNOOL_IWMP-39_MIDTHUR_p8_i3.jpg,KURNOOL_IWMP-39_MIDTHUR.pdf,8,Kurnool,AP,water_conservation_structures,,,618,504,301.0,62.1,50.8,True,True,,True,,,15.763549,78.273066,project_level,check_dam
KURNOOL_IWMP-40_GANI_p9_i9.jpg,KURNOOL_IWMP-40_GANI.pdf,9,Kurnool,AP,water_conservation_structures,,,618,371,339.0,51.3,54.1,True,True,,True,,,15.663601,78.261791,project_level,check_dam
KURNOOL_IWMP-40_GANI_p10_i11.jpg,KURNOOL_IWMP-40_GANI.pdf,10,Kurnool,AP,water_conservation_structures,,,618,464,774.0,53.4,50.0,True,True,,True,,,15.663601,78.261791,project_level,check_dam
KURNOOL_IWMP-41_H.MURAVANI_p11_i0.jpg,KURNOOL_IWMP-41_H.MURAVANI.pdf,11,Kurnool,AP,water_conservation_structures,,,618,371,280.0,49.7,59.4,True,True,,True,,,15.775559,77.381441,project_level,farm_pond
KURNOOL_IWMP-42_VENKATAPURAM_p10_i11.jpg,KURNOOL_IWMP-42_VENKATAPURAM.pdf,10,Kurnool,AP,water_conservation_structures,,,618,348,412.0,54.4,58.6,True,True,,True,,,15.469337,77.878564,project_level,farm_pond
KURNOOL_IWMP-45_PAGIDYALA_p8_i0.jpg,KURNOOL_IWMP-45_PAGIDYALA.pdf,8,Kurnool,AP,water_conservation_structures,,,618,371,283.0,49.1,71.1,True,True,,True,,,15.917952,78.361143,project_level,check_dam
KURNOOL_IWMP-45_PAGIDYALA_p8_i9.jpg,KURNOOL_IWMP-45_PAGIDYALA.pdf,8,Kurnool,AP,water_conservation_structures,,,618,348,352.0,64.1,29.6,True,True,,True,,,15.917952,78.361143,project_level,check_dam
KURNOOL_IWMP-45_PAGIDYALA_p9_i3.jpg,KURNOOL_IWMP-45_PAGIDYALA.pdf,9,Kurnool,AP,water_conservation_structures,,,618,371,268.0,38.3,86.6,True,True,,True,,,15.917952,78.361143,project_level,check_dam
KURNOOL_IWMP-47_REMATA_p9_i0.jpg,KURNOOL_IWMP-47_REMATA.pdf,9,Kurnool,AP,water_conservation_structures,,,618,348,310.0,43.1,55.8,True,True,,True,,,15.845012,77.835879,project_level,check_dam
KURNOOL_IWMP-48_KAPPATRALA_p7_i11.jpg,KURNOOL_IWMP-48_KAPPATRALA.pdf,7,Kurnool,AP,water_conservation_structures,,,618,348,233.0,38.1,81.3,True,True,,True,,,15.61522,77.648414,project_level,farm_pond
KURNOOL_IWMP-49_MADDIKERA_p7_i3.jpg,KURNOOL_IWMP-49_MADDIKERA.pdf,7,Kurnool,AP,water_conservation_structures,,,618,504,326.0,62.5,58.0,True,True,,True,,,,,no_coordinate_available,farm_pond
KURNOOL_IWMP-51_G.C.PALEM__p7_i11.jpg,KURNOOL_IWMP-51_G.C.PALEM_.pdf,7,Kurnool,AP,water_conservation_structures,,,618,464,529.0,57.1,30.4,True,True,,True,,,15.63976,78.595937,project_level,check_dam
KURNOOL_IWMP-51_G.C.PALEM__p8_i0.jpg,KURNOOL_IWMP-51_G.C.PALEM_.pdf,8,Kurnool,AP,water_conservation_structures,,,618,504,344.0,50.9,59.7,True,True,,True,,,15.63976,78.595937,project_level,check_dam
KURNOOL_IWMP-52_NANDAVARAM_p9_i11.jpg,KURNOOL_IWMP-52_NANDAVARAM.pdf,9,Kurnool,AP,water_conservation_structures,,,615,504,340.0,62.0,26.9,True,True,,True,,,15.373017,78.257598,project_level,check_dam
KURNOOL_IWMP-56_PEDDAKADUBUR_p9_i3.jpg,KURNOOL_IWMP-56_PEDDAKADUBUR.pdf,9,Kurnool,AP,water_conservation_structures,,,615,504,221.0,39.9,72.2,True,True,,True,,,15.763515,77.377962,project_level,farm_pond
PRAKASAM_IWMP-01-RAMACHANDRAPURAM_p10_i0.jpg,PRAKASAM_IWMP-01-RAMACHANDRAPURAM.pdf,10,Prakasam,AP,water_conservation_structures,,,618,371,310.0,54.6,27.7,True,True,,True,,,,,no_coordinate_available,check_dam
PRAKASAM_IWMP-01-RAMACHANDRAPURAM_p10_i9.jpg,PRAKASAM_IWMP-01-RAMACHANDRAPURAM.pdf,10,Prakasam,AP,water_conservation_structures,,,618,504,463.0,57.3,54.1,True,True,,True,,,,,no_coordinate_available,check_dam
PRAKASAM_IWMP-03_MYNAMPADU_p8_i9.jpg,PRAKASAM_IWMP-03_MYNAMPADU.pdf,8,Prakasam,AP,water_conservation_structures,,,618,504,557.0,53.6,86.1,True,True,,True,,,,,no_coordinate_available,check_dam
PRAKASAM_IWMP-06-MUNDLAPADU_p12_i9.jpg,PRAKASAM_IWMP-06-MUNDLAPADU.pdf,12,Prakasam,AP,water_conservation_structures,,,618,504,515.0,62.1,55.3,True,True,,True,,,,,no_coordinate_available,check_dam
PRAKASAM_IWMP-08-CHINAKOTHAPALLI_p9_i11.jpg,PRAKASAM_IWMP-08-CHINAKOTHAPALLI.pdf,9,Prakasam,AP,water_conservation_structures,,,618,504,466.0,36.1,76.0,True,True,,True,,,,,no_coordinate_available,farm_pond
PRAKASAM_IWMP-08-CHINAKOTHAPALLI_p10_i0.jpg,PRAKASAM_IWMP-08-CHINAKOTHAPALLI.pdf,10,Prakasam,AP,unspecified,,,618,464,357.0,51.3,68.0,True,True,,True,,,,,no_coordinate_available,farm_pond
PRAKASAM_IWMP-09-CHINNAIRLAPADU_p12_i0.jpg,PRAKASAM_IWMP-09-CHINNAIRLAPADU.pdf,12,Prakasam,AP,unspecified,,,618,464,356.0,51.2,68.1,True,True,,True,,,,,no_coordinate_available,check_dam
PRAKASAM_IWMP-10-YADAVALLI_p11_i5.jpg,PRAKASAM_IWMP-10-YADAVALLI.pdf,11,Prakasam,AP,unspecified,,,618,504,385.0,58.3,34.9,True,True,,True,,,,,no_coordinate_available,water_structure_other
PRAKASAM_IWMP-11-UMMANAPALLI_p10_i5.jpg,PRAKASAM_IWMP-11-UMMANAPALLI.pdf,10,Prakasam,AP,water_conservation_structures,,,618,504,379.0,37.2,52.8,True,True,,True,,,,,no_coordinate_available,percolation_tank
PRAKASAM_IWMP-11-UMMANAPALLI_p11_i9.jpg,PRAKASAM_IWMP-11-UMMANAPALLI.pdf,11,Prakasam,AP,vegetation_changes,,,618,507,365.0,46.2,61.7,True,True,,True,,,,,no_coordinate_available,percolation_tank
PRAKASAM_IWMP-34_P.KURICHEDU_p9_i0.jpg,PRAKASAM_IWMP-34_P.KURICHEDU.pdf,9,Prakasam,AP,water_conservation_structures,,,618,504,216.0,43.9,73.1,True,True,,True,,,15.934334,79.583969,project_level,farm_pond
PRAKASAM_IWMP-35_DASARIPALLI_p8_i3.jpg,PRAKASAM_IWMP-35_DASARIPALLI.pdf,8,Prakasam,AP,water_conservation_structures,,,618,504,375.0,42.0,78.5,True,True,,True,,,15.441969,79.341481,project_level,farm_pond
PRAKASAM_IWMP-35_DASARIPALLI_p9_i0.jpg,PRAKASAM_IWMP-35_DASARIPALLI.pdf,9,Prakasam,AP,water_conservation_structures,,,618,504,489.0,52.6,44.8,True,True,,True,,,15.441969,79.341481,project_level,farm_pond
PRAKASAM_IWMP-36_GURAVAJIPETA_p8_i11.jpg,PRAKASAM_IWMP-36_GURAVAJIPETA.pdf,8,Prakasam,AP,water_conservation_structures,,,618,504,345.0,40.5,35.2,True,True,,True,,,15.223714,79.383866,project_level,check_dam
PRAKASAM_IWMP-37_P.-YACHAVARAM_p8_i3.jpg,PRAKASAM_IWMP-37_P.-YACHAVARAM.pdf,8,Prakasam,AP,water_conservation_structures,,,618,464,333.0,45.7,70.5,True,True,,True,,,15.782319,79.333869,project_level,farm_pond
PRAKASAM_IWMP-37_P.-YACHAVARAM_p8_i11.jpg,PRAKASAM_IWMP-37_P.-YACHAVARAM.pdf,8,Prakasam,AP,water_conservation_structures,,,618,504,343.0,49.5,65.3,True,True,,True,,,15.782319,79.333869,project_level,farm_pond
PRAKASAM_IWMP-37_P.-YACHAVARAM_p9_i9.jpg,PRAKASAM_IWMP-37_P.-YACHAVARAM.pdf,9,Prakasam,AP,water_conservation_structures,,,618,504,332.0,35.2,75.4,True,True,,True,,,15.782319,79.333869,project_level,farm_pond
PRAKASAM_IWMP-40_BANDELLAPALLI_p8_i3.jpg,PRAKASAM_IWMP-40_BANDELLAPALLI.pdf,8,Prakasam,AP,water_conservation_structures,,,618,464,319.0,45.7,66.0,True,True,,True,,,15.784152,79.651044,project_level,check_dam
PRAKASAM_IWMP-40_BANDELLAPALLI_p9_i0.jpg,PRAKASAM_IWMP-40_BANDELLAPALLI.pdf,9,Prakasam,AP,water_conservation_structures,,,618,504,259.0,44.9,63.5,True,True,,True,,,15.784152,79.651044,project_level,check_dam
PRAKASAM_IWMP-41_KUNCHEPALLI_p9_i9.jpg,PRAKASAM_IWMP-41_KUNCHEPALLI.pdf,9,Prakasam,AP,water_conservation_structures,,,618,504,326.0,56.4,38.1,True,True,,True,,,15.653088,79.637086,project_level,check_dam
PRAKASAM_IWMP-43_NAGAMOTLAVARIPALEM_p8_i11.jpg,PRAKASAM_IWMP-43_NAGAMOTLAVARIPALEM.pdf,8,Prakasam,AP,water_conservation_structures,,,618,504,360.0,60.2,39.0,True,True,,True,,,15.685936,79.762985,project_level,check_dam
PRAKASAM_IWMP-45_Y.PALEM__p9_i9.jpg,PRAKASAM_IWMP-45_Y.PALEM_.pdf,9,Prakasam,AP,vegetation_changes,,,618,504,492.0,58.8,33.6,True,True,,True,,,16.054148,79.266457,project_level,check_dam
PRAKASAM_IWMP-48_KONAPALLI_p8_i3.jpg,PRAKASAM_IWMP-48_KONAPALLI.pdf,8,Prakasam,AP,water_conservation_structures,,,618,504,419.0,51.6,61.5,True,True,,True,,,15.324416,79.117958,project_level,check_dam
PRAKASAM_IWMP-48_KONAPALLI_p8_i11.jpg,PRAKASAM_IWMP-48_KONAPALLI.pdf,8,Prakasam,AP,water_conservation_structures,,,618,504,528.0,70.7,39.6,True,True,,True,,,15.324416,79.117958,project_level,check_dam
PRAKASAM_IWMP-55_MARELLA_p8_i18.jpg,PRAKASAM_IWMP-55_MARELLA.pdf,8,Prakasam,AP,water_conservation_structures,,,692,519,289.0,56.0,49.8,True,True,,True,,,15.923283,79.830007,project_level,check_dam
PRAKASAM_IWMP-55_MARELLA_p9_i3.jpg,PRAKASAM_IWMP-55_MARELLA.pdf,9,Prakasam,AP,water_conservation_structures,,,618,464,275.0,61.6,43.1,True,True,,True,,,15.923283,79.830007,project_level,check_dam
PRAKASAM_IWMP-55_MARELLA_p10_i0.jpg,PRAKASAM_IWMP-55_MARELLA.pdf,10,Prakasam,AP,water_conservation_structures,,,618,504,321.0,51.0,43.0,True,True,,True,,,15.923283,79.830007,project_level,check_dam
PRAKASAM_IWMP-56_RAMAYAPALEM_p9_i3.jpg,PRAKASAM_IWMP-56_RAMAYAPALEM.pdf,9,Prakasam,AP,water_conservation_structures,,,618,504,272.0,46.5,41.7,True,True,,True,,,15.767578,79.932892,project_level,check_dam
PRAKASAM_IWMP-57_THARLUPADU_p8_i15.jpg,PRAKASAM_IWMP-57_THARLUPADU.pdf,8,Prakasam,AP,unspecified,,,737,442,319.0,38.2,62.7,True,True,,True,,,15.644108,79.213605,project_level,farm_pond
PRAKASAM_IWMP-57_THARLUPADU_p9_i3.jpg,PRAKASAM_IWMP-57_THARLUPADU.pdf,9,Prakasam,AP,water_conservation_structures,,,618,348,395.0,46.4,57.0,True,True,,True,,,15.644108,79.213605,project_level,farm_pond
PRAKASAM_IWMP-57_THARLUPADU_p10_i11.jpg,PRAKASAM_IWMP-57_THARLUPADU.pdf,10,Prakasam,AP,water_conservation_structures,,,618,347,448.0,65.4,52.1,True,True,,True,,,15.644108,79.213605,project_level,farm_pond
PRAKASAM_IWMP-58_DEVAVARAM_p9_i3.jpg,PRAKASAM_IWMP-58_DEVAVARAM.pdf,9,Prakasam,AP,water_conservation_structures,,,618,504,356.0,53.0,66.6,True,True,,True,,,15.844547,79.674068,project_level,check_dam
PRAKASAM_IWMP-58_DEVAVARAM_p10_i11.jpg,PRAKASAM_IWMP-58_DEVAVARAM.pdf,10,Prakasam,AP,water_conservation_structures,,,618,504,242.0,45.5,80.9,True,True,,True,,,15.844547,79.674068,project_level,check_dam
PRAKASAM_IWMP-59_KAMBALAPADU_p10_i0.jpg,PRAKASAM_IWMP-59_KAMBALAPADU.pdf,10,Prakasam,AP,water_conservation_structures,,,618,504,295.0,39.5,84.1,True,True,,True,,,15.590349,79.561943,project_level,farm_pond
PRAKASAM_IWMP16_-GANGAVARAM_p8_i0.jpg,PRAKASAM_IWMP16_-GANGAVARAM.pdf,8,Prakasam,AP,unspecified,,,618,504,396.0,49.8,70.6,True,True,,True,,,15.325535,79.345826,project_level,check_dam
PRAKASAM_IWMP16_-GANGAVARAM_p8_i9.jpg,PRAKASAM_IWMP16_-GANGAVARAM.pdf,8,Prakasam,AP,unspecified,,,618,504,362.0,54.1,69.2,True,True,,True,,,15.325535,79.345826,project_level,check_dam
PRAKASAM_IWMP16_-GANGAVARAM_p9_i4.jpg,PRAKASAM_IWMP16_-GANGAVARAM.pdf,9,Prakasam,AP,water_conservation_structures,,,618,504,437.0,48.9,60.7,True,True,,True,,,15.325535,79.345826,project_level,percolation_tank
PRAKASAM_IWMP17_VEERARAGHAVUNIK_p7_i3.jpg,PRAKASAM_IWMP17_VEERARAGHAVUNIK.pdf,7,Prakasam,AP,water_conservation_structures,,,618,504,495.0,63.3,45.0,True,True,,True,,,15.097323,79.695697,project_level,farm_pond
PRAKASAM_IWMP18_SAKAVARAM_p7_i3.jpg,PRAKASAM_IWMP18_SAKAVARAM.pdf,7,Prakasam,AP,water_conservation_structures,,,618,504,392.0,53.9,56.6,True,True,,True,,,15.196348,79.828429,project_level,check_dam
PRAKASAM_IWMP18_SAKAVARAM_p8_i0.jpg,PRAKASAM_IWMP18_SAKAVARAM.pdf,8,Prakasam,AP,water_conservation_structures,,,618,464,363.0,56.6,62.7,True,True,,True,,,15.196348,79.828429,project_level,check_dam
PRAKASAM_IWMP18_SAKAVARAM_p8_i9.jpg,PRAKASAM_IWMP18_SAKAVARAM.pdf,8,Prakasam,AP,water_conservation_structures,,,618,504,191.0,43.0,82.4,True,True,,True,,,15.196348,79.828429,project_level,check_dam
PRAKASAM_IWMP19_-KARAVADI_p7_i3.jpg,PRAKASAM_IWMP19_-KARAVADI.pdf,7,Prakasam,AP,unspecified,,,618,371,147.0,44.4,79.7,True,True,,True,,,15.558596,80.104058,project_level,percolation_tank
PRAKASAM_IWMP20_CUMBUMPADU_p8_i0.jpg,PRAKASAM_IWMP20_CUMBUMPADU.pdf,8,Prakasam,AP,water_conservation_structures,,,618,504,585.0,44.1,62.9,True,True,,True,,,15.89342,79.356296,project_level,farm_pond
PRAKASAM_IWMP22_MANGALIKUNTA_p7_i3.jpg,PRAKASAM_IWMP22_MANGALIKUNTA.pdf,7,Prakasam,AP,water_conservation_structures,,,618,371,322.0,46.8,51.5,True,True,,True,,,15.646909,79.352202,project_level,check_dam
PRAKASAM_IWMP22_MANGALIKUNTA_p8_i0.jpg,PRAKASAM_IWMP22_MANGALIKUNTA.pdf,8,Prakasam,AP,unspecified,,,618,504,261.0,42.7,65.7,True,True,,True,,,15.646909,79.352202,project_level,check_dam
PRAKASAM_IWMP23_-TALAKONDAPADU_p8_i0.jpg,PRAKASAM_IWMP23_-TALAKONDAPADU.pdf,8,Prakasam,AP,water_conservation_structures,,,618,371,278.0,43.8,72.2,True,True,,True,,,15.319788,79.571709,project_level,check_dam
PRAKASAM_IWMP26_KANKANALAPALLI_p8_i0.jpg,PRAKASAM_IWMP26_KANKANALAPALLI.pdf,8,Prakasam,AP,water_conservation_structures,,,618,504,208.0,36.4,69.8,True,True,,True,,,,,no_coordinate_available,farm_pond
PRAKASAM_IWMP31_-NELATUR_p7_i11.jpg,PRAKASAM_IWMP31_-NELATUR.pdf,7,Prakasam,AP,water_conservation_structures,,,618,348,380.0,44.3,54.7,True,True,,True,,,15.608077,79.981787,project_level,percolation_tank
PRAKASAM_IWMP32_-RACHERLA_p7_i11.jpg,PRAKASAM_IWMP32_-RACHERLA.pdf,7,Prakasam,AP,water_conservation_structures,,,618,504,362.0,63.0,29.0,True,True,,True,,,15.479544,78.972165,project_level,check_dam
PRAKASAM_IWMP50_DYVALARAVURU_p8_i11.jpg,PRAKASAM_IWMP50_DYVALARAVURU.pdf,8,Prakasam,AP,water_conservation_structures,,,618,504,270.0,34.5,66.4,True,True,,True,,,,,no_coordinate_available,farm_pond
PRAKASAM_IWMP50_DYVALARAVURU_p9_i0.jpg,PRAKASAM_IWMP50_DYVALARAVURU.pdf,9,Prakasam,AP,water_conservation_structures,,,618,504,561.0,60.5,49.0,True,True,,True,,,,,no_coordinate_available,farm_pond
PRAKASAM_IWMP50_DYVALARAVURU_p9_i9.jpg,PRAKASAM_IWMP50_DYVALARAVURU.pdf,9,Prakasam,AP,water_conservation_structures,,,618,504,648.0,45.7,30.8,True,True,,True,,,,,no_coordinate_available,farm_pond
PRAKASAM_IWMP52_NALLAGUNTA_p9_i0.jpg,PRAKASAM_IWMP52_NALLAGUNTA.pdf,9,Prakasam,AP,water_conservation_structures,,,618,504,266.0,36.3,47.3,True,True,,True,,,15.307404,79.01946,project_level,farm_pond
SRIKAKULAM_IWMP-05_KONDAVOGUR_p7_i13.jpg,SRIKAKULAM_IWMP-05_KONDAVOGUR.pdf,7,Srikakulam,AP,water_conservation_structures,,,618,504,842.0,44.9,60.3,True,True,,True,,,18.748037,84.464791,project_level,farm_pond
SRIKAKULAM_IWMP-05_KONDAVOGUR_p8_i9.jpg,SRIKAKULAM_IWMP-05_KONDAVOGUR.pdf,8,Srikakulam,AP,water_conservation_structures,,,618,464,416.0,73.0,23.6,True,True,,True,,,18.748037,84.464791,project_level,farm_pond
SRIKAKULAM_IWMP-06_MUDDADA_p7_i13.jpg,SRIKAKULAM_IWMP-06_MUDDADA.pdf,7,Srikakulam,AP,water_conservation_structures,,,618,464,615.0,52.6,36.4,True,True,,True,,,18.241821,83.828846,project_level,farm_pond
SRIKAKULAM_IWMP-06_MUDDADA_p8_i9.jpg,SRIKAKULAM_IWMP-06_MUDDADA.pdf,8,Srikakulam,AP,water_conservation_structures,,,618,504,598.0,50.1,47.1,True,True,,True,,,18.241821,83.828846,project_level,check_dam
SRIKAKULAM_IWMP-08_-SANCHAM_p7_i11.jpg,SRIKAKULAM_IWMP-08_-SANCHAM.pdf,7,Srikakulam,AP,water_conservation_structures,,,605,340,452.0,48.3,40.4,True,True,,True,,,18.118591,83.647486,project_level,farm_pond
SRIKAKULAM_IWMP-08_-SANCHAM_p8_i9.jpg,SRIKAKULAM_IWMP-08_-SANCHAM.pdf,8,Srikakulam,AP,water_conservation_structures,,,618,464,835.0,42.1,35.4,True,True,,True,,,18.118591,83.647486,project_level,farm_pond
SRIKAKULAM_IWMP-09_PALAVALASA_p7_i11.jpg,SRIKAKULAM_IWMP-09_PALAVALASA.pdf,7,Srikakulam,AP,water_conservation_structures,,,618,504,627.0,77.9,20.2,True,True,,True,,,18.952626,84.515092,project_level,farm_pond
SRIKAKULAM_IWMP-10_AMBUGAM_p9_i0.jpg,SRIKAKULAM_IWMP-10_AMBUGAM.pdf,9,Srikakulam,AP,water_conservation_structures,,,615,502,526.0,69.1,33.8,True,True,,True,,,18.824062,84.493524,project_level,check_dam
SRIKAKULAM_IWMP-11_TARLAKOTA_p8_i6.jpg,SRIKAKULAM_IWMP-11_TARLAKOTA.pdf,8,Srikakulam,AP,water_conservation_structures,,,615,502,317.0,55.8,60.4,True,True,,True,,,18.821836,84.376456,project_level,farm_pond
SRIKAKULAM_IWMP-12_ADDANGI_p9_i5.jpg,SRIKAKULAM_IWMP-12_ADDANGI.pdf,9,Srikakulam,AP,water_conservation_structures,,,618,464,312.0,53.9,32.1,True,True,,True,,,18.727034,83.926704,project_level,check_dam
SRIKAKULAM_IWMP-12_ADDANGI_p10_i0.jpg,SRIKAKULAM_IWMP-12_ADDANGI.pdf,10,Srikakulam,AP,water_conservation_structures,,,618,504,403.0,61.9,42.6,True,True,,True,,,18.727034,83.926704,project_level,check_dam
SRIKAKULAM_IWMP-13_MANDA_p10_i5.jpg,SRIKAKULAM_IWMP-13_MANDA.pdf,10,Srikakulam,AP,unspecified,,,618,504,785.0,72.0,25.1,True,True,,True,,,18.677867,83.794763,project_level,percolation_tank
SRIKAKULAM_IWMP-13_MANDA_p10_i13.jpg,SRIKAKULAM_IWMP-13_MANDA.pdf,10,Srikakulam,AP,unspecified,,,605,504,548.0,50.7,38.7,True,True,,True,,,18.677867,83.794763,project_level,percolation_tank
SRIKAKULAM_IWMP-14_JODURU_p9_i0.jpg,SRIKAKULAM_IWMP-14_JODURU.pdf,9,Srikakulam,AP,unspecified,,,618,504,438.0,42.0,61.9,True,True,,True,,,18.749322,84.248746,project_level,farm_pond
SRIKAKULAM_IWMP-14_JODURU_p9_i9.jpg,SRIKAKULAM_IWMP-14_JODURU.pdf,9,Srikakulam,AP,unspecified,,,618,464,301.0,63.3,34.1,True,True,,True,,,18.749322,84.248746,project_level,farm_pond
SRIKAKULAM_IWMP_15_MANUMUKONDA_p9_i6.jpg,SRIKAKULAM_IWMP_15_MANUMUKONDA.pdf,9,Srikakulam,AP,water_conservation_structures,,,615,502,401.0,47.2,72.7,True,True,,True,,,18.999927,83.777145,project_level,farm_pond
SRIKAKULAM_IWMP_15_MANUMUKONDA_p9_i13.jpg,SRIKAKULAM_IWMP_15_MANUMUKONDA.pdf,9,Srikakulam,AP,water_conservation_structures,,,615,502,365.0,53.6,46.0,True,True,,True,,,18.999927,83.777145,project_level,farm_pond
SRIKAKULAM_IWMP_15_MANUMUKONDA_p10_i6.jpg,SRIKAKULAM_IWMP_15_MANUMUKONDA.pdf,10,Srikakulam,AP,water_conservation_structures,,,615,502,195.0,47.0,28.7,True,True,,True,,,18.999927,83.777145,project_level,farm_pond
SRIKAKULAM_IWMP_15_MANUMUKONDA_p10_i13.jpg,SRIKAKULAM_IWMP_15_MANUMUKONDA.pdf,10,Srikakulam,AP,water_conservation_structures,,,615,502,233.0,35.0,74.1,True,True,,True,,,18.999927,83.777145,project_level,farm_pond
SRIKAKULAM_IWMP_16_JAMPARAKOTA_p9_i6.jpg,SRIKAKULAM_IWMP_16_JAMPARAKOTA.pdf,9,Srikakulam,AP,water_conservation_structures,,,615,502,409.0,61.6,43.2,True,True,,True,,,18.619927,83.752589,project_level,check_dam
SRIKAKULAM_IWMP_16_JAMPARAKOTA_p10_i13.jpg,SRIKAKULAM_IWMP_16_JAMPARAKOTA.pdf,10,Srikakulam,AP,water_conservation_structures,,,615,502,503.0,60.8,50.6,True,True,,True,,,18.619927,83.752589,project_level,check_dam
SRIKAKULAM_IWMP_17_BENNARAI_p9_i6.jpg,SRIKAKULAM_IWMP_17_BENNARAI.pdf,9,Srikakulam,AP,water_conservation_structures,,,615,502,380.0,51.8,46.9,True,True,,True,,,18.778908,83.823396,project_level,farm_pond
SRIKAKULAM_IWMP_17_BENNARAI_p9_i13.jpg,SRIKAKULAM_IWMP_17_BENNARAI.pdf,9,Srikakulam,AP,water_conservation_structures,,,615,502,403.0,46.6,58.2,True,True,,True,,,18.778908,83.823396,project_level,farm_pond
SRIKAKULAM_IWMP_17_BENNARAI_p10_i6.jpg,SRIKAKULAM_IWMP_17_BENNARAI.pdf,10,Srikakulam,AP,water_conservation_structures,,,615,502,272.0,35.5,47.3,True,True,,True,,,18.778908,83.823396,project_level,farm_pond
SRIKAKULAM_IWMP_18_POLLA_p9_i6.jpg,SRIKAKULAM_IWMP_18_POLLA.pdf,9,Srikakulam,AP,water_conservation_structures,,,615,502,395.0,57.2,44.3,True,True,,True,,,18.762238,83.665542,project_level,check_dam
SRIKAKULAM_IWMP_18_POLLA_p9_i13.jpg,SRIKAKULAM_IWMP_18_POLLA.pdf,9,Srikakulam,AP,water_conservation_structures,,,615,502,485.0,50.8,46.0,True,True,,True,,,18.762238,83.665542,project_level,check_dam
SRIKAKULAM_IWMP_19_PEDDASUNNAPURAM_p8_i13.jpg,SRIKAKULAM_IWMP_19_PEDDASUNNAPURAM.pdf,8,Srikakulam,AP,water_conservation_structures,,,615,502,445.0,57.2,44.2,True,True,,True,,,14.355432,77.84741,project_level,check_dam
SRIKAKULAM_IWMP_19_PEDDASUNNAPURAM_p9_i6.jpg,SRIKAKULAM_IWMP_19_PEDDASUNNAPURAM.pdf,9,Srikakulam,AP,water_conservation_structures,,,615,502,546.0,69.0,22.6,True,True,,True,,,14.355432,77.84741,project_level,check_dam
SRIKAKULAM_IWMP_19_PEDDASUNNAPURAM_p9_i13.jpg,SRIKAKULAM_IWMP_19_PEDDASUNNAPURAM.pdf,9,Srikakulam,AP,water_conservation_structures,,,615,502,827.0,44.7,45.4,True,True,,True,,,14.355432,77.84741,project_level,check_dam
SRIKAKULAM_IWMP_20_NALLARAIGUDA_p9_i6.jpg,SRIKAKULAM_IWMP_20_NALLARAIGUDA.pdf,9,Srikakulam,AP,water_conservation_structures,,,615,502,268.0,44.7,72.3,True,True,,True,,,18.909474,83.840906,project_level,farm_pond
SRIKAKULAM_IWMP_21_RAYALA_p9_i13.jpg,SRIKAKULAM_IWMP_21_RAYALA.pdf,9,Srikakulam,AP,water_conservation_structures,,,614,500,567.0,63.2,30.7,True,True,,True,,,18.762211,83.981508,project_level,check_dam
SRIKAKULAM_IWMP_22_KONCHA_p9_i6.jpg,SRIKAKULAM_IWMP_22_KONCHA.pdf,9,Srikakulam,AP,vegetation_changes,,,615,502,459.0,58.8,44.1,True,True,,True,,,18.683432,83.673878,project_level,percolation_tank
SRIKAKULAM_IWMP_22_KONCHA_p9_i13.jpg,SRIKAKULAM_IWMP_22_KONCHA.pdf,9,Srikakulam,AP,vegetation_changes,,,615,502,528.0,56.5,47.1,True,True,,True,,,18.683432,83.673878,project_level,percolation_tank
SRIKAKULAM_IWMP_23_GOWDAGURANTI_p8_i13.jpg,SRIKAKULAM_IWMP_23_GOWDAGURANTI.pdf,8,Srikakulam,AP,water_conservation_structures,,,615,502,251.0,65.4,62.0,True,True,,True,,,18.908539,84.440353,project_level,percolation_tank
SRIKAKULAM_IWMP_24_CHINNAGORA_p9_i13.jpg,SRIKAKULAM_IWMP_24_CHINNAGORA.pdf,9,Srikakulam,AP,vegetation_changes,,,615,502,251.0,41.0,75.2,True,True,,True,,,18.742049,83.591736,project_level,percolation_tank
SRIKAKULAM_IWMP_24_CHINNAGORA_p10_i13.jpg,SRIKAKULAM_IWMP_24_CHINNAGORA.pdf,10,Srikakulam,AP,water_conservation_structures,,,615,502,449.0,42.9,78.9,True,True,,True,,,18.742049,83.591736,project_level,percolation_tank
SRIKAKULAM-IWMP-02-LAVERU_p8_i9.jpg,SRIKAKULAM-IWMP-02-LAVERU.pdf,8,Srikakulam,AP,water_conservation_structures,,,618,504,413.0,60.7,44.0,True,True,,True,,,,,no_coordinate_available,check_dam
Visakhapatnam_IWMP_01_SANTHARI_p8_i6.jpg,Visakhapatnam_IWMP_01_SANTHARI.pdf,8,Visakhapatnam,AP,unspecified,,,615,502,1379.0,53.5,33.0,True,True,,True,,,18.160648,82.784138,project_level,water_structure_other
Visakhapatnam_IWMP_01_SANTHARI_p8_i13.jpg,Visakhapatnam_IWMP_01_SANTHARI.pdf,8,Visakhapatnam,AP,unspecified,,,615,502,1245.0,52.5,55.6,True,True,,True,,,18.160648,82.784138,project_level,water_structure_other
Visakhapatnam_IWMP_01_SANTHARI_p9_i0.jpg,Visakhapatnam_IWMP_01_SANTHARI.pdf,9,Visakhapatnam,AP,unspecified,,,615,502,1088.0,69.4,40.9,True,True,,True,,,18.160648,82.784138,project_level,plantation
Visakhapatnam_IWMP_04_BARISINGI_p9_i0.jpg,Visakhapatnam_IWMP_04_BARISINGI.pdf,9,Visakhapatnam,AP,water_conservation_structures,,,615,502,434.0,63.4,31.8,True,True,,True,,,18.064357,82.637833,project_level,farm_pond
Visakhapatnam_IWMP_04_BARISINGI_p9_i9.jpg,Visakhapatnam_IWMP_04_BARISINGI.pdf,9,Visakhapatnam,AP,water_conservation_structures,,,615,502,478.0,49.3,35.6,True,True,,True,,,18.064357,82.637833,project_level,farm_pond
Visakhapatnam_IWMP_05_LINGETI_p8_i6.jpg,Visakhapatnam_IWMP_05_LINGETI.pdf,8,Visakhapatnam,AP,water_conservation_structures,,,615,502,594.0,48.4,60.2,True,True,,True,,,18.157151,82.433601,project_level,farm_pond
Visakhapatnam_IWMP_05_LINGETI_p9_i0.jpg,Visakhapatnam_IWMP_05_LINGETI.pdf,9,Visakhapatnam,AP,water_conservation_structures,,,615,502,653.0,58.0,54.8,True,True,,True,,,18.157151,82.433601,project_level,farm_pond
Visakhapatnam_IWMP_05_LINGETI_p9_i9.jpg,Visakhapatnam_IWMP_05_LINGETI.pdf,9,Visakhapatnam,AP,water_conservation_structures,,,615,502,487.0,52.5,37.5,True,True,,True,,,18.157151,82.433601,project_level,farm_pond
Visakhapatnam_IWMP_08_GUMMAKOTA_SEETHAMPETA_p8_i13.jpg,Visakhapatnam_IWMP_08_GUMMAKOTA_SEETHAMPETA.pdf,8,Visakhapatnam,AP,water_conservation_structures,,,615,502,635.0,56.7,30.5,True,True,,True,,,18.26816,83.109072,project_level,check_dam
Visakhapatnam_IWMP_09_LUNGAPARTHI_p8_i6.jpg,Visakhapatnam_IWMP_09_LUNGAPARTHI.pdf,8,Visakhapatnam,AP,water_conservation_structures,,,615,502,424.0,49.2,33.6,True,True,,True,,,18.205394,82.969147,project_level,check_dam
Visakhapatnam_IWMP_09_LUNGAPARTHI_p9_i6.jpg,Visakhapatnam_IWMP_09_LUNGAPARTHI.pdf,9,Visakhapatnam,AP,water_conservation_structures,,,615,502,598.0,47.2,54.3,True,True,,True,,,18.205394,82.969147,project_level,check_dam
Visakhapatnam_IWMP_09_LUNGAPARTHI_p9_i13.jpg,Visakhapatnam_IWMP_09_LUNGAPARTHI.pdf,9,Visakhapatnam,AP,water_conservation_structures,,,615,502,513.0,39.5,69.5,True,True,,True,,,18.205394,82.969147,project_level,check_dam
Visakhapatnam_IWMP_10_JERRILA_p9_i6.jpg,Visakhapatnam_IWMP_10_JERRILA.pdf,9,Visakhapatnam,AP,water_conservation_structures,,,615,502,444.0,49.2,79.5,True,True,,True,,,17.952578,82.25993,project_level,farm_pond
Visakhapatnam_IWMP_13_PEDAGARUVU_p9_i6.jpg,Visakhapatnam_IWMP_13_PEDAGARUVU.pdf,9,Visakhapatnam,AP,water_conservation_structures,,,615,502,421.0,37.2,60.3,True,True,,True,,,18.046892,82.434653,project_level,farm_pond
Visakhapatnam_IWMP_13_PEDAGARUVU_p9_i13.jpg,Visakhapatnam_IWMP_13_PEDAGARUVU.pdf,9,Visakhapatnam,AP,water_conservation_structures,,,615,502,437.0,48.5,65.5,True,True,,True,,,18.046892,82.434653,project_level,farm_pond
Visakhapatnam_IWMP_15_KINCHUMANDA_p8_i13.jpg,Visakhapatnam_IWMP_15_KINCHUMANDA.pdf,8,Visakhapatnam,AP,water_conservation_structures,,,615,502,369.0,41.8,80.2,True,True,,True,,,18.207038,82.841585,project_level,farm_pond
VIZIANAGARAM_IWMP_01_MASIMANDA_p8_i5.jpg,VIZIANAGARAM_IWMP_01_MASIMANDA.pdf,8,Vizianagaram,AP,water_conservation_structures,,,618,504,513.0,40.3,77.9,True,True,,True,,,18.968681,83.4116,project_level,farm_pond
VIZIANAGARAM_IWMP_01_MASIMANDA_p8_i13.jpg,VIZIANAGARAM_IWMP_01_MASIMANDA.pdf,8,Vizianagaram,AP,water_conservation_structures,,,618,347,364.0,57.1,37.2,True,True,,True,,,18.968681,83.4116,project_level,farm_pond
VIZIANAGARAM_IWMP_01_MASIMANDA_p9_i0.jpg,VIZIANAGARAM_IWMP_01_MASIMANDA.pdf,9,Vizianagaram,AP,water_conservation_structures,,,618,348,634.0,57.2,54.8,True,True,,True,,,18.968681,83.4116,project_level,farm_pond
VIZIANAGARAM_IWMP_01_MASIMANDA_p9_i9.jpg,VIZIANAGARAM_IWMP_01_MASIMANDA.pdf,9,Vizianagaram,AP,water_conservation_structures,,,618,504,560.0,45.8,51.7,True,True,,True,,,18.968681,83.4116,project_level,farm_pond
VIZIANAGARAM_IWMP_02_THONAMMicro_p8_i5.jpg,VIZIANAGARAM_IWMP_02_THONAMMicro.pdf,8,Vizianagaram,AP,water_conservation_structures,,,618,348,423.0,47.2,62.5,True,True,,True,,,18.651897,83.128415,project_level,farm_pond
VIZIANAGARAM_IWMP_02_THONAMMicro_p9_i0.jpg,VIZIANAGARAM_IWMP_02_THONAMMicro.pdf,9,Vizianagaram,AP,water_conservation_structures,,,618,504,682.0,59.7,42.2,True,True,,True,,,18.651897,83.128415,project_level,farm_pond
VIZIANAGARAM_IWMP_02_THONAMMicro_p9_i9.jpg,VIZIANAGARAM_IWMP_02_THONAMMicro.pdf,9,Vizianagaram,AP,water_conservation_structures,,,618,464,341.0,49.7,39.2,True,True,,True,,,18.651897,83.128415,project_level,farm_pond
VIZIANAGARAM_IWMP_03_UDAYAPURAM_p8_i5.jpg,VIZIANAGARAM_IWMP_03_UDAYAPURAM.pdf,8,Vizianagaram,AP,water_conservation_structures,,,618,504,713.0,50.9,47.2,True,True,,True,,,18.996935,83.70406,project_level,percolation_tank
VIZIANAGARAM_IWMP_03_UDAYAPURAM_p8_i13.jpg,VIZIANAGARAM_IWMP_03_UDAYAPURAM.pdf,8,Vizianagaram,AP,water_conservation_structures,,,618,504,378.0,56.9,37.0,True,True,,True,,,18.996935,83.70406,project_level,percolation_tank
VIZIANAGARAM_IWMP_03_UDAYAPURAM_p9_i0.jpg,VIZIANAGARAM_IWMP_03_UDAYAPURAM.pdf,9,Vizianagaram,AP,water_conservation_structures,,,618,504,323.0,52.9,60.3,True,True,,True,,,18.996935,83.70406,project_level,percolation_tank
VIZIANAGARAM_IWMP_03_UDAYAPURAM_p9_i9.jpg,VIZIANAGARAM_IWMP_03_UDAYAPURAM.pdf,9,Vizianagaram,AP,water_conservation_structures,,,618,504,530.0,53.2,47.2,True,True,,True,,,18.996935,83.70406,project_level,percolation_tank
VIZIANAGARAM_IWMP_10_DOKISEELA_p9_i0.jpg,VIZIANAGARAM_IWMP_10_DOKISEELA.pdf,9,Vizianagaram,AP,water_conservation_structures,,,618,464,498.0,63.2,35.9,True,True,,True,,,18.76143,83.264458,project_level,check_dam
VIZIANAGARAM_IWMP_5_KURIKUTTI_p8_i5.jpg,VIZIANAGARAM_IWMP_5_KURIKUTTI.pdf,8,Vizianagaram,AP,water_conservation_structures,,,618,504,440.0,38.0,58.6,True,True,,True,,,18.592742,83.093141,project_level,farm_pond
VIZIANAGARAM_IWMP_5_KURIKUTTI_p8_i13.jpg,VIZIANAGARAM_IWMP_5_KURIKUTTI.pdf,8,Vizianagaram,AP,water_conservation_structures,,,618,504,319.0,36.5,69.7,True,True,,True,,,18.592742,83.093141,project_level,farm_pond
VIZIANAGARAM_IWMP_5_KURIKUTTI_p9_i0.jpg,VIZIANAGARAM_IWMP_5_KURIKUTTI.pdf,9,Vizianagaram,AP,water_conservation_structures,,,618,504,655.0,45.3,58.9,True,True,,True,,,18.592742,83.093141,project_level,farm_pond
VIZIANAGARAM_IWMP_5_KURIKUTTI_p9_i9.jpg,VIZIANAGARAM_IWMP_5_KURIKUTTI.pdf,9,Vizianagaram,AP,water_conservation_structures,,,618,504,442.0,37.6,51.5,True,True,,True,,,18.592742,83.093141,project_level,farm_pond
VIZIANAGARAM_IWMP_9_GORADA_p8_i5.jpg,VIZIANAGARAM_IWMP_9_GORADA.pdf,8,Vizianagaram,AP,water_conservation_structures,,,618,504,351.0,59.2,44.2,True,True,,True,,,18.941254,83.572294,project_level,check_dam
VIZIANAGARAM_IWMP_9_GORADA_p8_i13.jpg,VIZIANAGARAM_IWMP_9_GORADA.pdf,8,Vizianagaram,AP,water_conservation_structures,,,618,504,512.0,58.7,49.5,True,True,,True,,,18.941254,83.572294,project_level,check_dam
VIZIANAGARAM_IWMP_9_GORADA_p9_i0.jpg,VIZIANAGARAM_IWMP_9_GORADA.pdf,9,Vizianagaram,AP,water_conservation_structures,,,618,504,607.0,42.8,40.7,True,True,,True,,,18.941254,83.572294,project_level,check_dam
VIZIANAGARAM_IWMP_9_GORADA_p9_i9.jpg,VIZIANAGARAM_IWMP_9_GORADA.pdf,9,Vizianagaram,AP,water_conservation_structures,,,618,504,520.0,41.3,68.4,True,True,,True,,,18.941254,83.572294,project_level,check_dam
WEST-GODAVARI_IWMP_01_GANAPAVARAM_p9_i6.jpg,WEST-GODAVARI_IWMP_01_GANAPAVARAM.pdf,9,West Godavari,AP,water_conservation_structures,,,615,502,402.0,55.4,32.1,True,True,,True,,,17.22127,81.27024,project_level,check_dam
WEST-GODAVARI_IWMP_03_ALIVERU_p8_i13.jpg,WEST-GODAVARI_IWMP_03_ALIVERU.pdf,8,West Godavari,AP,water_conservation_structures,,,615,502,799.0,55.4,43.5,True,True,,True,,,17.212813,81.325596,project_level,check_dam
WEST-GODAVARI_IWMP_03_ALIVERU_p9_i13.jpg,WEST-GODAVARI_IWMP_03_ALIVERU.pdf,9,West Godavari,AP,water_conservation_structures,,,615,507,264.0,57.2,37.4,True,True,,True,,,17.212813,81.325596,project_level,check_dam
YSR-KADAPA_IWMP-13_ETIMAPURAM_p7_i9.jpg,YSR-KADAPA_IWMP-13_ETIMAPURAM.pdf,7,Ysr Kadapa,AP,water_conservation_structures,,,618,504,596.0,40.5,42.2,True,True,,True,,,14.28699,79.303968,project_level,farm_pond
YSR-KADAPA_IWMP-14_KODURU_IWMP_p7_i0.jpg,YSR-KADAPA_IWMP-14_KODURU_IWMP.pdf,7,Ysr Kadapa,AP,water_conservation_structures,,,618,464,395.0,62.1,68.4,True,True,,True,,,13.974951,79.317893,project_level,farm_pond
YSR-KADAPA_IWMP-14_KODURU_IWMP_p8_i0.jpg,YSR-KADAPA_IWMP-14_KODURU_IWMP.pdf,8,Ysr Kadapa,AP,water_conservation_structures,,,618,464,508.0,70.9,49.3,True,True,,True,,,13.974951,79.317893,project_level,farm_pond
YSR-KADAPA_IWMP-14_KODURU_IWMP_p8_i9.jpg,YSR-KADAPA_IWMP-14_KODURU_IWMP.pdf,8,Ysr Kadapa,AP,water_conservation_structures,,,618,504,352.0,57.3,52.6,True,True,,True,,,13.974951,79.317893,project_level,farm_pond
YSR-KADAPA_IWMP-16_PEDDAJUTUR_p8_i0.jpg,YSR-KADAPA_IWMP-16_PEDDAJUTUR.pdf,8,Ysr Kadapa,AP,water_conservation_structures,,,618,504,226.0,39.3,84.8,True,True,,True,,,14.389876,78.274068,project_level,farm_pond
YSR-KADAPA_IWMP-19_NOOLIVEEDU_p8_i0.jpg,YSR-KADAPA_IWMP-19_NOOLIVEEDU.pdf,8,Ysr Kadapa,AP,water_conservation_structures,,,618,504,412.0,49.7,47.0,True,True,,True,,,14.073512,78.512662,project_level,check_dam
YSR-KADAPA_IWMP-19_NOOLIVEEDU_p8_i9.jpg,YSR-KADAPA_IWMP-19_NOOLIVEEDU.pdf,8,Ysr Kadapa,AP,water_conservation_structures,,,618,504,418.0,46.5,45.6,True,True,,True,,,14.073512,78.512662,project_level,check_dam
YSR-KADAPA_IWMP-21_KURNOOTHALA_p8_i0.jpg,YSR-KADAPA_IWMP-21_KURNOOTHALA.pdf,8,Ysr Kadapa,AP,vegetation_changes,,,618,347,599.0,74.2,46.6,True,True,,True,,,14.128267,78.604322,project_level,farm_pond
YSR-KADAPA_IWMP-22_MALLEMAPURAM_p8_i9.jpg,YSR-KADAPA_IWMP-22_MALLEMAPURAM.pdf,8,Ysr Kadapa,AP,water_conservation_structures,,,618,504,502.0,57.0,65.7,True,True,,True,,,14.236271,79.347587,project_level,farm_pond
YSR-KADAPA_IWMP-23_ITUKULAPADU_p7_i9.jpg,YSR-KADAPA_IWMP-23_ITUKULAPADU.pdf,7,Ysr Kadapa,AP,water_conservation_structures,,,618,348,416.0,36.0,41.2,True,True,,True,,,14.938914,78.905253,project_level,check_dam
YSR-KADAPA_IWMP-27_Y-N-PALEM_IWMP_p8_i0.jpg,YSR-KADAPA_IWMP-27_Y-N-PALEM_IWMP.pdf,8,Ysr Kadapa,AP,vegetation_changes,,,618,504,411.0,76.4,33.9,True,True,,True,,,13.954581,78.935988,project_level,check_dam
YSR-KADAPA_IWMP-27_Y-N-PALEM_IWMP_p8_i9.jpg,YSR-KADAPA_IWMP-27_Y-N-PALEM_IWMP.pdf,8,Ysr Kadapa,AP,vegetation_changes,,,618,504,462.0,63.0,31.1,True,True,,True,,,13.954581,78.935988,project_level,check_dam
YSR-KADAPA_IWMP-28_SANKAVARAM_p8_i0.jpg,YSR-KADAPA_IWMP-28_SANKAVARAM.pdf,8,Ysr Kadapa,AP,water_conservation_structures,,,618,371,514.0,44.5,49.8,True,True,,True,,,15.080282,78.988715,project_level,farm_pond
YSR-KADAPA_IWMP-29_CHITLURU_p8_i9.jpg,YSR-KADAPA_IWMP-29_CHITLURU.pdf,8,Ysr Kadapa,AP,water_conservation_structures,,,618,504,450.0,62.4,35.0,True,True,,True,,,14.134686,78.797261,project_level,farm_pond
YSR-KADAPA_IWMP-29_CHITLURU_p11_i0.jpg,YSR-KADAPA_IWMP-29_CHITLURU.pdf,11,Ysr Kadapa,AP,vegetation_changes,,,618,464,338.0,49.7,32.4,True,True,,True,,,14.134686,78.797261,project_level,plantation
YSR-KADAPA_IWMP-30_BALAPANUR_p9_i0.jpg,YSR-KADAPA_IWMP-30_BALAPANUR.pdf,9,Ysr Kadapa,AP,vegetation_changes,,,618,504,284.0,61.4,86.6,True,True,,True,,,14.553986,78.230098,project_level,check_dam
YSR-KADAPA_IWMP-30_BALAPANUR_p10_i9.jpg,YSR-KADAPA_IWMP-30_BALAPANUR.pdf,10,Ysr Kadapa,AP,water_conservation_structures,,,618,372,392.0,39.7,44.6,True,True,,True,,,14.553986,78.230098,project_level,farm_pond
YSR-KADAPA_IWMP-30_BALAPANUR_p11_i0.jpg,YSR-KADAPA_IWMP-30_BALAPANUR.pdf,11,Ysr Kadapa,AP,water_conservation_structures,,,618,504,375.0,58.3,63.1,True,True,,True,,,14.553986,78.230098,project_level,farm_pond
YSR-KADAPA_IWMP-31_PAMALURU_p7_i9.jpg,YSR-KADAPA_IWMP-31_PAMALURU.pdf,7,Ysr Kadapa,AP,water_conservation_structures,,,618,504,312.0,32.2,48.4,True,True,,True,,,14.36795,78.409349,project_level,farm_pond
YSR-KADAPA_IWMP-31_PAMALURU_p9_i9.jpg,YSR-KADAPA_IWMP-31_PAMALURU.pdf,9,Ysr Kadapa,AP,water_conservation_structures,,,618,504,303.0,35.8,74.1,True,True,,True,,,14.36795,78.409349,project_level,check_dam
YSR-KADAPA_IWMP-31_PAMALURU_p10_i0.jpg,YSR-KADAPA_IWMP-31_PAMALURU.pdf,10,Ysr Kadapa,AP,water_conservation_structures,,,618,504,557.0,58.3,60.1,True,True,,True,,,14.36795,78.409349,project_level,check_dam
YSR-KADAPA_IWMP-32_DIGUVAGOTTIVEEDU_p7_i11.jpg,YSR-KADAPA_IWMP-32_DIGUVAGOTTIVEEDU.pdf,7,Ysr Kadapa,AP,vegetation_changes,,,618,347,738.0,55.0,58.0,True,True,,True,,,13.982999,78.678901,project_level,plantation
YSR-KADAPA_IWMP-32_DIGUVAGOTTIVEEDU_p9_i9.jpg,YSR-KADAPA_IWMP-32_DIGUVAGOTTIVEEDU.pdf,9,Ysr Kadapa,AP,water_conservation_structures,,,618,504,452.0,63.8,22.2,True,True,,True,,,13.982999,78.678901,project_level,farm_pond
YSR-KADAPA_IWMP-32_DIGUVAGOTTIVEEDU_p10_i0.jpg,YSR-KADAPA_IWMP-32_DIGUVAGOTTIVEEDU.pdf,10,Ysr Kadapa,AP,vegetation_changes,,,618,504,508.0,56.7,46.0,True,True,,True,,,13.982999,78.678901,project_level,farm_pond
YSR-KADAPA_IWMP-32_DIGUVAGOTTIVEEDU_p10_i9.jpg,YSR-KADAPA_IWMP-32_DIGUVAGOTTIVEEDU.pdf,10,Ysr Kadapa,AP,vegetation_changes,,,618,504,560.0,49.1,48.8,True,True,,True,,,13.982999,78.678901,project_level,farm_pond
YSR-KADAPA_IWMP-33_MUNELLIN_p8_i0.jpg,YSR-KADAPA_IWMP-33_MUNELLIN.pdf,8,Ysr Kadapa,AP,water_conservation_structures,,,618,464,398.0,49.3,65.1,True,True,,True,,,14.860328,78.988784,project_level,check_dam
YSR-KADAPA_IWMP-33_MUNELLIN_p10_i0.jpg,YSR-KADAPA_IWMP-33_MUNELLIN.pdf,10,Ysr Kadapa,AP,water_conservation_structures,,,618,371,295.0,34.9,69.5,True,True,,True,,,14.860328,78.988784,project_level,farm_pond
YSR-KADAPA_IWMP-38_VELIDANDLA_p10_i0.jpg,YSR-KADAPA_IWMP-38_VELIDANDLA.pdf,10,Ysr Kadapa,AP,water_conservation_structures,,,618,504,450.0,52.4,63.9,True,True,,True,,,14.543519,77.981569,project_level,check_dam
YSR-KADAPA_IWMP-40_CHINNAMANDEM_p9_i9.jpg,YSR-KADAPA_IWMP-40_CHINNAMANDEM.pdf,9,Ysr Kadapa,AP,water_conservation_structures,,,618,504,460.0,57.2,57.1,True,True,,True,,,13.896181,78.671991,project_level,check_dam
YSR-KADAPA_IWMP-42_GUNDAPURAM_p9_i0.jpg,YSR-KADAPA_IWMP-42_GUNDAPURAM.pdf,9,Ysr Kadapa,AP,water_conservation_structures,,,615,502,290.0,55.1,58.7,True,True,,True,,,14.809466,78.964907,project_level,check_dam
YSR-KADAPA_IWMP-42_GUNDAPURAM_p9_i9.jpg,YSR-KADAPA_IWMP-42_GUNDAPURAM.pdf,9,Ysr Kadapa,AP,water_conservation_structures,,,615,502,402.0,49.3,61.0,True,True,,True,,,14.809466,78.964907,project_level,check_dam
YSR-KADAPA_IWMP-42_GUNDAPURAM_p10_i9.jpg,YSR-KADAPA_IWMP-42_GUNDAPURAM.pdf,10,Ysr Kadapa,AP,water_conservation_structures,,,615,502,250.0,37.3,56.6,True,True,,True,,,14.809466,78.964907,project_level,check_dam
YSR-KADAPA_IWMP-44_ANIMELA_p8_i18.jpg,YSR-KADAPA_IWMP-44_ANIMELA.pdf,8,Ysr Kadapa,AP,vegetation_changes,,,786,441,517.0,56.9,80.4,True,True,,True,,,14.529581,78.526391,project_level,farm_pond
YSR-KADAPA_IWMP-45_RANGASAMUDRAM_p9_i0.jpg,YSR-KADAPA_IWMP-45_RANGASAMUDRAM.pdf,9,Ysr Kadapa,AP,vegetation_changes,,,606,498,341.0,33.2,50.0,True,True,,True,,,14.966796,78.994871,project_level,plantation
YSR-KADAPA_IWMP_03_GOPAVARAM_p8_i13.jpg,YSR-KADAPA_IWMP_03_GOPAVARAM.pdf,8,Ysr Kadapa,AP,water_conservation_structures,,,618,504,510.0,62.1,31.1,True,True,,True,,,,,no_coordinate_available,check_dam
YSR-KADAPA_IWMP_04_DHODIUM_p11_i3.jpg,YSR-KADAPA_IWMP_04_DHODIUM.pdf,11,Ysr Kadapa,AP,water_conservation_structures,,,618,504,154.0,31.9,86.2,True,True,,True,,,,,no_coordinate_available,check_dam
YSR-KADAPA_IWMP_04_DHODIUM_p13_i0.jpg,YSR-KADAPA_IWMP_04_DHODIUM.pdf,13,Ysr Kadapa,AP,water_conservation_structures,,,618,504,210.0,55.7,75.8,True,True,,True,,,,,no_coordinate_available,farm_pond
YSR-KADAPA_IWMP_06_VERRABELLI_p10_i5.jpg,YSR-KADAPA_IWMP_06_VERRABELLI.pdf,10,Ysr Kadapa,AP,water_conservation_structures,,,618,504,591.0,73.0,66.2,True,True,,True,,,,,no_coordinate_available,check_dam
YSR-KADAPA_IWMP_07_UPPALUR_p11_i0.jpg,YSR-KADAPA_IWMP_07_UPPALUR.pdf,11,Ysr Kadapa,AP,vegetation_changes,,,618,504,362.0,51.7,64.3,True,True,,True,,,,,no_coordinate_available,check_dam
YSR-KADAPA_IWMP_07_UPPALUR_p11_i9.jpg,YSR-KADAPA_IWMP_07_UPPALUR.pdf,11,Ysr Kadapa,AP,vegetation_changes,,,618,504,500.0,55.8,43.2,True,True,,True,,,,,no_coordinate_available,check_dam
ANANTAPURAMU_IWMP-01_BANDLAPALLI_p8_i5.jpg,ANANTAPURAMU_IWMP-01_BANDLAPALLI.pdf,8,Anantapuramu,AP,unspecified,,,618,464,196.0,51.0,79.3,True,True,,True,ambiguous_promoted:monitoring_column_3_field_photo,,,,no_coordinate_available,check_dam
ANANTAPURAMU_IWMP-01_BANDLAPALLI_p9_i0.jpg,ANANTAPURAMU_IWMP-01_BANDLAPALLI.pdf,9,Anantapuramu,AP,water_conservation_structures,,,618,504,266.0,68.0,62.3,True,True,,True,ambiguous_promoted:monitoring_column_3_field_photo,,,,no_coordinate_available,boulder_structure
ANANTAPURAMU_IWMP-01_BANDLAPALLI_p9_i9.jpg,ANANTAPURAMU_IWMP-01_BANDLAPALLI.pdf,9,Anantapuramu,AP,water_conservation_structures,,,618,504,248.0,44.7,73.4,True,True,,True,ambiguous_promoted:monitoring_column_3_field_photo,,,,no_coordinate_available,farm_pond
ANANTAPURAMU_IWMP-02_TAVALAM_p11_i5.jpg,ANANTAPURAMU_IWMP-02_TAVALAM.pdf,11,Anantapuramu,AP,water_conservation_structures,,,618,464,307.0,55.6,35.1,True,True,,True,ambiguous_promoted:monitoring_column_3_field_photo,,,,no_coordinate_available,check_dam
ANANTAPURAMU_IWMP-02_TAVALAM_p12_i0.jpg,ANANTAPURAMU_IWMP-02_TAVALAM.pdf,12,Anantapuramu,AP,water_conservation_structures,,,618,504,331.0,63.4,54.1,True,True,,True,ambiguous_promoted:monitoring_column_3_field_photo,,,,no_coordinate_available,check_dam
ANANTAPURAMU_IWMP-04_VAJRAKARUR_p10_i5.jpg,ANANTAPURAMU_IWMP-04_VAJRAKARUR.pdf,10,Anantapuramu,AP,water_conservation_structures,,,618,464,242.0,57.0,35.9,True,True,,True,ambiguous_promoted:monitoring_column_3_field_photo,,,,no_coordinate_available,check_dam
ANANTAPURAMU_IWMP-04_VAJRAKARUR_p11_i0.jpg,ANANTAPURAMU_IWMP-04_VAJRAKARUR.pdf,11,Anantapuramu,AP,water_conservation_structures,,,618,504,344.0,46.8,33.1,True,True,,True,ambiguous_promoted:monitoring_column_3_field_photo,,,,no_coordinate_available,farm_pond
ANANTAPURAMU_IWMP-04_VAJRAKARUR_p12_i11.jpg,ANANTAPURAMU_IWMP-04_VAJRAKARUR.pdf,12,Anantapuramu,AP,unspecified,,,618,504,375.0,73.2,37.3,True,True,,True,ambiguous_promoted:monitoring_column_3_field_photo,,,,no_coordinate_available,boulder_structure
ANANTAPURAMU_IWMP-04_VAJRAKARUR_p12_i3.jpg,ANANTAPURAMU_IWMP-04_VAJRAKARUR.pdf,12,Anantapuramu,AP,unspecified,,,618,504,342.0,69.0,49.2,True,True,,True,ambiguous_promoted:monitoring_column_3_field_photo,,,,no_coordinate_available,boulder_structure
ANANTAPURAMU_IWMP-05_NALLAMADA_p12_i0.jpg,ANANTAPURAMU_IWMP-05_NALLAMADA.pdf,12,Anantapuramu,AP,vegetation_changes,,,618,504,528.0,63.1,43.7,True,True,,True,ambiguous_promoted:monitoring_column_3_field_photo,,,,no_coordinate_available,plantation
ANANTAPURAMU_IWMP-05_NALLAMADA_p12_i9.jpg,ANANTAPURAMU_IWMP-05_NALLAMADA.pdf,12,Anantapuramu,AP,vegetation_changes,,,618,504,286.0,70.3,48.8,True,True,,True,ambiguous_promoted:monitoring_column_3_field_photo,,,,no_coordinate_available,plantation
ANANTAPURAMU_IWMP-06_RATNAGIRI_p7_i11.jpg,ANANTAPURAMU_IWMP-06_RATNAGIRI.pdf,7,Anantapuramu,AP,unspecified,,,618,504,375.0,73.2,37.3,True,True,,True,ambiguous_promoted:monitoring_column_3_field_photo,,,,no_coordinate_available,boulder_structure
ANANTAPURAMU_IWMP-06_RATNAGIRI_p7_i3.jpg,ANANTAPURAMU_IWMP-06_RATNAGIRI.pdf,7,Anantapuramu,AP,unspecified,,,618,504,342.0,69.0,49.2,True,True,,True,ambiguous_promoted:monitoring_column_3_field_photo,,,,no_coordinate_available,boulder_structure
ANANTAPURAMU_IWMP-06_RATNAGIRI_p8_i0.jpg,ANANTAPURAMU_IWMP-06_RATNAGIRI.pdf,8,Anantapuramu,AP,water_conservation_structures,,,618,504,257.0,39.6,65.3,True,True,,True,ambiguous_promoted:monitoring_column_3_field_photo,,,,no_coordinate_available,check_dam
ANANTAPURAMU_IWMP-07_GORANTLA_p10_i5.jpg,ANANTAPURAMU_IWMP-07_GORANTLA.pdf,10,Anantapuramu,AP,water_conservation_structures,,,618,504,425.0,73.8,41.4,True,True,,True,ambiguous_promoted:monitoring_column_3_field_photo,,,,no_coordinate_available,check_dam
ANANTAPURAMU_IWMP-08_PUTTAPARTHI_p10_i13.jpg,ANANTAPURAMU_IWMP-08_PUTTAPARTHI.pdf,10,Anantapuramu,AP,vegetation_changes,,,618,504,364.0,51.6,37.7,True,True,,True,ambiguous_promoted:monitoring_column_3_field_photo,,,,no_coordinate_available,plantation
ANANTAPURAMU_IWMP-08_PUTTAPARTHI_p10_i5.jpg,ANANTAPURAMU_IWMP-08_PUTTAPARTHI.pdf,10,Anantapuramu,AP,vegetation_changes,,,618,504,236.0,74.2,52.6,True,True,,True,ambiguous_promoted:monitoring_column_3_field_photo,,,,no_coordinate_available,plantation
ANANTAPURAMU_IWMP-09_VARADAYAPALLE_p11_i13.jpg,ANANTAPURAMU_IWMP-09_VARADAYAPALLE.pdf,11,Anantapuramu,AP,vegetation_changes,,,618,504,185.0,61.6,28.0,True,True,,True,ambiguous_promoted:monitoring_column_3_field_photo,,,,no_coordinate_available,plantation
ANANTAPURAMU_IWMP-09_VARADAYAPALLE_p11_i5.jpg,ANANTAPURAMU_IWMP-09_VARADAYAPALLE.pdf,11,Anantapuramu,AP,vegetation_changes,,,618,504,298.0,66.8,43.5,True,True,,True,ambiguous_promoted:monitoring_column_3_field_photo,,,,no_coordinate_available,plantation
ANANTAPURAMU_IWMP-09_VARADAYAPALLE_p12_i8.jpg,ANANTAPURAMU_IWMP-09_VARADAYAPALLE.pdf,12,Anantapuramu,AP,unspecified,,,618,504,320.0,72.7,52.1,True,True,,True,ambiguous_promoted:monitoring_column_3_field_photo,,,,no_coordinate_available,check_dam
ANANTAPURAMU_IWMP-09_VARADAYAPALLE_p12_i9.jpg,ANANTAPURAMU_IWMP-09_VARADAYAPALLE.pdf,12,Anantapuramu,AP,unspecified,,,618,502,211.0,83.6,28.0,True,True,,True,ambiguous_promoted:monitoring_column_3_field_photo,,,,no_coordinate_available,check_dam
ANANTAPURAMU_IWMP-10_MUTTALA_p11_i5.jpg,ANANTAPURAMU_IWMP-10_MUTTALA.pdf,11,Anantapuramu,AP,water_conservation_structures,,,618,504,398.0,66.7,44.1,True,True,,True,ambiguous_promoted:monitoring_column_3_field_photo,,,,no_coordinate_available,farm_pond
ANANTAPURAMU_IWMP-10_MUTTALA_p12_i13.jpg,ANANTAPURAMU_IWMP-10_MUTTALA.pdf,12,Anantapuramu,AP,vegetation_changes,,,618,504,536.0,69.1,45.8,True,True,,True,ambiguous_promoted:monitoring_column_3_field_photo,,,,no_coordinate_available,plantation
ANANTAPURAMU_IWMP-10_MUTTALA_p12_i5.jpg,ANANTAPURAMU_IWMP-10_MUTTALA.pdf,12,Anantapuramu,AP,vegetation_changes,,,618,504,376.0,67.3,47.2,True,True,,True,ambiguous_promoted:monitoring_column_3_field_photo,,,,no_coordinate_available,plantation
ANANTAPURAMU_IWMP-11_M.N.PALLI__p10_i11.jpg,ANANTAPURAMU_IWMP-11_M.N.PALLI_.pdf,10,Anantapuramu,AP,vegetation_changes,,,618,504,430.0,48.8,35.0,True,True,,True,ambiguous_promoted:monitoring_column_3_field_photo,,,,no_coordinate_available,check_dam
ANANTAPURAMU_IWMP-11_M.N.PALLI__p10_i3.jpg,ANANTAPURAMU_IWMP-11_M.N.PALLI_.pdf,10,Anantapuramu,AP,vegetation_changes,,,618,504,266.0,76.3,54.9,True,True,,True,ambiguous_promoted:monitoring_column_3_field_photo,,,,no_coordinate_available,check_dam
ANANTAPURAMU_IWMP-11_M.N.PALLI__p11_i0.jpg,ANANTAPURAMU_IWMP-11_M.N.PALLI_.pdf,11,Anantapuramu,AP,water_conservation_structures,,,618,504,231.0,65.8,65.7,True,True,,True,ambiguous_promoted:monitoring_column_3_field_photo,,,,no_coordinate_available,percolation_tank
ANANTAPURAMU_IWMP-11_M.N.PALLI__p11_i9.jpg,ANANTAPURAMU_IWMP-11_M.N.PALLI_.pdf,11,Anantapuramu,AP,water_conservation_structures,,,618,504,350.0,53.1,53.4,True,True,,True,ambiguous_promoted:monitoring_column_3_field_photo,,,,no_coordinate_available,percolation_tank
ANANTAPURAMU_IWMP-12_THUMBIGANOOR_p10_i0.jpg,ANANTAPURAMU_IWMP-12_THUMBIGANOOR.pdf,10,Anantapuramu,AP,unspecified,,,618,504,292.0,79.7,16.8,True,True,,True,ambiguous_promoted:monitoring_column_3_field_photo,,,,no_coordinate_available,water_structure_other
ANANTAPURAMU_IWMP-12_THUMBIGANOOR_p10_i9.jpg,ANANTAPURAMU_IWMP-12_THUMBIGANOOR.pdf,10,Anantapuramu,AP,unspecified,,,618,504,350.0,53.1,53.4,True,True,,True,ambiguous_promoted:monitoring_column_3_field_photo,,,,no_coordinate_available,water_structure_other
ANANTAPURAMU_IWMP-12_THUMBIGANOOR_p9_i11.jpg,ANANTAPURAMU_IWMP-12_THUMBIGANOOR.pdf,9,Anantapuramu,AP,water_conservation_structures,,,618,504,207.0,75.9,32.4,True,True,,True,ambiguous_promoted:monitoring_column_3_field_photo,,,,no_coordinate_available,check_dam
ANANTAPURAMU_IWMP-12_THUMBIGANOOR_p9_i3.jpg,ANANTAPURAMU_IWMP-12_THUMBIGANOOR.pdf,9,Anantapuramu,AP,water_conservation_structures,,,618,504,155.0,45.2,29.1,True,True,,True,ambiguous_promoted:monitoring_column_3_field_photo,,,,no_coordinate_available,check_dam
ANANTAPURAMU_IWMP-14_MURADI_p11_i5.jpg,ANANTAPURAMU_IWMP-14_MURADI.pdf,11,Anantapuramu,AP,water_conservation_structures,,,618,464,198.0,51.0,79.3,True,True,,True,ambiguous_promoted:monitoring_column_3_field_photo,,,,no_coordinate_available,check_dam
ANANTAPURAMU_IWMP-14_MURADI_p12_i9.jpg,ANANTAPURAMU_IWMP-14_MURADI.pdf,12,Anantapuramu,AP,unspecified,,,618,503,326.0,75.4,47.5,True,True,,True,ambiguous_promoted:monitoring_column_3_field_photo,,,,no_coordinate_available,water_structure_other
ANANTAPURAMU_IWMP-15_LAKSHAMPALLI_p11_i6.jpg,ANANTAPURAMU_IWMP-15_LAKSHAMPALLI.pdf,11,Anantapuramu,AP,water_conservation_structures,,,618,504,739.0,66.8,55.9,True,True,,True,ambiguous_promoted:monitoring_column_3_field_photo,,,,no_coordinate_available,check_dam
ANANTAPURAMU_IWMP-16_GUGUDU_p8_i0.jpg,ANANTAPURAMU_IWMP-16_GUGUDU.pdf,8,Anantapuramu,AP,water_conservation_structures,,,615,502,200.0,74.5,30.6,True,True,,True,ambiguous_promoted:monitoring_column_3_field_photo,,14.683426,77.800006,project_level,farm_pond
ANANTAPURAMU_IWMP-16_GUGUDU_p8_i9.jpg,ANANTAPURAMU_IWMP-16_GUGUDU.pdf,8,Anantapuramu,AP,water_conservation_structures,,,615,502,426.0,68.1,35.6,True,True,,True,ambiguous_promoted:monitoring_column_3_field_photo,,14.683426,77.800006,project_level,farm_pond
ANANTAPURAMU_IWMP-17_BANDAMEEDIPALLE_p7_i0.jpg,ANANTAPURAMU_IWMP-17_BANDAMEEDIPALLE.pdf,7,Anantapuramu,AP,water_conservation_structures,,,554,422,332.0,63.4,52.4,True,True,,True,ambiguous_promoted:page_water_structure_keywords,,14.521239,77.534971,project_level,check_dam
ANANTAPURAMU_IWMP-17_BANDAMEEDIPALLE_p8_i13.jpg,ANANTAPURAMU_IWMP-17_BANDAMEEDIPALLE.pdf,8,Anantapuramu,AP,unspecified,,,615,502,306.0,61.9,51.9,True,True,,True,ambiguous_promoted:monitoring_column_3_field_photo,,14.521239,77.534971,project_level,farm_pond
ANANTAPURAMU_IWMP-17_BANDAMEEDIPALLE_p8_i5.jpg,ANANTAPURAMU_IWMP-17_BANDAMEEDIPALLE.pdf,8,Anantapuramu,AP,unspecified,,,615,502,315.0,42.6,67.3,True,True,,True,ambiguous_promoted:monitoring_column_3_field_photo,,14.521239,77.534971,project_level,farm_pond
ANANTAPURAMU_IWMP-17_BANDAMEEDIPALLE_p9_i0.jpg,ANANTAPURAMU_IWMP-17_BANDAMEEDIPALLE.pdf,9,Anantapuramu,AP,water_conservation_structures,,,615,502,269.0,62.0,49.9,True,True,,True,ambiguous_promoted:monitoring_column_3_field_photo,,14.521239,77.534971,project_level,farm_pond
ANANTAPURAMU_IWMP-17_BANDAMEEDIPALLE_p9_i9.jpg,ANANTAPURAMU_IWMP-17_BANDAMEEDIPALLE.pdf,9,Anantapuramu,AP,water_conservation_structures,,,615,502,241.0,33.9,51.5,True,True,,True,ambiguous_promoted:monitoring_column_3_field_photo,,14.521239,77.534971,project_level,farm_pond
ANANTAPURAMU_IWMP-18_KODIPALLI_p8_i13.jpg,ANANTAPURAMU_IWMP-18_KODIPALLI.pdf,8,Anantapuramu,AP,water_conservation_structures,,,615,502,247.0,56.5,51.5,True,True,,True,ambiguous_promoted:monitoring_column_3_field_photo,,13.810303,77.062154,project_level,farm_pond
ANANTAPURAMU_IWMP-18_KODIPALLI_p8_i5.jpg,ANANTAPURAMU_IWMP-18_KODIPALLI.pdf,8,Anantapuramu,AP,water_conservation_structures,,,615,502,327.0,63.9,45.5,True,True,,True,ambiguous_promoted:monitoring_column_3_field_photo,,13.810303,77.062154,project_level,farm_pond
ANANTAPURAMU_IWMP-18_KODIPALLI_p9_i5.jpg,ANANTAPURAMU_IWMP-18_KODIPALLI.pdf,9,Anantapuramu,AP,water_conservation_structures,,,615,502,433.0,64.7,59.3,True,True,,True,ambiguous_promoted:monitoring_column_3_field_photo,,13.810303,77.062154,project_level,farm_pond
ANANTAPURAMU_IWMP-19_KANAGANAPALLE_p8_i13.jpg,ANANTAPURAMU_IWMP-19_KANAGANAPALLE.pdf,8,Anantapuramu,AP,water_conservation_structures,,,615,502,269.0,78.3,44.6,True,True,,True,ambiguous_promoted:monitoring_column_3_field_photo,,14.397538,77.530606,project_level,farm_pond
ANANTAPURAMU_IWMP-20_GANTHIMARRI_p9_i13.jpg,ANANTAPURAMU_IWMP-20_GANTHIMARRI.pdf,9,Anantapuramu,AP,water_conservation_structures,,,615,502,352.0,74.6,45.8,True,True,,True,ambiguous_promoted:monitoring_column_3_field_photo,,14.348967,77.577333,project_level,check_dam
ANANTAPURAMU_IWMP-20_GANTHIMARRI_p9_i5.jpg,ANANTAPURAMU_IWMP-20_GANTHIMARRI.pdf,9,Anantapuramu,AP,water_conservation_structures,,,615,502,135.0,62.5,62.8,True,True,,True,ambiguous_promoted:monitoring_column_3_field_photo,,14.348967,77.577333,project_level,check_dam
ANANTAPURAMU_IWMP-21_KOPPALAKONDA_p7_i0.jpg,ANANTAPURAMU_IWMP-21_KOPPALAKONDA.pdf,7,Anantapuramu,AP,water_conservation_structures,,,554,403,184.0,40.4,79.2,True,True,,True,ambiguous_promoted:page_water_structure_keywords,,14.885875,77.502982,project_level,farm_pond
ANANTAPURAMU_IWMP-21_KOPPALAKONDA_p8_i13.jpg,ANANTAPURAMU_IWMP-21_KOPPALAKONDA.pdf,8,Anantapuramu,AP,water_conservation_structures,,,615,502,198.0,54.5,66.3,True,True,,True,ambiguous_promoted:monitoring_column_3_field_photo,,14.885875,77.502982,project_level,farm_pond
ANANTAPURAMU_IWMP-21_KOPPALAKONDA_p8_i5.jpg,ANANTAPURAMU_IWMP-21_KOPPALAKONDA.pdf,8,Anantapuramu,AP,water_conservation_structures,,,615,502,220.0,44.7,61.3,True,True,,True,ambiguous_promoted:monitoring_column_3_field_photo,,14.885875,77.502982,project_level,farm_pond
ANANTAPURAMU_IWMP-21_KOPPALAKONDA_p9_i13.jpg,ANANTAPURAMU_IWMP-21_KOPPALAKONDA.pdf,9,Anantapuramu,AP,unspecified,,,615,502,301.0,35.2,67.0,True,True,,True,ambiguous_promoted:monitoring_column_3_field_photo,,14.885875,77.502982,project_level,water_structure_other
ANANTAPURAMU_IWMP-22_KAMALAPADU_p8_i13.jpg,ANANTAPURAMU_IWMP-22_KAMALAPADU.pdf,8,Anantapuramu,AP,water_conservation_structures,,,615,502,246.0,40.9,70.0,True,True,,True,ambiguous_promoted:monitoring_column_3_field_photo,,15.108011,77.894937,project_level,check_dam
ANANTAPURAMU_IWMP-22_KAMALAPADU_p8_i5.jpg,ANANTAPURAMU_IWMP-22_KAMALAPADU.pdf,8,Anantapuramu,AP,water_conservation_structures,,,615,502,345.0,64.2,39.3,True,True,,True,ambiguous_promoted:monitoring_column_3_field_photo,,15.108011,77.894937,project_level,check_dam
ANANTAPURAMU_IWMP-22_KAMALAPADU_p9_i5.jpg,ANANTAPURAMU_IWMP-22_KAMALAPADU.pdf,9,Anantapuramu,AP,water_conservation_structures,,,615,346,197.0,49.3,40.9,True,True,,True,ambiguous_promoted:monitoring_column_3_field_photo,,15.108011,77.894937,project_level,check_dam
ANANTAPURAMU_IWMP-23_GUDIBANDA_p8_i13.jpg,ANANTAPURAMU_IWMP-23_GUDIBANDA.pdf,8,Anantapuramu,AP,water_conservation_structures,,,615,502,251.0,51.2,73.9,True,True,,True,ambiguous_promoted:monitoring_column_3_field_photo,,13.930913,77.09259,project_level,check_dam
ANANTAPURAMU_IWMP-23_GUDIBANDA_p8_i5.jpg,ANANTAPURAMU_IWMP-23_GUDIBANDA.pdf,8,Anantapuramu,AP,water_conservation_structures,,,615,502,272.0,60.8,60.6,True,True,,True,ambiguous_promoted:monitoring_column_3_field_photo,,13.930913,77.09259,project_level,check_dam
ANANTAPURAMU_IWMP-23_GUDIBANDA_p9_i13.jpg,ANANTAPURAMU_IWMP-23_GUDIBANDA.pdf,9,Anantapuramu,AP,water_conservation_structures,,,615,461,258.0,60.8,60.6,True,True,,True,ambiguous_promoted:monitoring_column_3_field_photo,,13.930913,77.09259,project_level,check_dam
ANANTAPURAMU_IWMP-23_GUDIBANDA_p9_i5.jpg,ANANTAPURAMU_IWMP-23_GUDIBANDA.pdf,9,Anantapuramu,AP,water_conservation_structures,,,615,502,283.0,72.0,51.3,True,True,,True,ambiguous_promoted:monitoring_column_3_field_photo,,13.930913,77.09259,project_level,check_dam
ANANTAPURAMU_IWMP-24_ETHODU_p8_i5.jpg,ANANTAPURAMU_IWMP-24_ETHODU.pdf,8,Anantapuramu,AP,unspecified,,,618,464,196.0,51.0,79.3,True,True,,True,ambiguous_promoted:monitoring_column_3_field_photo,,13.918721,78.154854,project_level,check_dam
ANANTAPURAMU_IWMP-24_ETHODU_p9_i0.jpg,ANANTAPURAMU_IWMP-24_ETHODU.pdf,9,Anantapuramu,AP,water_conservation_structures,,,618,504,264.0,68.3,58.4,True,True,,True,ambiguous_promoted:monitoring_column_3_field_photo,,13.918721,78.154854,project_level,check_dam
ANANTAPURAMU_IWMP-24_ETHODU_p9_i9.jpg,ANANTAPURAMU_IWMP-24_ETHODU.pdf,9,Anantapuramu,AP,water_conservation_structures,,,618,504,248.0,44.7,73.4,True,True,,True,ambiguous_promoted:monitoring_column_3_field_photo,,13.918721,78.154854,project_level,check_dam
ANANTAPURAMU_IWMP-25_NADIMPALLI_p8_i13.jpg,ANANTAPURAMU_IWMP-25_NADIMPALLI.pdf,8,Anantapuramu,AP,water_conservation_structures,,,615,502,319.0,60.4,44.3,True,True,,True,ambiguous_promoted:monitoring_column_3_field_photo,,14.072586,77.714079,project_level,check_dam
ANANTAPURAMU_IWMP-25_NADIMPALLI_p8_i5.jpg,ANANTAPURAMU_IWMP-25_NADIMPALLI.pdf,8,Anantapuramu,AP,water_conservation_structures,,,615,502,418.0,55.0,73.0,True,True,,True,ambiguous_promoted:monitoring_column_3_field_photo,,14.072586,77.714079,project_level,check_dam
ANANTAPURAMU_IWMP-25_NADIMPALLI_p9_i13.jpg,ANANTAPURAMU_IWMP-25_NADIMPALLI.pdf,9,Anantapuramu,AP,water_conservation_structures,,,615,502,358.0,51.9,64.8,True,True,,True,ambiguous_promoted:monitoring_column_3_field_photo,,14.072586,77.714079,project_level,check_dam
ANANTAPURAMU_IWMP-26_KUMMETHA_p8_i13.jpg,ANANTAPURAMU_IWMP-26_KUMMETHA.pdf,8,Anantapuramu,AP,unspecified,,,615,502,237.0,75.1,57.1,True,True,,True,ambiguous_promoted:monitoring_column_3_field_photo,,14.972864,77.844087,project_level,water_structure_other
ANANTAPURAMU_IWMP-26_KUMMETHA_p8_i5.jpg,ANANTAPURAMU_IWMP-26_KUMMETHA.pdf,8,Anantapuramu,AP,unspecified,,,615,502,228.0,42.1,52.8,True,True,,True,ambiguous_promoted:monitoring_column_3_field_photo,,14.972864,77.844087,project_level,water_structure_other
ANANTAPURAMU_IWMP-26_KUMMETHA_p9_i5.jpg,ANANTAPURAMU_IWMP-26_KUMMETHA.pdf,9,Anantapuramu,AP,water_conservation_structures,,,615,502,308.0,71.4,29.0,True,True,,True,ambiguous_promoted:monitoring_column_3_field_photo,,14.972864,77.844087,project_level,check_dam
ANANTAPURAMU_IWMP-27_-ITIKALAPALLI_p8_i13.jpg,ANANTAPURAMU_IWMP-27_-ITIKALAPALLI.pdf,8,Anantapuramu,AP,water_conservation_structures,,,615,502,217.0,51.4,38.3,True,True,,True,ambiguous_promoted:monitoring_column_3_field_photo,,14.569513,77.622718,project_level,check_dam
ANANTAPURAMU_IWMP-27_-ITIKALAPALLI_p9_i5.jpg,ANANTAPURAMU_IWMP-27_-ITIKALAPALLI.pdf,9,Anantapuramu,AP,water_conservation_structures,,,615,502,383.0,56.9,37.0,True,True,,True,ambiguous_promoted:monitoring_column_3_field_photo,,14.569513,77.622718,project_level,farm_pond
ANANTAPURAMU_IWMP-28_REDDYPALLY_p8_i5.jpg,ANANTAPURAMU_IWMP-28_REDDYPALLY.pdf,8,Anantapuramu,AP,water_conservation_structures,,,615,502,354.0,77.6,53.2,True,True,,True,ambiguous_promoted:monitoring_column_3_field_photo,,14.166477,78.036333,project_level,farm_pond
ANANTAPURAMU_IWMP-28_REDDYPALLY_p9_i13.jpg,ANANTAPURAMU_IWMP-28_REDDYPALLY.pdf,9,Anantapuramu,AP,vegetation_changes,,,615,502,449.0,48.5,42.5,True,True,,True,ambiguous_promoted:monitoring_column_3_field_photo,,14.166477,78.036333,project_level,plantation
ANANTAPURAMU_IWMP-29_THIMMASAMUDRAM_p8_i13.jpg,ANANTAPURAMU_IWMP-29_THIMMASAMUDRAM.pdf,8,Anantapuramu,AP,water_conservation_structures,,,615,502,359.0,49.5,68.6,True,True,,True,ambiguous_promoted:monitoring_column_3_field_photo,,14.520757,77.326347,project_level,check_dam
ANANTAPURAMU_IWMP-29_THIMMASAMUDRAM_p8_i5.jpg,ANANTAPURAMU_IWMP-29_THIMMASAMUDRAM.pdf,8,Anantapuramu,AP,water_conservation_structures,,,615,502,349.0,54.2,43.0,True,True,,True,ambiguous_promoted:monitoring_column_3_field_photo,,14.520757,77.326347,project_level,check_dam
ANANTAPURAMU_IWMP-29_THIMMASAMUDRAM_p9_i13.jpg,ANANTAPURAMU_IWMP-29_THIMMASAMUDRAM.pdf,9,Anantapuramu,AP,vegetation_changes,,,615,502,322.0,44.0,62.0,True,True,,True,ambiguous_promoted:monitoring_column_3_field_photo,,14.520757,77.326347,project_level,plantation
ANANTAPURAMU_IWMP-29_THIMMASAMUDRAM_p9_i5.jpg,ANANTAPURAMU_IWMP-29_THIMMASAMUDRAM.pdf,9,Anantapuramu,AP,vegetation_changes,,,615,502,390.0,48.0,59.7,True,True,,True,ambiguous_promoted:monitoring_column_3_field_photo,,14.520757,77.326347,project_level,plantation
ANANTAPURAMU_IWMP-30_MALLEPALLE_p8_i13.jpg,ANANTAPURAMU_IWMP-30_MALLEPALLE.pdf,8,Anantapuramu,AP,water_conservation_structures,,,615,502,263.0,62.5,39.2,True,True,,True,ambiguous_promoted:monitoring_column_3_field_photo,,13.929106,77.78279,project_level,check_dam
ANANTAPURAMU_IWMP-30_MALLEPALLE_p9_i13.jpg,ANANTAPURAMU_IWMP-30_MALLEPALLE.pdf,9,Anantapuramu,AP,unspecified,,,615,502,253.0,50.3,57.6,True,True,,True,ambiguous_promoted:monitoring_column_3_field_photo,,13.929106,77.78279,project_level,farm_pond
ANANTAPURAMU_IWMP-30_MALLEPALLE_p9_i5.jpg,ANANTAPURAMU_IWMP-30_MALLEPALLE.pdf,9,Anantapuramu,AP,unspecified,,,615,502,248.0,46.0,65.7,True,True,,True,ambiguous_promoted:monitoring_column_3_field_photo,,13.929106,77.78279,project_level,farm_pond
ANANTAPURAMU_IWMP-31_DAMPETLA_p8_i13.jpg,ANANTAPURAMU_IWMP-31_DAMPETLA.pdf,8,Anantapuramu,AP,water_conservation_structures,,,615,502,190.0,89.5,23.7,True,True,,True,ambiguous_promoted:monitoring_column_3_field_photo,,14.448104,77.902199,project_level,water_structure_other
ANANTAPURAMU_IWMP-31_DAMPETLA_p8_i5.jpg,ANANTAPURAMU_IWMP-31_DAMPETLA.pdf,8,Anantapuramu,AP,water_conservation_structures,,,615,502,268.0,46.9,52.2,True,True,,True,ambiguous_promoted:monitoring_column_3_field_photo,,14.448104,77.902199,project_level,farm_pond
ANANTAPURAMU_IWMP-31_DAMPETLA_p9_i13.jpg,ANANTAPURAMU_IWMP-31_DAMPETLA.pdf,9,Anantapuramu,AP,water_conservation_structures,,,615,502,598.0,70.4,48.5,True,True,,True,ambiguous_promoted:monitoring_column_3_field_photo,,14.448104,77.902199,project_level,farm_pond
ANANTAPURAMU_IWMP-31_DAMPETLA_p9_i5.jpg,ANANTAPURAMU_IWMP-31_DAMPETLA.pdf,9,Anantapuramu,AP,water_conservation_structures,,,615,502,204.0,50.1,25.3,True,True,,True,ambiguous_promoted:monitoring_column_3_field_photo,,14.448104,77.902199,project_level,farm_pond
ANANTAPURAMU_IWMP-32_BETHAPALLE_p8_i13.jpg,ANANTAPURAMU_IWMP-32_BETHAPALLE.pdf,8,Anantapuramu,AP,water_conservation_structures,,,615,502,111.0,41.2,63.2,True,True,,True,ambiguous_promoted:monitoring_column_3_field_photo,,15.209765,77.653209,project_level,check_dam
ANANTAPURAMU_IWMP-32_BETHAPALLE_p9_i13.jpg,ANANTAPURAMU_IWMP-32_BETHAPALLE.pdf,9,Anantapuramu,AP,vegetation_changes,,,615,502,210.0,64.6,46.5,True,True,,True,ambiguous_promoted:monitoring_column_3_field_photo,,15.209765,77.653209,project_level,plantation
ANANTAPURAMU_IWMP-33_BANDLAPALL_p8_i13.jpg,ANANTAPURAMU_IWMP-33_BANDLAPALL.pdf,8,Anantapuramu,AP,water_conservation_structures,,,615,502,367.0,47.5,51.5,True,True,,True,ambiguous_promoted:monitoring_column_3_field_photo,,14.132211,77.710656,project_level,water_structure_other
ANANTAPURAMU_IWMP-33_BANDLAPALL_p9_i13.jpg,ANANTAPURAMU_IWMP-33_BANDLAPALL.pdf,9,Anantapuramu,AP,water_conservation_structures,,,615,502,320.0,50.8,42.8,True,True,,True,ambiguous_promoted:monitoring_column_3_field_photo,,14.132211,77.710656,project_level,check_dam
ANANTAPURAMU_IWMP-33_BANDLAPALL_p9_i5.jpg,ANANTAPURAMU_IWMP-33_BANDLAPALL.pdf,9,Anantapuramu,AP,water_conservation_structures,,,615,502,233.0,67.7,57.3,True,True,,True,ambiguous_promoted:monitoring_column_3_field_photo,,14.132211,77.710656,project_level,check_dam
ANANTAPURAMU_IWMP-34_S.-KONDAPURAM_p8_i13.jpg,ANANTAPURAMU_IWMP-34_S.-KONDAPURAM.pdf,8,Anantapuramu,AP,water_conservation_structures,,,615,502,209.0,63.0,55.6,True,True,,True,ambiguous_promoted:monitoring_column_3_field_photo,,14.499506,77.01774,project_level,check_dam
ANANTAPURAMU_IWMP-34_S.-KONDAPURAM_p8_i5.jpg,ANANTAPURAMU_IWMP-34_S.-KONDAPURAM.pdf,8,Anantapuramu,AP,water_conservation_structures,,,615,502,154.0,59.6,42.8,True,True,,True,ambiguous_promoted:monitoring_column_3_field_photo,,14.499506,77.01774,project_level,check_dam
ANANTAPURAMU_IWMP-34_S.-KONDAPURAM_p9_i13.jpg,ANANTAPURAMU_IWMP-34_S.-KONDAPURAM.pdf,9,Anantapuramu,AP,water_conservation_structures,,,615,502,295.0,55.6,60.3,True,True,,True,ambiguous_promoted:monitoring_column_3_field_photo,,14.499506,77.01774,project_level,check_dam
ANANTAPURAMU_IWMP-34_S.-KONDAPURAM_p9_i5.jpg,ANANTAPURAMU_IWMP-34_S.-KONDAPURAM.pdf,9,Anantapuramu,AP,water_conservation_structures,,,615,502,356.0,52.2,60.9,True,True,,True,ambiguous_promoted:monitoring_column_3_field_photo,,14.499506,77.01774,project_level,check_dam
ANANTAPURAMU_IWMP-35_MORASANIPALLI_p9_i13.jpg,ANANTAPURAMU_IWMP-35_MORASANIPALLI.pdf,9,Anantapuramu,AP,water_conservation_structures,,,615,502,230.0,59.5,28.6,True,True,,True,ambiguous_promoted:monitoring_column_3_field_photo,,13.859821,77.767131,project_level,farm_pond
ANANTAPURAMU_IWMP-35_MORASANIPALLI_p9_i5.jpg,ANANTAPURAMU_IWMP-35_MORASANIPALLI.pdf,9,Anantapuramu,AP,water_conservation_structures,,,615,502,225.0,51.5,59.5,True,True,,True,ambiguous_promoted:monitoring_column_3_field_photo,,13.859821,77.767131,project_level,farm_pond
ANANTAPURAMU_IWMP-36_KUNTHURU_p8_i13.jpg,ANANTAPURAMU_IWMP-36_KUNTHURU.pdf,8,Anantapuramu,AP,water_conservation_structures,,,615,502,165.0,66.8,53.3,True,True,,True,ambiguous_promoted:monitoring_column_3_field_photo,,14.378101,77.686719,project_level,check_dam
ANANTAPURAMU_IWMP-36_KUNTHURU_p8_i5.jpg,ANANTAPURAMU_IWMP-36_KUNTHURU.pdf,8,Anantapuramu,AP,water_conservation_structures,,,615,502,230.0,31.7,48.2,True,True,,True,ambiguous_promoted:monitoring_column_3_field_photo,,14.378101,77.686719,project_level,check_dam
ANANTAPURAMU_IWMP-36_KUNTHURU_p9_i5.jpg,ANANTAPURAMU_IWMP-36_KUNTHURU.pdf,9,Anantapuramu,AP,water_conservation_structures,,,615,502,386.0,68.0,50.1,True,True,,True,ambiguous_promoted:monitoring_column_3_field_photo,,14.378101,77.686719,project_level,farm_pond
ANANTAPURAMU_IWMP-37_GARUDACHEDU_p8_i13.jpg,ANANTAPURAMU_IWMP-37_GARUDACHEDU.pdf,8,Anantapuramu,AP,water_conservation_structures,,,615,502,269.0,53.6,37.8,True,True,,True,ambiguous_promoted:monitoring_column_3_field_photo,,14.884595,77.106444,project_level,check_dam
ANANTAPURAMU_IWMP-37_GARUDACHEDU_p9_i5.jpg,ANANTAPURAMU_IWMP-37_GARUDACHEDU.pdf,9,Anantapuramu,AP,water_conservation_structures,,,615,502,238.0,57.9,60.4,True,True,,True,ambiguous_promoted:monitoring_column_3_field_photo,,14.884595,77.106444,project_level,farm_pond
ANANTAPURAMU_IWMP-38_D.HIREHAL-COMP_p8_i5.jpg,ANANTAPURAMU_IWMP-38_D.HIREHAL-COMP.pdf,8,Anantapuramu,AP,water_conservation_structures,,,615,502,414.0,58.6,43.0,True,True,,True,ambiguous_promoted:monitoring_column_3_field_photo,,14.991487,76.870403,project_level,check_dam
ANANTAPURAMU_IWMP-38_D.HIREHAL-COMP_p9_i13.jpg,ANANTAPURAMU_IWMP-38_D.HIREHAL-COMP.pdf,9,Anantapuramu,AP,water_conservation_structures,,,615,502,537.0,52.5,45.2,True,True,,True,ambiguous_promoted:monitoring_column_3_field_photo,,14.991487,76.870403,project_level,check_dam
ANANTAPURAMU_IWMP-38_D.HIREHAL-COMP_p9_i5.jpg,ANANTAPURAMU_IWMP-38_D.HIREHAL-COMP.pdf,9,Anantapuramu,AP,water_conservation_structures,,,615,502,216.0,48.1,68.4,True,True,,True,ambiguous_promoted:monitoring_column_3_field_photo,,14.991487,76.870403,project_level,check_dam
ANANTAPURAMU_IWMP-39_AMIDALA_p8_i5.jpg,ANANTAPURAMU_IWMP-39_AMIDALA.pdf,8,Anantapuramu,AP,unspecified,,,618,464,198.0,51.0,79.3,True,True,,True,ambiguous_promoted:monitoring_column_3_field_photo,,14.877298,77.245636,project_level,check_dam
ANANTAPURAMU_IWMP-39_AMIDALA_p9_i0.jpg,ANANTAPURAMU_IWMP-39_AMIDALA.pdf,9,Anantapuramu,AP,water_conservation_structures,,,618,504,265.0,68.3,58.4,True,True,,True,ambiguous_promoted:monitoring_column_3_field_photo,,14.877298,77.245636,project_level,check_dam
ANANTAPURAMU_IWMP-39_AMIDALA_p9_i9.jpg,ANANTAPURAMU_IWMP-39_AMIDALA.pdf,9,Anantapuramu,AP,water_conservation_structures,,,618,504,248.0,44.7,73.4,True,True,,True,ambiguous_promoted:monitoring_column_3_field_photo,,14.877298,77.245636,project_level,check_dam
ANANTAPURAMU_IWMP-40_-KONDIGATTUPALLI_p8_i5.jpg,ANANTAPURAMU_IWMP-40_-KONDIGATTUPALLI.pdf,8,Anantapuramu,AP,unspecified,,,618,464,196.0,51.0,79.3,True,True,,True,ambiguous_promoted:monitoring_column_3_field_photo,,14.281107,78.04271,project_level,check_dam
ANANTAPURAMU_IWMP-40_-KONDIGATTUPALLI_p9_i0.jpg,ANANTAPURAMU_IWMP-40_-KONDIGATTUPALLI.pdf,9,Anantapuramu,AP,water_conservation_structures,,,618,504,264.0,68.3,58.4,True,True,,True,ambiguous_promoted:monitoring_column_3_field_photo,,14.281107,78.04271,project_level,check_dam
ANANTAPURAMU_IWMP-40_-KONDIGATTUPALLI_p9_i9.jpg,ANANTAPURAMU_IWMP-40_-KONDIGATTUPALLI.pdf,9,Anantapuramu,AP,water_conservation_structures,,,618,504,248.0,44.7,73.4,True,True,,True,ambiguous_promoted:monitoring_column_3_field_photo,,14.281107,78.04271,project_level,check_dam
ANANTAPURAMU_IWMP-41_PULAKUNTA_p8_i13.jpg,ANANTAPURAMU_IWMP-41_PULAKUNTA.pdf,8,Anantapuramu,AP,unspecified,,,615,502,345.0,66.7,55.4,True,True,,True,ambiguous_promoted:monitoring_column_3_field_photo,,14.661266,76.864065,project_level,water_structure_other
ANANTAPURAMU_IWMP-41_PULAKUNTA_p8_i5.jpg,ANANTAPURAMU_IWMP-41_PULAKUNTA.pdf,8,Anantapuramu,AP,unspecified,,,615,502,580.0,67.7,45.4,True,True,,True,ambiguous_promoted:monitoring_column_3_field_photo,,14.661266,76.864065,project_level,water_structure_other
ANANTAPURAMU_IWMP-41_PULAKUNTA_p9_i13.jpg,ANANTAPURAMU_IWMP-41_PULAKUNTA.pdf,9,Anantapuramu,AP,water_conservation_structures,,,615,461,241.0,47.5,41.0,True,True,,True,ambiguous_promoted:monitoring_column_3_field_photo,,14.661266,76.864065,project_level,farm_pond
ANANTAPURAMU_IWMP-41_PULAKUNTA_p9_i5.jpg,ANANTAPURAMU_IWMP-41_PULAKUNTA.pdf,9,Anantapuramu,AP,water_conservation_structures,,,615,502,310.0,61.1,46.0,True,True,,True,ambiguous_promoted:monitoring_column_3_field_photo,,14.661266,76.864065,project_level,check_dam
ANANTAPURAMU_IWMP-42_MARURU_p8_i13.jpg,ANANTAPURAMU_IWMP-42_MARURU.pdf,8,Anantapuramu,AP,water_conservation_structures,,,615,502,280.0,61.4,61.7,True,True,,True,ambiguous_promoted:monitoring_column_3_field_photo,,14.512743,77.644428,project_level,check_dam
ANANTAPURAMU_IWMP-42_MARURU_p8_i6.jpg,ANANTAPURAMU_IWMP-42_MARURU.pdf,8,Anantapuramu,AP,water_conservation_structures,,,615,502,245.0,45.6,75.2,True,True,,True,ambiguous_promoted:monitoring_column_3_field_photo,,14.512743,77.644428,project_level,check_dam
ANANTAPURAMU_IWMP-42_MARURU_p9_i0.jpg,ANANTAPURAMU_IWMP-42_MARURU.pdf,9,Anantapuramu,AP,water_conservation_structures,,,615,502,307.0,42.5,77.4,True,True,,True,ambiguous_promoted:monitoring_column_3_field_photo,,14.512743,77.644428,project_level,farm_pond
ANANTAPURAMU_IWMP-42_MARURU_p9_i9.jpg,ANANTAPURAMU_IWMP-42_MARURU.pdf,9,Anantapuramu,AP,water_conservation_structures,,,615,502,167.0,42.5,44.8,True,True,,True,ambiguous_promoted:monitoring_column_3_field_photo,,14.512743,77.644428,project_level,farm_pond
ANANTAPURAMU_IWMP-43_NASANAKOTA_p8_i13.jpg,ANANTAPURAMU_IWMP-43_NASANAKOTA.pdf,8,Anantapuramu,AP,unspecified,,,615,502,292.0,50.6,74.1,True,True,,True,ambiguous_promoted:monitoring_column_3_field_photo,,14.365156,77.44456,project_level,water_structure_other
ANANTAPURAMU_IWMP-43_NASANAKOTA_p8_i6.jpg,ANANTAPURAMU_IWMP-43_NASANAKOTA.pdf,8,Anantapuramu,AP,unspecified,,,615,502,324.0,51.0,61.3,True,True,,True,ambiguous_promoted:monitoring_column_3_field_photo,,14.365156,77.44456,project_level,water_structure_other
ANANTAPURAMU_IWMP-43_NASANAKOTA_p9_i0.jpg,ANANTAPURAMU_IWMP-43_NASANAKOTA.pdf,9,Anantapuramu,AP,water_conservation_structures,,,615,502,492.0,65.4,37.0,True,True,,True,ambiguous_promoted:monitoring_column_3_field_photo,,14.365156,77.44456,project_level,farm_pond
ANANTAPURAMU_IWMP-43_NASANAKOTA_p9_i9.jpg,ANANTAPURAMU_IWMP-43_NASANAKOTA.pdf,9,Anantapuramu,AP,water_conservation_structures,,,615,502,340.0,62.7,54.4,True,True,,True,ambiguous_promoted:monitoring_column_3_field_photo,,14.365156,77.44456,project_level,farm_pond
ANANTAPURAMU_IWMP-44_MUSTIKOVELA_p8_i13.jpg,ANANTAPURAMU_IWMP-44_MUSTIKOVELA.pdf,8,Anantapuramu,AP,water_conservation_structures,,,615,502,278.0,77.6,30.0,True,True,,True,ambiguous_promoted:monitoring_column_3_field_photo,,14.250027,77.547363,project_level,check_dam
ANANTAPURAMU_IWMP-44_MUSTIKOVELA_p8_i6.jpg,ANANTAPURAMU_IWMP-44_MUSTIKOVELA.pdf,8,Anantapuramu,AP,water_conservation_structures,,,615,502,370.0,49.0,48.2,True,True,,True,ambiguous_promoted:monitoring_column_3_field_photo,,14.250027,77.547363,project_level,check_dam
ANANTAPURAMU_IWMP-45_PALAVAI_p8_i12.jpg,ANANTAPURAMU_IWMP-45_PALAVAI.pdf,8,Anantapuramu,AP,water_conservation_structures,,,615,502,339.0,41.0,51.5,True,True,,True,ambiguous_promoted:monitoring_column_3_field_photo,,14.486812,77.155884,project_level,farm_pond
ANANTAPURAMU_IWMP-45_PALAVAI_p8_i6.jpg,ANANTAPURAMU_IWMP-45_PALAVAI.pdf,8,Anantapuramu,AP,water_conservation_structures,,,615,502,320.0,61.6,32.6,True,True,,True,ambiguous_promoted:monitoring_column_3_field_photo,,14.486812,77.155884,project_level,farm_pond
ANANTAPURAMU_IWMP-46_MELAVOI_p9_i9.jpg,ANANTAPURAMU_IWMP-46_MELAVOI.pdf,9,Anantapuramu,AP,water_conservation_structures,,,615,502,311.0,62.9,60.0,True,True,,True,ambiguous_promoted:monitoring_column_3_field_photo,,13.944697,77.316686,project_level,farm_pond
ANANTAPURAMU_IWMP-47_BODIGANIDODDI_p8_i13.jpg,ANANTAPURAMU_IWMP-47_BODIGANIDODDI.pdf,8,Anantapuramu,AP,water_conservation_structures,,,615,502,282.0,58.7,65.9,True,True,,True,ambiguous_promoted:monitoring_column_3_field_photo,,14.758557,77.68021,project_level,farm_pond
ANANTAPURAMU_IWMP-47_BODIGANIDODDI_p8_i6.jpg,ANANTAPURAMU_IWMP-47_BODIGANIDODDI.pdf,8,Anantapuramu,AP,water_conservation_structures,,,615,502,280.0,68.2,39.0,True,True,,True,ambiguous_promoted:monitoring_column_3_field_photo,,14.758557,77.68021,project_level,farm_pond
ANANTAPURAMU_IWMP-47_BODIGANIDODDI_p9_i0.jpg,ANANTAPURAMU_IWMP-47_BODIGANIDODDI.pdf,9,Anantapuramu,AP,water_conservation_structures,,,615,502,232.0,47.1,81.8,True,True,,True,ambiguous_promoted:monitoring_column_3_field_photo,,14.758557,77.68021,project_level,farm_pond
ANANTAPURAMU_IWMP-48_BUDIGUMMA_p9_i0.jpg,ANANTAPURAMU_IWMP-48_BUDIGUMMA.pdf,9,Anantapuramu,AP,water_conservation_structures,,,615,502,601.0,70.3,50.3,True,True,,True,ambiguous_promoted:monitoring_column_3_field_photo,,14.666873,77.248651,project_level,farm_pond
ANANTAPURAMU_IWMP-48_BUDIGUMMA_p9_i9.jpg,ANANTAPURAMU_IWMP-48_BUDIGUMMA.pdf,9,Anantapuramu,AP,water_conservation_structures,,,615,502,436.0,34.1,67.4,True,True,,True,ambiguous_promoted:monitoring_column_3_field_photo,,14.666873,77.248651,project_level,farm_pond
ANANTAPURAMU_IWMP-49_KUNDURPI_p8_i13.jpg,ANANTAPURAMU_IWMP-49_KUNDURPI.pdf,8,Anantapuramu,AP,water_conservation_structures,,,615,502,548.0,61.0,40.4,True,True,,True,ambiguous_promoted:monitoring_column_3_field_photo,,14.292337,77.051286,project_level,check_dam
ANANTAPURAMU_IWMP-49_KUNDURPI_p8_i6.jpg,ANANTAPURAMU_IWMP-49_KUNDURPI.pdf,8,Anantapuramu,AP,water_conservation_structures,,,615,502,337.0,63.4,41.9,True,True,,True,ambiguous_promoted:monitoring_column_3_field_photo,,14.292337,77.051286,project_level,check_dam
ANANTAPURAMU_IWMP-49_KUNDURPI_p9_i0.jpg,ANANTAPURAMU_IWMP-49_KUNDURPI.pdf,9,Anantapuramu,AP,water_conservation_structures,,,615,502,296.0,58.4,52.4,True,True,,True,ambiguous_promoted:monitoring_column_3_field_photo,,14.292337,77.051286,project_level,check_dam
ANANTAPURAMU_IWMP-49_KUNDURPI_p9_i9.jpg,ANANTAPURAMU_IWMP-49_KUNDURPI.pdf,9,Anantapuramu,AP,water_conservation_structures,,,615,502,240.0,56.5,69.4,True,True,,True,ambiguous_promoted:monitoring_column_3_field_photo,,14.292337,77.051286,project_level,check_dam
ANANTAPURAMU_IWMP-50_SALAKAMCHERUVU_p8_i6.jpg,ANANTAPURAMU_IWMP-50_SALAKAMCHERUVU.pdf,8,Anantapuramu,AP,water_conservation_structures,,,615,502,370.0,65.8,49.0,True,True,,True,ambiguous_promoted:monitoring_column_3_field_photo,,14.835829,77.736718,project_level,farm_pond
ANANTAPURAMU_IWMP-50_SALAKAMCHERUVU_p9_i0.jpg,ANANTAPURAMU_IWMP-50_SALAKAMCHERUVU.pdf,9,Anantapuramu,AP,vegetation_changes,,,615,502,255.0,78.4,41.4,True,True,,True,ambiguous_promoted:monitoring_column_3_field_photo,,14.835829,77.736718,project_level,plantation
ANANTAPURAMU_IWMP-50_SALAKAMCHERUVU_p9_i9.jpg,ANANTAPURAMU_IWMP-50_SALAKAMCHERUVU.pdf,9,Anantapuramu,AP,vegetation_changes,,,615,502,468.0,60.3,45.5,True,True,,True,ambiguous_promoted:monitoring_column_3_field_photo,,14.835829,77.736718,project_level,plantation
ANANTAPURAMU_IWMP-51_KUDAIR_p8_i13.jpg,ANANTAPURAMU_IWMP-51_KUDAIR.pdf,8,Anantapuramu,AP,water_conservation_structures,,,615,502,224.0,54.0,66.1,True,True,,True,ambiguous_promoted:monitoring_column_3_field_photo,,14.738478,77.409443,project_level,farm_pond
ANANTAPURAMU_IWMP-51_KUDAIR_p8_i6.jpg,ANANTAPURAMU_IWMP-51_KUDAIR.pdf,8,Anantapuramu,AP,water_conservation_structures,,,615,502,351.0,54.2,43.8,True,True,,True,ambiguous_promoted:monitoring_column_3_field_photo,,14.738478,77.409443,project_level,farm_pond
ANANTAPURAMU_IWMP-51_KUDAIR_p9_i0.jpg,ANANTAPURAMU_IWMP-51_KUDAIR.pdf,9,Anantapuramu,AP,vegetation_changes,,,615,502,180.0,60.8,53.2,True,True,,True,ambiguous_promoted:monitoring_column_3_field_photo,,14.738478,77.409443,project_level,plantation
ANANTAPURAMU_IWMP-51_KUDAIR_p9_i9.jpg,ANANTAPURAMU_IWMP-51_KUDAIR.pdf,9,Anantapuramu,AP,vegetation_changes,,,615,502,273.0,95.9,20.2,True,True,,True,ambiguous_promoted:monitoring_column_3_field_photo,,14.738478,77.409443,project_level,plantation
ANANTAPURAMU_IWMP-52_KOGIRA_p8_i13.jpg,ANANTAPURAMU_IWMP-52_KOGIRA.pdf,8,Anantapuramu,AP,water_conservation_structures,,,615,502,389.0,53.2,42.4,True,True,,True,ambiguous_promoted:monitoring_column_3_field_photo,,14.109672,77.475183,project_level,check_dam
ANANTAPURAMU_IWMP-52_KOGIRA_p8_i6.jpg,ANANTAPURAMU_IWMP-52_KOGIRA.pdf,8,Anantapuramu,AP,water_conservation_structures,,,615,502,286.0,55.5,55.0,True,True,,True,ambiguous_promoted:monitoring_column_3_field_photo,,14.109672,77.475183,project_level,check_dam
ANANTAPURAMU_IWMP-52_KOGIRA_p9_i0.jpg,ANANTAPURAMU_IWMP-52_KOGIRA.pdf,9,Anantapuramu,AP,vegetation_changes,,,615,502,348.0,78.6,32.8,True,True,,True,ambiguous_promoted:monitoring_column_3_field_photo,,14.109672,77.475183,project_level,plantation
ANANTAPURAMU_IWMP-52_KOGIRA_p9_i9.jpg,ANANTAPURAMU_IWMP-52_KOGIRA.pdf,9,Anantapuramu,AP,vegetation_changes,,,615,502,517.0,61.1,53.1,True,True,,True,ambiguous_promoted:monitoring_column_3_field_photo,,14.109672,77.475183,project_level,plantation
ANANTAPURAMU_IWMP-53_DARSIMALA_p8_i13.jpg,ANANTAPURAMU_IWMP-53_DARSIMALA.pdf,8,Anantapuramu,AP,water_conservation_structures,,,615,502,323.0,54.6,59.7,True,True,,True,ambiguous_promoted:monitoring_column_3_field_photo,,14.371916,77.828077,project_level,check_dam
ANANTAPURAMU_IWMP-53_DARSIMALA_p9_i0.jpg,ANANTAPURAMU_IWMP-53_DARSIMALA.pdf,9,Anantapuramu,AP,water_conservation_structures,,,615,502,119.0,35.1,87.6,True,True,,True,ambiguous_promoted:monitoring_column_3_field_photo,,14.371916,77.828077,project_level,farm_pond
ANANTAPURAMU_IWMP-54_TALUPULA_p8_i6.jpg,ANANTAPURAMU_IWMP-54_TALUPULA.pdf,8,Anantapuramu,AP,water_conservation_structures,,,615,502,452.0,69.3,45.9,True,True,,True,ambiguous_promoted:monitoring_column_3_field_photo,,14.251541,78.201053,project_level,farm_pond
ANANTAPURAMU_IWMP-54_TALUPULA_p9_i0.jpg,ANANTAPURAMU_IWMP-54_TALUPULA.pdf,9,Anantapuramu,AP,vegetation_changes,,,615,502,343.0,57.3,46.5,True,True,,True,ambiguous_promoted:monitoring_column_3_field_photo,,14.251541,78.201053,project_level,plantation
ANANTAPURAMU_IWMP-54_TALUPULA_p9_i9.jpg,ANANTAPURAMU_IWMP-54_TALUPULA.pdf,9,Anantapuramu,AP,vegetation_changes,,,615,502,260.0,61.4,58.9,True,True,,True,ambiguous_promoted:monitoring_column_3_field_photo,,14.251541,78.201053,project_level,plantation
ANANTAPURAMU_IWMP-55_GANIGERA_p8_i13.jpg,ANANTAPURAMU_IWMP-55_GANIGERA.pdf,8,Anantapuramu,AP,water_conservation_structures,,,640,480,307.0,66.3,52.5,True,True,,True,ambiguous_promoted:monitoring_column_3_field_photo,,14.849999,76.955361,project_level,check_dam
ANANTAPURAMU_IWMP-55_GANIGERA_p8_i6.jpg,ANANTAPURAMU_IWMP-55_GANIGERA.pdf,8,Anantapuramu,AP,water_conservation_structures,,,615,502,278.0,81.8,24.2,True,True,,True,ambiguous_promoted:monitoring_column_3_field_photo,,14.849999,76.955361,project_level,check_dam
ANANTAPURAMU_IWMP-55_GANIGERA_p9_i0.jpg,ANANTAPURAMU_IWMP-55_GANIGERA.pdf,9,Anantapuramu,AP,water_conservation_structures,,,615,502,244.0,51.3,66.5,True,True,,True,ambiguous_promoted:monitoring_column_3_field_photo,,14.849999,76.955361,project_level,check_dam
ANANTAPURAMU_IWMP-55_GANIGERA_p9_i9.jpg,ANANTAPURAMU_IWMP-55_GANIGERA.pdf,9,Anantapuramu,AP,water_conservation_structures,,,615,502,323.0,54.9,46.2,True,True,,True,ambiguous_promoted:monitoring_column_3_field_photo,,14.849999,76.955361,project_level,check_dam
ANANTAPURAMU_IWMP-56_APPECHERLA_p8_i13.jpg,ANANTAPURAMU_IWMP-56_APPECHERLA.pdf,8,Anantapuramu,AP,water_conservation_structures,,,615,502,380.0,55.5,66.5,True,True,,True,ambiguous_promoted:monitoring_column_3_field_photo,,15.063962,77.747741,project_level,farm_pond
ANANTAPURAMU_IWMP-56_APPECHERLA_p8_i6.jpg,ANANTAPURAMU_IWMP-56_APPECHERLA.pdf,8,Anantapuramu,AP,water_conservation_structures,,,615,502,159.0,79.2,22.1,True,True,,True,ambiguous_promoted:monitoring_column_3_field_photo,,15.063962,77.747741,project_level,farm_pond
ANANTAPURAMU_IWMP-56_APPECHERLA_p9_i0.jpg,ANANTAPURAMU_IWMP-56_APPECHERLA.pdf,9,Anantapuramu,AP,water_conservation_structures,,,615,502,234.0,35.8,69.7,True,True,,True,ambiguous_promoted:monitoring_column_3_field_photo,,15.063962,77.747741,project_level,farm_pond
ANANTAPURAMU_IWMP-56_APPECHERLA_p9_i9.jpg,ANANTAPURAMU_IWMP-56_APPECHERLA.pdf,9,Anantapuramu,AP,water_conservation_structures,,,615,502,217.0,49.7,53.1,True,True,,True,ambiguous_promoted:monitoring_column_3_field_photo,,15.063962,77.747741,project_level,farm_pond
ANANTAPURAMU_IWMP-57_GUNJEPALLI_p8_i13.jpg,ANANTAPURAMU_IWMP-57_GUNJEPALLI.pdf,8,Anantapuramu,AP,water_conservation_structures,,,615,502,285.0,79.1,24.7,True,True,,True,ambiguous_promoted:monitoring_column_3_field_photo,,14.40207,77.936949,project_level,check_dam
ANANTAPURAMU_IWMP-57_GUNJEPALLI_p8_i6.jpg,ANANTAPURAMU_IWMP-57_GUNJEPALLI.pdf,8,Anantapuramu,AP,water_conservation_structures,,,615,502,257.0,35.3,78.0,True,True,,True,ambiguous_promoted:monitoring_column_3_field_photo,,14.40207,77.936949,project_level,check_dam
ANANTAPURAMU_IWMP-57_GUNJEPALLI_p9_i0.jpg,ANANTAPURAMU_IWMP-57_GUNJEPALLI.pdf,9,Anantapuramu,AP,water_conservation_structures,,,615,502,396.0,65.7,37.7,True,True,,True,ambiguous_promoted:monitoring_column_3_field_photo,,14.40207,77.936949,project_level,farm_pond
ANANTAPURAMU_IWMP-57_GUNJEPALLI_p9_i9.jpg,ANANTAPURAMU_IWMP-57_GUNJEPALLI.pdf,9,Anantapuramu,AP,water_conservation_structures,,,615,502,354.0,84.1,17.8,True,True,,True,ambiguous_promoted:monitoring_column_3_field_photo,,14.40207,77.936949,project_level,farm_pond
ANANTAPURAMU_IWMP-58_MULAKANURU_p8_i6.jpg,ANANTAPURAMU_IWMP-58_MULAKANURU.pdf,8,Anantapuramu,AP,vegetation_changes,,,615,502,292.0,47.9,70.9,True,True,,True,ambiguous_promoted:monitoring_column_3_field_photo,,15.063962,77.747741,project_level,plantation
ANANTAPURAMU_IWMP-58_MULAKANURU_p9_i0.jpg,ANANTAPURAMU_IWMP-58_MULAKANURU.pdf,9,Anantapuramu,AP,vegetation_changes,,,615,502,250.0,74.0,48.3,True,True,,True,ambiguous_promoted:monitoring_column_3_field_photo,,15.063962,77.747741,project_level,plantation
ANANTAPURAMU_IWMP-58_MULAKANURU_p9_i9.jpg,ANANTAPURAMU_IWMP-58_MULAKANURU.pdf,9,Anantapuramu,AP,vegetation_changes,,,615,502,395.0,71.9,41.3,True,True,,True,ambiguous_promoted:monitoring_column_3_field_photo,,15.063962,77.747741,project_level,plantation
ANANTAPURAMU_IWMP-59_VIDAPANAKAL_p8_i13.jpg,ANANTAPURAMU_IWMP-59_VIDAPANAKAL.pdf,8,Anantapuramu,AP,water_conservation_structures,,,615,502,326.0,42.4,51.0,True,True,,True,ambiguous_promoted:monitoring_column_3_field_photo,,15.112337,77.199662,project_level,farm_pond
ANANTAPURAMU_IWMP-59_VIDAPANAKAL_p9_i0.jpg,ANANTAPURAMU_IWMP-59_VIDAPANAKAL.pdf,9,Anantapuramu,AP,water_conservation_structures,,,615,502,204.0,44.1,74.5,True,True,,True,ambiguous_promoted:monitoring_column_3_field_photo,,15.112337,77.199662,project_level,farm_pond
ANANTAPURAMU_IWMP-59_VIDAPANAKAL_p9_i9.jpg,ANANTAPURAMU_IWMP-59_VIDAPANAKAL.pdf,9,Anantapuramu,AP,water_conservation_structures,,,615,502,229.0,44.9,53.0,True,True,,True,ambiguous_promoted:monitoring_column_3_field_photo,,15.112337,77.199662,project_level,farm_pond
ANANTAPURAMU_IWMP-60_KUNUKUNTLA_p8_i13.jpg,ANANTAPURAMU_IWMP-60_KUNUKUNTLA.pdf,8,Anantapuramu,AP,water_conservation_structures,,,615,502,254.0,52.0,34.0,True,True,,True,ambiguous_promoted:monitoring_column_3_field_photo,,14.64137,77.874585,project_level,farm_pond
ANANTAPURAMU_IWMP-60_KUNUKUNTLA_p8_i6.jpg,ANANTAPURAMU_IWMP-60_KUNUKUNTLA.pdf,8,Anantapuramu,AP,water_conservation_structures,,,615,502,317.0,58.9,52.9,True,True,,True,ambiguous_promoted:monitoring_column_3_field_photo,,14.64137,77.874585,project_level,farm_pond
ANANTAPURAMU_IWMP-60_KUNUKUNTLA_p9_i0.jpg,ANANTAPURAMU_IWMP-60_KUNUKUNTLA.pdf,9,Anantapuramu,AP,water_conservation_structures,,,615,502,461.0,48.8,40.8,True,True,,True,ambiguous_promoted:monitoring_column_3_field_photo,,14.64137,77.874585,project_level,farm_pond
ANANTAPURAMU_IWMP-60_KUNUKUNTLA_p9_i9.jpg,ANANTAPURAMU_IWMP-60_KUNUKUNTLA.pdf,9,Anantapuramu,AP,water_conservation_structures,,,615,502,308.0,47.6,39.5,True,True,,True,ambiguous_promoted:monitoring_column_3_field_photo,,14.64137,77.874585,project_level,farm_pond
ANANTAPURAMU_IWMP-61_MALUGURU_p8_i13.jpg,ANANTAPURAMU_IWMP-61_MALUGURU.pdf,8,Anantapuramu,AP,water_conservation_structures,,,615,502,224.0,63.0,42.5,True,True,,True,ambiguous_promoted:monitoring_column_3_field_photo,,13.893991,77.527382,project_level,farm_pond
ANANTAPURAMU_IWMP-61_MALUGURU_p8_i6.jpg,ANANTAPURAMU_IWMP-61_MALUGURU.pdf,8,Anantapuramu,AP,water_conservation_structures,,,615,502,302.0,51.4,54.9,True,True,,True,ambiguous_promoted:monitoring_column_3_field_photo,,13.893991,77.527382,project_level,farm_pond
ANANTAPURAMU_IWMP-61_MALUGURU_p9_i0.jpg,ANANTAPURAMU_IWMP-61_MALUGURU.pdf,9,Anantapuramu,AP,water_conservation_structures,,,615,502,266.0,51.4,63.5,True,True,,True,ambiguous_promoted:monitoring_column_3_field_photo,,13.893991,77.527382,project_level,farm_pond
ANANTAPURAMU_IWMP-61_MALUGURU_p9_i9.jpg,ANANTAPURAMU_IWMP-61_MALUGURU.pdf,9,Anantapuramu,AP,water_conservation_structures,,,615,502,207.0,43.4,64.0,True,True,,True,ambiguous_promoted:monitoring_column_3_field_photo,,13.893991,77.527382,project_level,farm_pond
ANANTAPURAMU_IWMP-63_NEMAKAL_p8_i6.jpg,ANANTAPURAMU_IWMP-63_NEMAKAL.pdf,8,Anantapuramu,AP,water_conservation_structures,,,615,502,461.0,61.7,40.7,True,True,,True,ambiguous_promoted:monitoring_column_3_field_photo,,15.008376,76.926547,project_level,check_dam
ANANTAPURAMU_IWMP-63_NEMAKAL_p9_i0.jpg,ANANTAPURAMU_IWMP-63_NEMAKAL.pdf,9,Anantapuramu,AP,water_conservation_structures,,,615,502,208.0,41.0,78.4,True,True,,True,ambiguous_promoted:monitoring_column_3_field_photo,,15.008376,76.926547,project_level,farm_pond
ANANTAPURAMU_IWMP-63_NEMAKAL_p9_i9.jpg,ANANTAPURAMU_IWMP-63_NEMAKAL.pdf,9,Anantapuramu,AP,water_conservation_structures,,,615,502,334.0,50.4,26.5,True,True,,True,ambiguous_promoted:monitoring_column_3_field_photo,,15.008376,76.926547,project_level,farm_pond
ANANTAPURAMU_IWMP-64_GALAGALA_p8_i13.jpg,ANANTAPURAMU_IWMP-64_GALAGALA.pdf,8,Anantapuramu,AP,water_conservation_structures,,,615,502,687.0,62.5,45.6,True,True,,True,ambiguous_promoted:monitoring_column_3_field_photo,,14.590134,76.793297,project_level,check_dam
ANANTAPURAMU_IWMP-64_GALAGALA_p8_i6.jpg,ANANTAPURAMU_IWMP-64_GALAGALA.pdf,8,Anantapuramu,AP,water_conservation_structures,,,615,502,319.0,43.6,76.8,True,True,,True,ambiguous_promoted:monitoring_column_3_field_photo,,14.590134,76.793297,project_level,check_dam
ANANTAPURAMU_IWMP-64_GALAGALA_p9_i0.jpg,ANANTAPURAMU_IWMP-64_GALAGALA.pdf,9,Anantapuramu,AP,water_conservation_structures,,,615,502,327.0,61.7,46.0,True,True,,True,ambiguous_promoted:monitoring_column_3_field_photo,,14.590134,76.793297,project_level,farm_pond
ANANTAPURAMU_IWMP-64_GALAGALA_p9_i9.jpg,ANANTAPURAMU_IWMP-64_GALAGALA.pdf,9,Anantapuramu,AP,water_conservation_structures,,,615,502,206.0,76.3,35.4,True,True,,True,ambiguous_promoted:monitoring_column_3_field_photo,,14.590134,76.793297,project_level,farm_pond
ANANTAPURAMU_IWMP-65_ELLUTLA_p8_i13.jpg,ANANTAPURAMU_IWMP-65_ELLUTLA.pdf,8,Anantapuramu,AP,water_conservation_structures,,,615,502,582.0,63.1,45.2,True,True,,True,ambiguous_promoted:monitoring_column_3_field_photo,,14.684729,77.904331,project_level,boulder_structure
ANANTAPURAMU_IWMP-65_ELLUTLA_p8_i6.jpg,ANANTAPURAMU_IWMP-65_ELLUTLA.pdf,8,Anantapuramu,AP,water_conservation_structures,,,615,502,264.0,46.6,49.3,True,True,,True,ambiguous_promoted:monitoring_column_3_field_photo,,14.684729,77.904331,project_level,check_dam
ANANTAPURAMU_IWMP-66_YELLANUR_p8_i6.jpg,ANANTAPURAMU_IWMP-66_YELLANUR.pdf,8,Anantapuramu,AP,water_conservation_structures,,,615,502,197.0,53.3,67.5,True,True,,True,ambiguous_promoted:monitoring_column_3_field_photo,,14.637466,78.065309,project_level,farm_pond
ANANTAPURAMU_IWMP-66_YELLANUR_p9_i0.jpg,ANANTAPURAMU_IWMP-66_YELLANUR.pdf,9,Anantapuramu,AP,water_conservation_structures,,,615,502,282.0,52.6,43.7,True,True,,True,ambiguous_promoted:monitoring_column_3_field_photo,,14.637466,78.065309,project_level,farm_pond
ANANTAPURAMU_IWMP-66_YELLANUR_p9_i9.jpg,ANANTAPURAMU_IWMP-66_YELLANUR.pdf,9,Anantapuramu,AP,water_conservation_structures,,,615,502,230.0,70.9,46.0,True,True,,True,ambiguous_promoted:monitoring_column_3_field_photo,,14.637466,78.065309,project_level,farm_pond
ANANTAPURAMU_IWMP-67_P.C.-PYAPILI_p8_i6.jpg,ANANTAPURAMU_IWMP-67_P.C.-PYAPILI.pdf,8,Anantapuramu,AP,water_conservation_structures,,,615,502,213.0,83.1,31.1,True,True,,True,ambiguous_promoted:monitoring_column_3_field_photo,,14.952216,77.322651,project_level,check_dam
ANANTAPURAMU_IWMP-67_P.C.-PYAPILI_p9_i0.jpg,ANANTAPURAMU_IWMP-67_P.C.-PYAPILI.pdf,9,Anantapuramu,AP,water_conservation_structures,,,615,502,333.0,50.2,53.3,True,True,,True,ambiguous_promoted:monitoring_column_3_field_photo,,14.952216,77.322651,project_level,farm_pond
ANANTAPURAMU_IWMP-68_PANDIPARTHI_p8_i13.jpg,ANANTAPURAMU_IWMP-68_PANDIPARTHI.pdf,8,Anantapuramu,AP,water_conservation_structures,,,615,502,270.0,54.6,73.8,True,True,,True,ambiguous_promoted:monitoring_column_3_field_photo,,13.981602,77.627451,project_level,farm_pond
ANANTAPURAMU_IWMP-68_PANDIPARTHI_p8_i6.jpg,ANANTAPURAMU_IWMP-68_PANDIPARTHI.pdf,8,Anantapuramu,AP,water_conservation_structures,,,615,502,406.0,66.8,61.8,True,True,,True,ambiguous_promoted:monitoring_column_3_field_photo,,13.981602,77.627451,project_level,farm_pond
ANANTAPURAMU_IWMP-68_PANDIPARTHI_p9_i0.jpg,ANANTAPURAMU_IWMP-68_PANDIPARTHI.pdf,9,Anantapuramu,AP,vegetation_changes,,,615,502,368.0,43.7,53.9,True,True,,True,ambiguous_promoted:monitoring_column_3_field_photo,,13.981602,77.627451,project_level,plantation
ANANTAPURAMU_IWMP-68_PANDIPARTHI_p9_i9.jpg,ANANTAPURAMU_IWMP-68_PANDIPARTHI.pdf,9,Anantapuramu,AP,vegetation_changes,,,615,502,366.0,63.4,39.1,True,True,,True,ambiguous_promoted:monitoring_column_3_field_photo,,13.981602,77.627451,project_level,plantation
ANANTAPURAMU_IWMP-69_B.N.-HALLI_p8_i13.jpg,ANANTAPURAMU_IWMP-69_B.N.-HALLI.pdf,8,Anantapuramu,AP,water_conservation_structures,,,615,502,319.0,44.5,43.6,True,True,,True,ambiguous_promoted:monitoring_column_3_field_photo,,14.71826,76.882043,project_level,check_dam
ANANTAPURAMU_IWMP-69_B.N.-HALLI_p8_i6.jpg,ANANTAPURAMU_IWMP-69_B.N.-HALLI.pdf,8,Anantapuramu,AP,water_conservation_structures,,,615,502,250.0,72.1,60.0,True,True,,True,ambiguous_promoted:monitoring_column_3_field_photo,,14.71826,76.882043,project_level,check_dam
ANANTAPURAMU_IWMP-70_NELAGONDA_p8_i13.jpg,ANANTAPURAMU_IWMP-70_NELAGONDA.pdf,8,Anantapuramu,AP,unspecified,,,615,502,241.0,44.7,78.9,True,True,,True,ambiguous_promoted:monitoring_column_3_field_photo,,15.113531,77.436624,project_level,farm_pond
ANANTAPURAMU_IWMP-70_NELAGONDA_p8_i6.jpg,ANANTAPURAMU_IWMP-70_NELAGONDA.pdf,8,Anantapuramu,AP,unspecified,,,615,369,155.0,34.9,85.5,True,True,,True,ambiguous_promoted:monitoring_column_3_field_photo,,15.113531,77.436624,project_level,farm_pond
ANANTAPURAMU_IWMP-70_NELAGONDA_p9_i0.jpg,ANANTAPURAMU_IWMP-70_NELAGONDA.pdf,9,Anantapuramu,AP,water_conservation_structures,,,615,502,317.0,50.8,75.6,True,True,,True,ambiguous_promoted:monitoring_column_3_field_photo,,15.113531,77.436624,project_level,farm_pond
ANANTAPURAMU_IWMP-71_MUTHUVAKUNTLA_p10_i0.jpg,ANANTAPURAMU_IWMP-71_MUTHUVAKUNTLA.pdf,10,Anantapuramu,AP,water_conservation_structures,,,618,504,315.0,52.0,44.9,True,True,,True,ambiguous_promoted:monitoring_column_3_field_photo,,14.406536,77.490467,project_level,farm_pond
ANANTAPURAMU_IWMP-71_MUTHUVAKUNTLA_p9_i5.jpg,ANANTAPURAMU_IWMP-71_MUTHUVAKUNTLA.pdf,9,Anantapuramu,AP,water_conservation_structures,,,618,504,267.0,38.2,78.9,True,True,,True,ambiguous_promoted:monitoring_column_3_field_photo,,14.406536,77.490467,project_level,check_dam
ANANTAPURAMU_IWMP-72_KOTANKA_p10_i0.jpg,ANANTAPURAMU_IWMP-72_KOTANKA.pdf,10,Anantapuramu,AP,unspecified,,,618,504,313.0,51.7,67.6,True,True,,True,ambiguous_promoted:monitoring_column_3_field_photo,,14.780442,77.576965,project_level,check_dam
ANANTAPURAMU_IWMP-72_KOTANKA_p10_i9.jpg,ANANTAPURAMU_IWMP-72_KOTANKA.pdf,10,Anantapuramu,AP,unspecified,,,618,371,178.0,65.6,32.0,True,True,,True,ambiguous_promoted:monitoring_column_3_field_photo,,14.780442,77.576965,project_level,check_dam
ANANTAPURAMU_IWMP-73_CHANDANA_p10_i0.jpg,ANANTAPURAMU_IWMP-73_CHANDANA.pdf,10,Anantapuramu,AP,water_conservation_structures,,,618,504,258.0,51.0,57.2,True,True,,True,ambiguous_promoted:monitoring_column_3_field_photo,,14.754554,77.931989,project_level,farm_pond
ANANTAPURAMU_IWMP-73_CHANDANA_p9_i5.jpg,ANANTAPURAMU_IWMP-73_CHANDANA.pdf,9,Anantapuramu,AP,water_conservation_structures,,,618,504,238.0,47.4,56.5,True,True,,True,ambiguous_promoted:monitoring_column_3_field_photo,,14.754554,77.931989,project_level,check_dam
ANANTAPURAMU_IWMP-74_KOKKANTI_p9_i13.jpg,ANANTAPURAMU_IWMP-74_KOKKANTI.pdf,9,Anantapuramu,AP,water_conservation_structures,,,618,464,393.0,66.6,32.2,True,True,,True,ambiguous_promoted:monitoring_column_3_field_photo,,13.923209,78.262372,project_level,check_dam
ANANTAPURAMU_IWMP-74_KOKKANTI_p9_i5.jpg,ANANTAPURAMU_IWMP-74_KOKKANTI.pdf,9,Anantapuramu,AP,water_conservation_structures,,,618,504,206.0,47.3,41.4,True,True,,True,ambiguous_promoted:monitoring_column_3_field_photo,,13.923209,78.262372,project_level,check_dam
ANANTAPURAMU_IWMP-75_GANGINEPALLI_p9_i13.jpg,ANANTAPURAMU_IWMP-75_GANGINEPALLI.pdf,9,Anantapuramu,AP,water_conservation_structures,,,618,464,397.0,60.0,30.4,True,True,,True,ambiguous_promoted:monitoring_column_3_field_photo,,14.314339,77.765389,project_level,check_dam
ANANTAPURAMU_IWMP-75_GANGINEPALLI_p9_i5.jpg,ANANTAPURAMU_IWMP-75_GANGINEPALLI.pdf,9,Anantapuramu,AP,water_conservation_structures,,,618,464,513.0,62.1,34.7,True,True,,True,ambiguous_promoted:monitoring_column_3_field_photo,,14.314339,77.765389,project_level,check_dam
ANANTAPURAMU_IWMP-78_HEMAVATHI_p10_i0.jpg,ANANTAPURAMU_IWMP-78_HEMAVATHI.pdf,10,Anantapuramu,AP,water_conservation_structures,,,618,504,319.0,78.7,32.2,True,True,,True,ambiguous_promoted:monitoring_column_3_field_photo,,13.923209,78.262372,project_level,farm_pond
ANANTAPURAMU_IWMP-78_HEMAVATHI_p10_i9.jpg,ANANTAPURAMU_IWMP-78_HEMAVATHI.pdf,10,Anantapuramu,AP,water_conservation_structures,,,618,464,287.0,55.0,64.8,True,True,,True,ambiguous_promoted:monitoring_column_3_field_photo,,13.923209,78.262372,project_level,farm_pond
ANANTAPURAMU_IWMP-78_HEMAVATHI_p9_i13.jpg,ANANTAPURAMU_IWMP-78_HEMAVATHI.pdf,9,Anantapuramu,AP,water_conservation_structures,,,618,508,204.0,43.4,60.2,True,True,,True,ambiguous_promoted:monitoring_column_3_field_photo,,13.923209,78.262372,project_level,farm_pond
ANANTAPURAMU_IWMP-78_HEMAVATHI_p9_i5.jpg,ANANTAPURAMU_IWMP-78_HEMAVATHI.pdf,9,Anantapuramu,AP,water_conservation_structures,,,618,504,333.0,58.6,58.2,True,True,,True,ambiguous_promoted:monitoring_column_3_field_photo,,13.923209,78.262372,project_level,farm_pond
ANANTAPURAMU_IWMP-79_P.YALERU_p10_i0.jpg,ANANTAPURAMU_IWMP-79_P.YALERU.pdf,10,Anantapuramu,AP,water_conservation_structures,,,618,464,350.0,69.9,33.9,True,True,,True,ambiguous_promoted:monitoring_column_3_field_photo,,14.662734,77.35718,project_level,check_dam
ANANTAPURAMU_IWMP-79_P.YALERU_p10_i9.jpg,ANANTAPURAMU_IWMP-79_P.YALERU.pdf,10,Anantapuramu,AP,water_conservation_structures,,,618,508,301.0,55.6,54.0,True,True,,True,ambiguous_promoted:monitoring_column_3_field_photo,,14.662734,77.35718,project_level,check_dam
ANANTAPURAMU_IWMP-79_P.YALERU_p9_i13.jpg,ANANTAPURAMU_IWMP-79_P.YALERU.pdf,9,Anantapuramu,AP,water_conservation_structures,,,618,508,139.0,47.4,65.2,True,True,,True,ambiguous_promoted:monitoring_column_3_field_photo,,14.662734,77.35718,project_level,check_dam
ANANTAPURAMU_IWMP-79_P.YALERU_p9_i5.jpg,ANANTAPURAMU_IWMP-79_P.YALERU.pdf,9,Anantapuramu,AP,water_conservation_structures,,,618,508,210.0,44.4,77.6,True,True,,True,ambiguous_promoted:monitoring_column_3_field_photo,,14.662734,77.35718,project_level,check_dam
ANANTAPURAMU_IWMP-80_PILLALAPALLI_p10_i0.jpg,ANANTAPURAMU_IWMP-80_PILLALAPALLI.pdf,10,Anantapuramu,AP,water_conservation_structures,,,619,504,281.0,56.4,60.8,True,True,,True,ambiguous_promoted:monitoring_column_3_field_photo,,14.578063,76.989749,project_level,farm_pond
ANANTAPURAMU_IWMP-80_PILLALAPALLI_p10_i9.jpg,ANANTAPURAMU_IWMP-80_PILLALAPALLI.pdf,10,Anantapuramu,AP,water_conservation_structures,,,618,502,238.0,36.1,74.3,True,True,,True,ambiguous_promoted:monitoring_column_3_field_photo,,14.578063,76.989749,project_level,farm_pond
ANANTAPURAMU_IWMP-80_PILLALAPALLI_p9_i13.jpg,ANANTAPURAMU_IWMP-80_PILLALAPALLI.pdf,9,Anantapuramu,AP,water_conservation_structures,,,618,464,188.0,44.1,46.8,True,True,,True,ambiguous_promoted:monitoring_column_3_field_photo,,14.578063,76.989749,project_level,check_dam
ANANTAPURAMU_IWMP-80_PILLALAPALLI_p9_i5.jpg,ANANTAPURAMU_IWMP-80_PILLALAPALLI.pdf,9,Anantapuramu,AP,water_conservation_structures,,,618,464,243.0,56.1,53.6,True,True,,True,ambiguous_promoted:monitoring_column_3_field_photo,,14.578063,76.989749,project_level,check_dam
ANANTAPURAMU_IWMP-81_TALAMARLA_p10_i0.jpg,ANANTAPURAMU_IWMP-81_TALAMARLA.pdf,10,Anantapuramu,AP,vegetation_changes,,,618,504,206.0,64.3,40.3,True,True,,True,ambiguous_promoted:monitoring_column_3_field_photo,,14.245139,77.735973,project_level,plantation
ANANTAPURAMU_IWMP-81_TALAMARLA_p10_i9.jpg,ANANTAPURAMU_IWMP-81_TALAMARLA.pdf,10,Anantapuramu,AP,vegetation_changes,,,618,506,340.0,48.2,65.3,True,True,,True,ambiguous_promoted:monitoring_column_3_field_photo,,14.245139,77.735973,project_level,plantation
ANANTAPURAMU_IWMP-82_RAKETLA_p9_i13.jpg,ANANTAPURAMU_IWMP-82_RAKETLA.pdf,9,Anantapuramu,AP,water_conservation_structures,,,618,464,259.0,72.9,41.8,True,True,,True,ambiguous_promoted:monitoring_column_3_field_photo,,14.759462,77.244301,project_level,boulder_structure
ANANTAPURAMU_IWMP-83_RAMAGIRI_p10_i0.jpg,ANANTAPURAMU_IWMP-83_RAMAGIRI.pdf,10,Anantapuramu,AP,vegetation_changes,,,618,508,488.0,65.4,32.1,True,True,,True,ambiguous_promoted:monitoring_column_3_field_photo,,14.947312,77.457147,project_level,plantation
ANANTAPURAMU_IWMP-84_CHERLOPALLI_p10_i0.jpg,ANANTAPURAMU_IWMP-84_CHERLOPALLI.pdf,10,Anantapuramu,AP,water_conservation_structures,,,618,504,337.0,51.9,53.4,True,True,,True,ambiguous_promoted:monitoring_column_3_field_photo,,14.754554,77.931989,project_level,check_dam
ANANTAPURAMU_IWMP-84_CHERLOPALLI_p9_i13.jpg,ANANTAPURAMU_IWMP-84_CHERLOPALLI.pdf,9,Anantapuramu,AP,water_conservation_structures,,,640,480,322.0,54.1,49.6,True,True,,True,ambiguous_promoted:monitoring_column_3_field_photo,,14.754554,77.931989,project_level,check_dam
ANANTAPURAMU_IWMP-85_MALLAPURAM_p10_i0.jpg,ANANTAPURAMU_IWMP-85_MALLAPURAM.pdf,10,Anantapuramu,AP,water_conservation_structures,,,618,504,204.0,40.8,83.9,True,True,,True,ambiguous_promoted:monitoring_column_3_field_photo,,14.406536,77.490467,project_level,farm_pond
ANANTAPURAMU_IWMP-85_MALLAPURAM_p10_i9.jpg,ANANTAPURAMU_IWMP-85_MALLAPURAM.pdf,10,Anantapuramu,AP,water_conservation_structures,,,618,464,232.0,34.1,53.7,True,True,,True,ambiguous_promoted:monitoring_column_3_field_photo,,14.406536,77.490467,project_level,farm_pond
ANANTAPURAMU_IWMP-86_MUTHYALACHERUVU_p10_i9.jpg,ANANTAPURAMU_IWMP-86_MUTHYALACHERUVU.pdf,10,Anantapuramu,AP,water_conservation_structures,,,618,508,223.0,47.0,56.0,True,True,,True,ambiguous_promoted:monitoring_column_3_field_photo,,,,no_coordinate_available,check_dam
ANANTAPURAMU_IWMP-86_MUTHYALACHERUVU_p9_i5.jpg,ANANTAPURAMU_IWMP-86_MUTHYALACHERUVU.pdf,9,Anantapuramu,AP,water_conservation_structures,,,618,347,300.0,51.8,54.8,True,True,,True,ambiguous_promoted:monitoring_column_3_field_photo,,,,no_coordinate_available,check_dam
CHITTOOR_IWMP-11_CHANDRAMAKULAPALLI_p8_i5.jpg,CHITTOOR_IWMP-11_CHANDRAMAKULAPALLI.pdf,8,Chittoor,AP,water_conservation_structures,,,618,347,262.0,36.4,41.8,True,True,,True,ambiguous_promoted:monitoring_column_3_field_photo,,13.496946,78.582836,project_level,farm_pond
CHITTOOR_IWMP-12_PULLURU_p8_i5.jpg,CHITTOOR_IWMP-12_PULLURU.pdf,8,Chittoor,AP,water_conservation_structures,,,618,464,280.0,88.3,36.0,True,True,,True,ambiguous_promoted:monitoring_column_3_field_photo,,13.296909,79.383095,project_level,check_dam
CHITTOOR_IWMP-12_PULLURU_p9_i0.jpg,CHITTOOR_IWMP-12_PULLURU.pdf,9,Chittoor,AP,vegetation_changes,,,618,504,396.0,75.7,38.0,True,True,,True,ambiguous_promoted:monitoring_column_3_field_photo,,13.296909,79.383095,project_level,plantation
CHITTOOR_IWMP-12_PULLURU_p9_i9.jpg,CHITTOOR_IWMP-12_PULLURU.pdf,9,Chittoor,AP,vegetation_changes,,,640,480,223.0,66.9,63.4,True,True,,True,ambiguous_promoted:monitoring_column_3_field_photo,,13.296909,79.383095,project_level,plantation
CHITTOOR_IWMP-13_THAMBALLAPALLE_p8_i13.jpg,CHITTOOR_IWMP-13_THAMBALLAPALLE.pdf,8,Chittoor,AP,water_conservation_structures,,,618,504,310.0,61.3,47.6,True,True,,True,ambiguous_promoted:monitoring_column_3_field_photo,,13.830465,78.445098,project_level,check_dam
CHITTOOR_IWMP-13_THAMBALLAPALLE_p8_i5.jpg,CHITTOOR_IWMP-13_THAMBALLAPALLE.pdf,8,Chittoor,AP,water_conservation_structures,,,618,464,191.0,57.1,43.7,True,True,,True,ambiguous_promoted:monitoring_column_3_field_photo,,13.830465,78.445098,project_level,check_dam
CHITTOOR_IWMP-13_THAMBALLAPALLE_p9_i0.jpg,CHITTOOR_IWMP-13_THAMBALLAPALLE.pdf,9,Chittoor,AP,water_conservation_structures,,,618,504,332.0,60.9,60.4,True,True,,True,ambiguous_promoted:monitoring_column_3_field_photo,,13.830465,78.445098,project_level,farm_pond
CHITTOOR_IWMP-13_THAMBALLAPALLE_p9_i9.jpg,CHITTOOR_IWMP-13_THAMBALLAPALLE.pdf,9,Chittoor,AP,water_conservation_structures,,,562,458,197.0,74.1,42.1,True,True,,True,ambiguous_promoted:monitoring_column_3_field_photo,,13.830465,78.445098,project_level,check_dam
CHITTOOR_IWMP-14_CHAMBAKURU_p7_i0.jpg,CHITTOOR_IWMP-14_CHAMBAKURU.pdf,7,Chittoor,AP,water_conservation_structures,,,554,416,253.0,64.4,33.3,True,True,,True,ambiguous_promoted:page_water_structure_keywords,,13.429194,78.391417,project_level,farm_pond
CHITTOOR_IWMP-14_CHAMBAKURU_p9_i0.jpg,CHITTOOR_IWMP-14_CHAMBAKURU.pdf,9,Chittoor,AP,water_conservation_structures,,,618,504,192.0,48.8,50.4,True,True,,True,ambiguous_promoted:monitoring_column_3_field_photo,,13.429194,78.391417,project_level,farm_pond
CHITTOOR_IWMP-14_CHAMBAKURU_p9_i9.jpg,CHITTOOR_IWMP-14_CHAMBAKURU.pdf,9,Chittoor,AP,water_conservation_structures,,,618,504,241.0,32.9,86.9,True,True,,True,ambiguous_promoted:monitoring_column_3_field_photo,,13.429194,78.391417,project_level,farm_pond
CHITTOOR_IWMP-15_ADAVIBUDUGURU_p8_i13.jpg,CHITTOOR_IWMP-15_ADAVIBUDUGURU.pdf,8,Chittoor,AP,water_conservation_structures,,,618,504,194.0,45.3,27.3,True,True,,True,ambiguous_promoted:monitoring_column_3_field_photo,,12.639331,78.389773,project_level,check_dam
CHITTOOR_IWMP-15_ADAVIBUDUGURU_p8_i5.jpg,CHITTOOR_IWMP-15_ADAVIBUDUGURU.pdf,8,Chittoor,AP,water_conservation_structures,,,618,464,279.0,66.3,51.5,True,True,,True,ambiguous_promoted:monitoring_column_3_field_photo,,12.639331,78.389773,project_level,check_dam
CHITTOOR_IWMP-15_ADAVIBUDUGURU_p9_i0.jpg,CHITTOOR_IWMP-15_ADAVIBUDUGURU.pdf,9,Chittoor,AP,water_conservation_structures,,,618,464,283.0,43.6,41.2,True,True,,True,ambiguous_promoted:monitoring_column_3_field_photo,,12.639331,78.389773,project_level,check_dam
CHITTOOR_IWMP-16_RALLABUDUGURU_p8_i13.jpg,CHITTOOR_IWMP-16_RALLABUDUGURU.pdf,8,Chittoor,AP,water_conservation_structures,,,618,464,250.0,73.3,19.5,True,True,,True,ambiguous_promoted:monitoring_column_3_field_photo,,12.82851,78.365983,project_level,plantation
CHITTOOR_IWMP-16_RALLABUDUGURU_p8_i5.jpg,CHITTOOR_IWMP-16_RALLABUDUGURU.pdf,8,Chittoor,AP,water_conservation_structures,,,618,371,145.0,49.0,39.0,True,True,,True,ambiguous_promoted:monitoring_column_3_field_photo,,12.82851,78.365983,project_level,check_dam
CHITTOOR_IWMP-16_RALLABUDUGURU_p9_i9.jpg,CHITTOOR_IWMP-16_RALLABUDUGURU.pdf,9,Chittoor,AP,water_conservation_structures,,,618,464,286.0,75.0,35.6,True,True,,True,ambiguous_promoted:monitoring_column_3_field_photo,,12.82851,78.365983,project_level,check_dam
CHITTOOR_IWMP-17_CHINTAKUNTA_p8_i13.jpg,CHITTOOR_IWMP-17_CHINTAKUNTA.pdf,8,Chittoor,AP,water_conservation_structures,,,618,348,349.0,70.3,25.5,True,True,,True,ambiguous_promoted:monitoring_column_3_field_photo,,13.760819,79.136269,project_level,plantation
CHITTOOR_IWMP-17_CHINTAKUNTA_p8_i5.jpg,CHITTOOR_IWMP-17_CHINTAKUNTA.pdf,8,Chittoor,AP,water_conservation_structures,,,618,504,344.0,62.2,44.4,True,True,,True,ambiguous_promoted:monitoring_column_3_field_photo,,13.760819,79.136269,project_level,check_dam
CHITTOOR_IWMP-17_CHINTAKUNTA_p9_i0.jpg,CHITTOOR_IWMP-17_CHINTAKUNTA.pdf,9,Chittoor,AP,water_conservation_structures,,,618,504,266.0,51.6,63.5,True,True,,True,ambiguous_promoted:monitoring_column_3_field_photo,,13.760819,79.136269,project_level,farm_pond
CHITTOOR_IWMP-18_VASALAPALLI_p8_i5.jpg,CHITTOOR_IWMP-18_VASALAPALLI.pdf,8,Chittoor,AP,water_conservation_structures,,,618,504,382.0,43.9,41.4,True,True,,True,ambiguous_promoted:monitoring_column_3_field_photo,,13.499492,78.501163,project_level,check_dam
CHITTOOR_IWMP-18_VASALAPALLI_p9_i0.jpg,CHITTOOR_IWMP-18_VASALAPALLI.pdf,9,Chittoor,AP,water_conservation_structures,,,618,348,286.0,59.9,41.8,True,True,,True,ambiguous_promoted:monitoring_column_3_field_photo,,13.499492,78.501163,project_level,percolation_tank
CHITTOOR_IWMP-18_VASALAPALLI_p9_i9.jpg,CHITTOOR_IWMP-18_VASALAPALLI.pdf,9,Chittoor,AP,water_conservation_structures,,,618,348,346.0,59.1,60.2,True,True,,True,ambiguous_promoted:monitoring_column_3_field_photo,,13.499492,78.501163,project_level,percolation_tank
CHITTOOR_IWMP-19_PULIKALLU_p8_i13.jpg,CHITTOOR_IWMP-19_PULIKALLU.pdf,8,Chittoor,AP,vegetation_changes,,,618,464,536.0,67.3,38.5,True,True,,True,ambiguous_promoted:monitoring_column_3_field_photo,,13.280552,79.181449,project_level,plantation
CHITTOOR_IWMP-19_PULIKALLU_p8_i5.jpg,CHITTOOR_IWMP-19_PULIKALLU.pdf,8,Chittoor,AP,vegetation_changes,,,618,350,305.0,67.9,25.3,True,True,,True,ambiguous_promoted:monitoring_column_3_field_photo,,13.280552,79.181449,project_level,plantation
CHITTOOR_IWMP-19_PULIKALLU_p9_i0.jpg,CHITTOOR_IWMP-19_PULIKALLU.pdf,9,Chittoor,AP,vegetation_changes,,,618,464,357.0,67.9,46.4,True,True,,True,ambiguous_promoted:monitoring_column_3_field_photo,,13.280552,79.181449,project_level,plantation
CHITTOOR_IWMP-19_PULIKALLU_p9_i9.jpg,CHITTOOR_IWMP-19_PULIKALLU.pdf,9,Chittoor,AP,vegetation_changes,,,640,480,223.0,66.9,63.4,True,True,,True,ambiguous_promoted:monitoring_column_3_field_photo,,13.280552,79.181449,project_level,plantation
CHITTOOR_IWMP-20_ERRATHIVARIPALLI_p10_i9.jpg,CHITTOOR_IWMP-20_ERRATHIVARIPALLI.pdf,10,Chittoor,AP,water_conservation_structures,,,618,464,288.0,73.0,50.6,True,True,,True,ambiguous_promoted:monitoring_column_3_field_photo,,13.546097,78.870994,project_level,percolation_tank
CHITTOOR_IWMP-20_ERRATHIVARIPALLI_p8_i13.jpg,CHITTOOR_IWMP-20_ERRATHIVARIPALLI.pdf,8,Chittoor,AP,water_conservation_structures,,,618,504,352.0,66.4,53.0,True,True,,True,ambiguous_promoted:monitoring_column_3_field_photo,,13.546097,78.870994,project_level,farm_pond
CHITTOOR_IWMP-20_ERRATHIVARIPALLI_p9_i0.jpg,CHITTOOR_IWMP-20_ERRATHIVARIPALLI.pdf,9,Chittoor,AP,vegetation_changes,,,618,464,257.0,64.4,54.6,True,True,,True,ambiguous_promoted:monitoring_column_3_field_photo,,13.546097,78.870994,project_level,plantation
CHITTOOR_IWMP-20_ERRATHIVARIPALLI_p9_i9.jpg,CHITTOOR_IWMP-20_ERRATHIVARIPALLI.pdf,9,Chittoor,AP,vegetation_changes,,,618,464,199.0,68.1,40.4,True,True,,True,ambiguous_promoted:monitoring_column_3_field_photo,,13.546097,78.870994,project_level,plantation
CHITTOOR_IWMP-21_THETTU_p7_i0.jpg,CHITTOOR_IWMP-21_THETTU.pdf,7,Chittoor,AP,water_conservation_structures,,,562,422,227.0,68.6,33.4,True,True,,True,ambiguous_promoted:page_water_structure_keywords,,13.323667,78.479316,project_level,check_dam
CHITTOOR_IWMP-21_THETTU_p8_i13.jpg,CHITTOOR_IWMP-21_THETTU.pdf,8,Chittoor,AP,water_conservation_structures,,,562,458,237.0,47.5,60.9,True,True,,True,ambiguous_promoted:monitoring_column_3_field_photo,,13.323667,78.479316,project_level,check_dam
CHITTOOR_IWMP-21_THETTU_p8_i5.jpg,CHITTOOR_IWMP-21_THETTU.pdf,8,Chittoor,AP,water_conservation_structures,,,618,464,227.0,43.4,28.4,True,True,,True,ambiguous_promoted:monitoring_column_3_field_photo,,13.323667,78.479316,project_level,check_dam
CHITTOOR_IWMP-22_KV-PALLE_p8_i13.jpg,CHITTOOR_IWMP-22_KV-PALLE.pdf,8,Chittoor,AP,water_conservation_structures,,,618,371,166.0,81.7,30.1,True,True,,True,ambiguous_promoted:monitoring_column_3_field_photo,,13.830502,78.870875,project_level,check_dam
CHITTOOR_IWMP-22_KV-PALLE_p8_i5.jpg,CHITTOOR_IWMP-22_KV-PALLE.pdf,8,Chittoor,AP,water_conservation_structures,,,618,348,365.0,55.3,48.1,True,True,,True,ambiguous_promoted:monitoring_column_3_field_photo,,13.830502,78.870875,project_level,check_dam
CHITTOOR_IWMP-22_KV-PALLE_p9_i0.jpg,CHITTOOR_IWMP-22_KV-PALLE.pdf,9,Chittoor,AP,water_conservation_structures,,,618,504,257.0,39.4,69.7,True,True,,True,ambiguous_promoted:monitoring_column_3_field_photo,,13.830502,78.870875,project_level,percolation_tank
CHITTOOR_IWMP-22_KV-PALLE_p9_i9.jpg,CHITTOOR_IWMP-22_KV-PALLE.pdf,9,Chittoor,AP,water_conservation_structures,,,618,371,160.0,54.6,48.9,True,True,,True,ambiguous_promoted:monitoring_column_3_field_photo,,13.830502,78.870875,project_level,percolation_tank
CHITTOOR_IWMP-23_JAKKIDONA_p8_i13.jpg,CHITTOOR_IWMP-23_JAKKIDONA.pdf,8,Chittoor,AP,water_conservation_structures,,,618,504,318.0,72.3,27.0,True,True,,True,ambiguous_promoted:monitoring_column_3_field_photo,,13.454834,79.34196,project_level,check_dam
CHITTOOR_IWMP-23_JAKKIDONA_p9_i0.jpg,CHITTOOR_IWMP-23_JAKKIDONA.pdf,9,Chittoor,AP,water_conservation_structures,,,618,464,242.0,61.0,61.4,True,True,,True,ambiguous_promoted:monitoring_column_3_field_photo,,13.454834,79.34196,project_level,percolation_tank
CHITTOOR_IWMP-24_GUTTAPALEM_p9_i0.jpg,CHITTOOR_IWMP-24_GUTTAPALEM.pdf,9,Chittoor,AP,vegetation_changes,,,618,504,254.0,42.3,54.0,True,True,,True,ambiguous_promoted:monitoring_column_3_field_photo,,13.585837,78.788083,project_level,plantation
CHITTOOR_IWMP-24_GUTTAPALEM_p9_i9.jpg,CHITTOOR_IWMP-24_GUTTAPALEM.pdf,9,Chittoor,AP,vegetation_changes,,,618,504,276.0,63.0,34.6,True,True,,True,ambiguous_promoted:monitoring_column_3_field_photo,,13.585837,78.788083,project_level,plantation
CHITTOOR_IWMP-25_PEDDAMALLELA_p8_i5.jpg,CHITTOOR_IWMP-25_PEDDAMALLELA.pdf,8,Chittoor,AP,water_conservation_structures,,,618,464,254.0,61.9,44.0,True,True,,True,ambiguous_promoted:monitoring_column_3_field_photo,,13.664051,79.041031,project_level,farm_pond
CHITTOOR_IWMP-25_PEDDAMALLELA_p9_i0.jpg,CHITTOOR_IWMP-25_PEDDAMALLELA.pdf,9,Chittoor,AP,water_conservation_structures,,,618,464,399.0,57.5,48.1,True,True,,True,ambiguous_promoted:monitoring_column_3_field_photo,,13.664051,79.041031,project_level,percolation_tank
CHITTOOR_IWMP-25_PEDDAMALLELA_p9_i9.jpg,CHITTOOR_IWMP-25_PEDDAMALLELA.pdf,9,Chittoor,AP,water_conservation_structures,,,618,348,254.0,54.9,42.2,True,True,,True,ambiguous_promoted:monitoring_column_3_field_photo,,13.664051,79.041031,project_level,farm_pond
CHITTOOR_IWMP-26_KALAKADA_p8_i11.jpg,CHITTOOR_IWMP-26_KALAKADA.pdf,8,Chittoor,AP,water_conservation_structures,,,618,504,318.0,54.8,41.1,True,True,,True,ambiguous_promoted:monitoring_column_3_field_photo,,13.827863,78.764687,project_level,check_dam
CHITTOOR_IWMP-26_KALAKADA_p9_i0.jpg,CHITTOOR_IWMP-26_KALAKADA.pdf,9,Chittoor,AP,unspecified,,,618,464,339.0,54.1,48.0,True,True,,True,ambiguous_promoted:monitoring_column_3_field_photo,,13.827863,78.764687,project_level,farm_pond
CHITTOOR_IWMP-26_KALAKADA_p9_i9.jpg,CHITTOOR_IWMP-26_KALAKADA.pdf,9,Chittoor,AP,unspecified,,,618,464,259.0,53.4,68.4,True,True,,True,ambiguous_promoted:monitoring_column_3_field_photo,,13.827863,78.764687,project_level,farm_pond
CHITTOOR_IWMP-27_NETHIKUPPAM_p8_i13.jpg,CHITTOOR_IWMP-27_NETHIKUPPAM.pdf,8,Chittoor,AP,water_conservation_structures,,,618,504,377.0,52.3,37.7,True,True,,True,ambiguous_promoted:monitoring_column_3_field_photo,,13.55416,79.42866,project_level,check_dam
CHITTOOR_IWMP-27_NETHIKUPPAM_p8_i5.jpg,CHITTOOR_IWMP-27_NETHIKUPPAM.pdf,8,Chittoor,AP,water_conservation_structures,,,618,459,359.0,67.5,45.3,True,True,,True,ambiguous_promoted:monitoring_column_3_field_photo,,13.55416,79.42866,project_level,check_dam
CHITTOOR_IWMP-27_NETHIKUPPAM_p9_i0.jpg,CHITTOOR_IWMP-27_NETHIKUPPAM.pdf,9,Chittoor,AP,water_conservation_structures,,,618,348,190.0,40.9,46.9,True,True,,True,ambiguous_promoted:monitoring_column_3_field_photo,,13.55416,79.42866,project_level,check_dam
CHITTOOR_IWMP-27_NETHIKUPPAM_p9_i9.jpg,CHITTOOR_IWMP-27_NETHIKUPPAM.pdf,9,Chittoor,AP,water_conservation_structures,,,618,504,264.0,80.0,36.3,True,True,,True,ambiguous_promoted:monitoring_column_3_field_photo,,13.55416,79.42866,project_level,check_dam
CHITTOOR_IWMP-28_CHOKKANDLAPALLE_p8_i13.jpg,CHITTOOR_IWMP-28_CHOKKANDLAPALLE.pdf,8,Chittoor,AP,water_conservation_structures,,,618,504,226.0,44.8,45.0,True,True,,True,ambiguous_promoted:monitoring_column_3_field_photo,,13.323667,78.479316,project_level,water_structure_other
CHITTOOR_IWMP-28_CHOKKANDLAPALLE_p8_i5.jpg,CHITTOOR_IWMP-28_CHOKKANDLAPALLE.pdf,8,Chittoor,AP,water_conservation_structures,,,618,504,251.0,52.4,54.7,True,True,,True,ambiguous_promoted:monitoring_column_3_field_photo,,13.323667,78.479316,project_level,farm_pond
CHITTOOR_IWMP-28_CHOKKANDLAPALLE_p9_i0.jpg,CHITTOOR_IWMP-28_CHOKKANDLAPALLE.pdf,9,Chittoor,AP,water_conservation_structures,,,640,480,459.0,82.8,53.5,True,True,,True,ambiguous_promoted:monitoring_column_3_field_photo,,13.323667,78.479316,project_level,plantation
CHITTOOR_IWMP-28_CHOKKANDLAPALLE_p9_i9.jpg,CHITTOOR_IWMP-28_CHOKKANDLAPALLE.pdf,9,Chittoor,AP,water_conservation_structures,,,618,504,185.0,49.2,70.2,True,True,,True,ambiguous_promoted:monitoring_column_3_field_photo,,13.323667,78.479316,project_level,percolation_tank
CHITTOOR_IWMP-29_VEPULABAILU_p8_i13.jpg,CHITTOOR_IWMP-29_VEPULABAILU.pdf,8,Chittoor,AP,water_conservation_structures,,,618,504,179.0,70.3,64.1,True,True,,True,ambiguous_promoted:monitoring_column_3_field_photo,,13.700224,78.899653,project_level,check_dam
CHITTOOR_IWMP-29_VEPULABAILU_p8_i5.jpg,CHITTOOR_IWMP-29_VEPULABAILU.pdf,8,Chittoor,AP,water_conservation_structures,,,618,504,268.0,55.2,47.2,True,True,,True,ambiguous_promoted:monitoring_column_3_field_photo,,13.700224,78.899653,project_level,check_dam
CHITTOOR_IWMP-30_TALUPULA_p8_i13.jpg,CHITTOOR_IWMP-30_TALUPULA.pdf,8,Chittoor,AP,water_conservation_structures,,,618,504,227.0,67.8,51.5,True,True,,True,ambiguous_promoted:monitoring_column_3_field_photo,,13.729097,78.996521,project_level,check_dam
CHITTOOR_IWMP-30_TALUPULA_p8_i5.jpg,CHITTOOR_IWMP-30_TALUPULA.pdf,8,Chittoor,AP,water_conservation_structures,,,618,504,272.0,62.3,28.2,True,True,,True,ambiguous_promoted:monitoring_column_3_field_photo,,13.729097,78.996521,project_level,check_dam
CHITTOOR_IWMP-30_TALUPULA_p9_i9.jpg,CHITTOOR_IWMP-30_TALUPULA.pdf,9,Chittoor,AP,vegetation_changes,,,618,504,177.0,77.7,31.3,True,True,,True,ambiguous_promoted:monitoring_column_3_field_photo,,13.729097,78.996521,project_level,plantation
CHITTOOR_IWMP-31_REGALLU_p8_i13.jpg,CHITTOOR_IWMP-31_REGALLU.pdf,8,Chittoor,AP,water_conservation_structures,,,618,464,242.0,67.5,59.8,True,True,,True,ambiguous_promoted:monitoring_column_3_field_photo,,13.648524,78.955487,project_level,plantation
CHITTOOR_IWMP-31_REGALLU_p8_i5.jpg,CHITTOOR_IWMP-31_REGALLU.pdf,8,Chittoor,AP,water_conservation_structures,,,618,504,443.0,50.6,38.0,True,True,,True,ambiguous_promoted:monitoring_column_3_field_photo,,13.648524,78.955487,project_level,check_dam
CHITTOOR_IWMP-31_REGALLU_p9_i0.jpg,CHITTOOR_IWMP-31_REGALLU.pdf,9,Chittoor,AP,water_conservation_structures,,,618,504,378.0,69.4,38.6,True,True,,True,ambiguous_promoted:monitoring_column_3_field_photo,,13.648524,78.955487,project_level,farm_pond
CHITTOOR_IWMP-31_REGALLU_p9_i9.jpg,CHITTOOR_IWMP-31_REGALLU.pdf,9,Chittoor,AP,water_conservation_structures,,,618,504,371.0,59.4,66.4,True,True,,True,ambiguous_promoted:monitoring_column_3_field_photo,,13.648524,78.955487,project_level,farm_pond
CHITTOOR_IWMP-32_MUDRAMODDI_p8_i5.jpg,CHITTOOR_IWMP-32_MUDRAMODDI.pdf,8,Chittoor,AP,water_conservation_structures,,,618,504,333.0,72.5,38.3,True,True,,True,ambiguous_promoted:monitoring_column_3_field_photo,,12.969602,78.539153,project_level,farm_pond
CHITTOOR_IWMP-32_MUDRAMODDI_p9_i0.jpg,CHITTOOR_IWMP-32_MUDRAMODDI.pdf,9,Chittoor,AP,vegetation_changes,,,618,504,321.0,84.2,31.8,True,True,,True,ambiguous_promoted:monitoring_column_3_field_photo,,12.969602,78.539153,project_level,plantation
CHITTOOR_IWMP-32_MUDRAMODDI_p9_i9.jpg,CHITTOOR_IWMP-32_MUDRAMODDI.pdf,9,Chittoor,AP,vegetation_changes,,,618,504,241.0,64.8,48.0,True,True,,True,ambiguous_promoted:monitoring_column_3_field_photo,,12.969602,78.539153,project_level,plantation
CHITTOOR_IWMP-33_GUDIPALLE_p8_i13.jpg,CHITTOOR_IWMP-33_GUDIPALLE.pdf,8,Chittoor,AP,water_conservation_structures,,,618,504,346.0,65.6,30.0,True,True,,True,ambiguous_promoted:monitoring_column_3_field_photo,,12.821705,78.262735,project_level,check_dam
CHITTOOR_IWMP-33_GUDIPALLE_p8_i5.jpg,CHITTOOR_IWMP-33_GUDIPALLE.pdf,8,Chittoor,AP,water_conservation_structures,,,618,504,243.0,81.9,32.6,True,True,,True,ambiguous_promoted:monitoring_column_3_field_photo,,12.821705,78.262735,project_level,check_dam
CHITTOOR_IWMP-33_GUDIPALLE_p9_i0.jpg,CHITTOOR_IWMP-33_GUDIPALLE.pdf,9,Chittoor,AP,water_conservation_structures,,,618,504,414.0,76.2,28.9,True,True,,True,ambiguous_promoted:monitoring_column_3_field_photo,,12.821705,78.262735,project_level,check_dam
CHITTOOR_IWMP-34_BORLAPALLE_p8_i13.jpg,CHITTOOR_IWMP-34_BORLAPALLE.pdf,8,Chittoor,AP,water_conservation_structures,,,618,504,226.0,56.8,43.8,True,True,,True,ambiguous_promoted:monitoring_column_3_field_photo,,13.711189,78.216165,project_level,farm_pond
CHITTOOR_IWMP-34_BORLAPALLE_p8_i5.jpg,CHITTOOR_IWMP-34_BORLAPALLE.pdf,8,Chittoor,AP,water_conservation_structures,,,618,504,168.0,75.1,46.0,True,True,,True,ambiguous_promoted:monitoring_column_3_field_photo,,13.711189,78.216165,project_level,farm_pond
CHITTOOR_IWMP-34_BORLAPALLE_p9_i0.jpg,CHITTOOR_IWMP-34_BORLAPALLE.pdf,9,Chittoor,AP,vegetation_changes,,,618,504,231.0,69.0,49.0,True,True,,True,ambiguous_promoted:monitoring_column_3_field_photo,,13.711189,78.216165,project_level,plantation
CHITTOOR_IWMP-34_BORLAPALLE_p9_i9.jpg,CHITTOOR_IWMP-34_BORLAPALLE.pdf,9,Chittoor,AP,vegetation_changes,,,618,464,364.0,73.1,51.4,True,True,,True,ambiguous_promoted:monitoring_column_3_field_photo,,13.711189,78.216165,project_level,plantation
CHITTOOR_IWMP-35_THAVALAM_p8_i13.jpg,CHITTOOR_IWMP-35_THAVALAM.pdf,8,Chittoor,AP,water_conservation_structures,,,618,504,312.0,54.0,57.7,True,True,,True,ambiguous_promoted:monitoring_column_3_field_photo,,13.589264,78.709311,project_level,percolation_tank
CHITTOOR_IWMP-35_THAVALAM_p8_i5.jpg,CHITTOOR_IWMP-35_THAVALAM.pdf,8,Chittoor,AP,water_conservation_structures,,,618,504,377.0,62.7,56.1,True,True,,True,ambiguous_promoted:monitoring_column_3_field_photo,,13.589264,78.709311,project_level,percolation_tank
CHITTOOR_IWMP-35_THAVALAM_p9_i0.jpg,CHITTOOR_IWMP-35_THAVALAM.pdf,9,Chittoor,AP,water_conservation_structures,,,618,504,320.0,66.7,48.8,True,True,,True,ambiguous_promoted:monitoring_column_3_field_photo,,13.589264,78.709311,project_level,plantation
CHITTOOR_IWMP-35_THAVALAM_p9_i9.jpg,CHITTOOR_IWMP-35_THAVALAM.pdf,9,Chittoor,AP,water_conservation_structures,,,618,504,245.0,64.9,51.1,True,True,,True,ambiguous_promoted:monitoring_column_3_field_photo,,13.589264,78.709311,project_level,percolation_tank
CHITTOOR_IWMP-36_KALUVAPALLE_p8_i13.jpg,CHITTOOR_IWMP-36_KALUVAPALLE.pdf,8,Chittoor,AP,water_conservation_structures,,,618,504,228.0,49.6,45.1,True,True,,True,ambiguous_promoted:monitoring_column_3_field_photo,,13.913888,78.327889,project_level,check_dam
CHITTOOR_IWMP-36_KALUVAPALLE_p8_i5.jpg,CHITTOOR_IWMP-36_KALUVAPALLE.pdf,8,Chittoor,AP,water_conservation_structures,,,618,464,314.0,61.7,53.4,True,True,,True,ambiguous_promoted:monitoring_column_3_field_photo,,13.913888,78.327889,project_level,check_dam
CHITTOOR_IWMP-36_KALUVAPALLE_p9_i0.jpg,CHITTOOR_IWMP-36_KALUVAPALLE.pdf,9,Chittoor,AP,water_conservation_structures,,,618,504,344.0,59.3,64.0,True,True,,True,ambiguous_promoted:monitoring_column_3_field_photo,,13.913888,78.327889,project_level,farm_pond
CHITTOOR_IWMP-36_KALUVAPALLE_p9_i9.jpg,CHITTOOR_IWMP-36_KALUVAPALLE.pdf,9,Chittoor,AP,water_conservation_structures,,,618,504,217.0,44.1,82.0,True,True,,True,ambiguous_promoted:monitoring_column_3_field_photo,,13.913888,78.327889,project_level,farm_pond
CHITTOOR_IWMP-37_SETTIVARIPALLI_p8_i13.jpg,CHITTOOR_IWMP-37_SETTIVARIPALLI.pdf,8,Chittoor,AP,water_conservation_structures,,,618,504,267.0,67.0,41.8,True,True,,True,ambiguous_promoted:monitoring_column_3_field_photo,,13.75366,78.616216,project_level,check_dam
CHITTOOR_IWMP-37_SETTIVARIPALLI_p8_i5.jpg,CHITTOOR_IWMP-37_SETTIVARIPALLI.pdf,8,Chittoor,AP,water_conservation_structures,,,618,504,348.0,50.0,50.5,True,True,,True,ambiguous_promoted:monitoring_column_3_field_photo,,13.75366,78.616216,project_level,check_dam
CHITTOOR_IWMP-37_SETTIVARIPALLI_p9_i0.jpg,CHITTOOR_IWMP-37_SETTIVARIPALLI.pdf,9,Chittoor,AP,vegetation_changes,,,618,504,262.0,74.1,49.5,True,True,,True,ambiguous_promoted:monitoring_column_3_field_photo,,13.75366,78.616216,project_level,plantation
CHITTOOR_IWMP-37_SETTIVARIPALLI_p9_i9.jpg,CHITTOOR_IWMP-37_SETTIVARIPALLI.pdf,9,Chittoor,AP,vegetation_changes,,,618,504,394.0,55.1,35.4,True,True,,True,ambiguous_promoted:monitoring_column_3_field_photo,,13.75366,78.616216,project_level,plantation
CHITTOOR_IWMP-38_THARIGONDA_p8_i13.jpg,CHITTOOR_IWMP-38_THARIGONDA.pdf,8,Chittoor,AP,water_conservation_structures,,,618,504,259.0,57.5,57.8,True,True,,True,ambiguous_promoted:monitoring_column_3_field_photo,,13.731653,78.644995,project_level,check_dam
CHITTOOR_IWMP-38_THARIGONDA_p8_i5.jpg,CHITTOOR_IWMP-38_THARIGONDA.pdf,8,Chittoor,AP,water_conservation_structures,,,618,504,310.0,55.2,57.5,True,True,,True,ambiguous_promoted:monitoring_column_3_field_photo,,13.731653,78.644995,project_level,check_dam
CHITTOOR_IWMP-38_THARIGONDA_p9_i0.jpg,CHITTOOR_IWMP-38_THARIGONDA.pdf,9,Chittoor,AP,water_conservation_structures,,,618,504,298.0,69.5,40.5,True,True,,True,ambiguous_promoted:monitoring_column_3_field_photo,,13.731653,78.644995,project_level,farm_pond
CHITTOOR_IWMP-38_THARIGONDA_p9_i9.jpg,CHITTOOR_IWMP-38_THARIGONDA.pdf,9,Chittoor,AP,water_conservation_structures,,,562,458,244.0,71.3,44.5,True,True,,True,ambiguous_promoted:monitoring_column_3_field_photo,,13.731653,78.644995,project_level,farm_pond
CHITTOOR_IWMP-39_NELLIMANDA_p8_i11.jpg,CHITTOOR_IWMP-39_NELLIMANDA.pdf,8,Chittoor,AP,water_conservation_structures,,,618,504,340.0,58.7,62.0,True,True,,True,ambiguous_promoted:monitoring_column_3_field_photo,,13.551298,78.751432,project_level,farm_pond
CHITTOOR_IWMP-39_NELLIMANDA_p8_i3.jpg,CHITTOOR_IWMP-39_NELLIMANDA.pdf,8,Chittoor,AP,water_conservation_structures,,,618,504,387.0,55.4,36.2,True,True,,True,ambiguous_promoted:monitoring_column_3_field_photo,,13.551298,78.751432,project_level,farm_pond
CHITTOOR_IWMP-39_NELLIMANDA_p9_i9.jpg,CHITTOOR_IWMP-39_NELLIMANDA.pdf,9,Chittoor,AP,water_conservation_structures,,,618,464,246.0,47.2,39.4,True,True,,True,ambiguous_promoted:monitoring_column_3_field_photo,,13.551298,78.751432,project_level,percolation_tank
CHITTOOR_IWMP-40_GALIVARIPALLE_p8_i11.jpg,CHITTOOR_IWMP-40_GALIVARIPALLE.pdf,8,Chittoor,AP,water_conservation_structures,,,618,504,415.0,52.1,50.1,True,True,,True,ambiguous_promoted:monitoring_column_3_field_photo,,13.800321,78.835288,project_level,check_dam
CHITTOOR_IWMP-40_GALIVARIPALLE_p9_i0.jpg,CHITTOOR_IWMP-40_GALIVARIPALLE.pdf,9,Chittoor,AP,water_conservation_structures,,,618,504,343.0,68.6,47.6,True,True,,True,ambiguous_promoted:monitoring_column_3_field_photo,,13.800321,78.835288,project_level,plantation
CHITTOOR_IWMP-40_GALIVARIPALLE_p9_i9.jpg,CHITTOOR_IWMP-40_GALIVARIPALLE.pdf,9,Chittoor,AP,water_conservation_structures,,,618,504,308.0,67.6,36.0,True,True,,True,ambiguous_promoted:monitoring_column_3_field_photo,,13.800321,78.835288,project_level,percolation_tank
CHITTOOR_IWMP-41_BADIKAYALAPALLE_p8_i11.jpg,CHITTOOR_IWMP-41_BADIKAYALAPALLE.pdf,8,Chittoor,AP,water_conservation_structures,,,618,504,210.0,67.2,24.9,True,True,,True,ambiguous_promoted:monitoring_column_3_field_photo,,13.60606,78.283316,project_level,check_dam
CHITTOOR_IWMP-41_BADIKAYALAPALLE_p8_i3.jpg,CHITTOOR_IWMP-41_BADIKAYALAPALLE.pdf,8,Chittoor,AP,water_conservation_structures,,,618,464,396.0,76.3,27.1,True,True,,True,ambiguous_promoted:monitoring_column_3_field_photo,,13.60606,78.283316,project_level,check_dam
CHITTOOR_IWMP-41_BADIKAYALAPALLE_p9_i0.jpg,CHITTOOR_IWMP-41_BADIKAYALAPALLE.pdf,9,Chittoor,AP,water_conservation_structures,,,618,504,409.0,70.2,35.6,True,True,,True,ambiguous_promoted:monitoring_column_3_field_photo,,13.60606,78.283316,project_level,farm_pond
CHITTOOR_IWMP-41_BADIKAYALAPALLE_p9_i9.jpg,CHITTOOR_IWMP-41_BADIKAYALAPALLE.pdf,9,Chittoor,AP,water_conservation_structures,,,618,504,206.0,71.3,45.6,True,True,,True,ambiguous_promoted:monitoring_column_3_field_photo,,13.60606,78.283316,project_level,farm_pond
CHITTOOR_IWMP-42_EENNUGONDAPALEM_p8_i13.jpg,CHITTOOR_IWMP-42_EENNUGONDAPALEM.pdf,8,Chittoor,AP,water_conservation_structures,,,562,458,201.0,38.2,49.7,True,True,,True,ambiguous_promoted:monitoring_column_3_field_photo,,13.786027,78.745561,project_level,check_dam
CHITTOOR_IWMP-42_EENNUGONDAPALEM_p8_i5.jpg,CHITTOOR_IWMP-42_EENNUGONDAPALEM.pdf,8,Chittoor,AP,water_conservation_structures,,,618,464,255.0,52.4,70.4,True,True,,True,ambiguous_promoted:monitoring_column_3_field_photo,,13.786027,78.745561,project_level,check_dam
CHITTOOR_IWMP-42_EENNUGONDAPALEM_p9_i0.jpg,CHITTOOR_IWMP-42_EENNUGONDAPALEM.pdf,9,Chittoor,AP,vegetation_changes,,,618,504,291.0,55.2,49.3,True,True,,True,ambiguous_promoted:monitoring_column_3_field_photo,,13.786027,78.745561,project_level,water_structure_other
CHITTOOR_IWMP-42_EENNUGONDAPALEM_p9_i9.jpg,CHITTOOR_IWMP-42_EENNUGONDAPALEM.pdf,9,Chittoor,AP,vegetation_changes,,,618,504,442.0,57.1,33.2,True,True,,True,ambiguous_promoted:monitoring_column_3_field_photo,,13.786027,78.745561,project_level,plantation
CHITTOOR_IWMP-43_KONA_p8_i11.jpg,CHITTOOR_IWMP-43_KONA.pdf,8,Chittoor,AP,water_conservation_structures,,,618,504,254.0,67.4,62.0,True,True,,True,ambiguous_promoted:monitoring_column_3_field_photo,,13.869659,78.745692,project_level,check_dam
CHITTOOR_IWMP-43_KONA_p8_i3.jpg,CHITTOOR_IWMP-43_KONA.pdf,8,Chittoor,AP,water_conservation_structures,,,618,504,247.0,48.0,42.1,True,True,,True,ambiguous_promoted:monitoring_column_3_field_photo,,13.869659,78.745692,project_level,check_dam
CHITTOOR_IWMP-43_KONA_p9_i0.jpg,CHITTOOR_IWMP-43_KONA.pdf,9,Chittoor,AP,water_conservation_structures,,,618,504,238.0,47.4,68.0,True,True,,True,ambiguous_promoted:monitoring_column_3_field_photo,,13.869659,78.745692,project_level,farm_pond
CHITTOOR_IWMP-43_KONA_p9_i9.jpg,CHITTOOR_IWMP-43_KONA.pdf,9,Chittoor,AP,water_conservation_structures,,,618,504,433.0,60.8,31.6,True,True,,True,ambiguous_promoted:monitoring_column_3_field_photo,,13.869659,78.745692,project_level,farm_pond
CHITTOOR_IWMP-44_GUNDLUR_p8_i13.jpg,CHITTOOR_IWMP-44_GUNDLUR.pdf,8,Chittoor,AP,water_conservation_structures,,,618,504,294.0,59.3,44.0,True,True,,True,ambiguous_promoted:monitoring_column_3_field_photo,,13.714122,78.784924,project_level,check_dam
CHITTOOR_IWMP-44_GUNDLUR_p8_i5.jpg,CHITTOOR_IWMP-44_GUNDLUR.pdf,8,Chittoor,AP,water_conservation_structures,,,618,504,179.0,47.2,71.6,True,True,,True,ambiguous_promoted:monitoring_column_3_field_photo,,13.714122,78.784924,project_level,check_dam
CHITTOOR_IWMP-44_GUNDLUR_p9_i0.jpg,CHITTOOR_IWMP-44_GUNDLUR.pdf,9,Chittoor,AP,water_conservation_structures,,,618,504,325.0,61.2,59.9,True,True,,True,ambiguous_promoted:monitoring_column_3_field_photo,,13.714122,78.784924,project_level,plantation
CHITTOOR_IWMP-44_GUNDLUR_p9_i9.jpg,CHITTOOR_IWMP-44_GUNDLUR.pdf,9,Chittoor,AP,water_conservation_structures,,,618,504,325.0,56.8,56.7,True,True,,True,ambiguous_promoted:monitoring_column_3_field_photo,,13.714122,78.784924,project_level,percolation_tank
CHITTOOR_IWMP-45_MUNELLAPALLI_p8_i5.jpg,CHITTOOR_IWMP-45_MUNELLAPALLI.pdf,8,Chittoor,AP,water_conservation_structures,,,618,504,293.0,86.4,29.7,True,True,,True,ambiguous_promoted:monitoring_column_3_field_photo,,13.717725,78.828101,project_level,check_dam
CHITTOOR_IWMP-45_MUNELLAPALLI_p9_i0.jpg,CHITTOOR_IWMP-45_MUNELLAPALLI.pdf,9,Chittoor,AP,water_conservation_structures,,,618,464,256.0,55.2,69.5,True,True,,True,ambiguous_promoted:monitoring_column_3_field_photo,,13.717725,78.828101,project_level,plantation
CHITTOOR_IWMP-45_MUNELLAPALLI_p9_i9.jpg,CHITTOOR_IWMP-45_MUNELLAPALLI.pdf,9,Chittoor,AP,water_conservation_structures,,,618,504,419.0,55.0,54.0,True,True,,True,ambiguous_promoted:monitoring_column_3_field_photo,,13.717725,78.828101,project_level,percolation_tank
CHITTOOR_IWMP-46_THATIGUNTAPALLI_p8_i5.jpg,CHITTOOR_IWMP-46_THATIGUNTAPALLI.pdf,8,Chittoor,AP,water_conservation_structures,,,618,504,260.0,37.7,78.2,True,True,,True,ambiguous_promoted:monitoring_column_3_field_photo,,13.617649,78.749447,project_level,check_dam
CHITTOOR_IWMP-46_THATIGUNTAPALLI_p9_i0.jpg,CHITTOOR_IWMP-46_THATIGUNTAPALLI.pdf,9,Chittoor,AP,vegetation_changes,,,618,504,587.0,73.6,29.7,True,True,,True,ambiguous_promoted:monitoring_column_3_field_photo,,13.617649,78.749447,project_level,plantation
CHITTOOR_IWMP-46_THATIGUNTAPALLI_p9_i9.jpg,CHITTOOR_IWMP-46_THATIGUNTAPALLI.pdf,9,Chittoor,AP,vegetation_changes,,,618,504,266.0,71.1,47.3,True,True,,True,ambiguous_promoted:monitoring_column_3_field_photo,,13.617649,78.749447,project_level,plantation
CHITTOOR_IWMP-47_CHINNAGOTTIGALLU_p8_i13.jpg,CHITTOOR_IWMP-47_CHINNAGOTTIGALLU.pdf,8,Chittoor,AP,water_conservation_structures,,,618,504,271.0,65.8,44.0,True,True,,True,ambiguous_promoted:monitoring_column_3_field_photo,,13.643458,79.072839,project_level,check_dam
CHITTOOR_IWMP-47_CHINNAGOTTIGALLU_p9_i0.jpg,CHITTOOR_IWMP-47_CHINNAGOTTIGALLU.pdf,9,Chittoor,AP,water_conservation_structures,,,618,504,258.0,63.0,67.7,True,True,,True,ambiguous_promoted:monitoring_column_3_field_photo,,13.643458,79.072839,project_level,farm_pond
CHITTOOR_IWMP-49_POLAKALA_p10_i0.jpg,CHITTOOR_IWMP-49_POLAKALA.pdf,10,Chittoor,AP,water_conservation_structures,,,618,348,352.0,65.9,57.2,True,True,,True,ambiguous_promoted:monitoring_column_3_field_photo,,13.480275,79.00046,project_level,plantation
CHITTOOR_IWMP-49_POLAKALA_p9_i5.jpg,CHITTOOR_IWMP-49_POLAKALA.pdf,9,Chittoor,AP,water_conservation_structures,,,618,464,239.0,66.6,57.7,True,True,,True,ambiguous_promoted:monitoring_column_3_field_photo,,13.480275,79.00046,project_level,farm_pond
CHITTOOR_IWMP-50_KRISHNADASANAPALLE_p8_i5.jpg,CHITTOOR_IWMP-50_KRISHNADASANAPALLE.pdf,8,Chittoor,AP,water_conservation_structures,,,618,464,239.0,66.6,57.7,True,True,,True,ambiguous_promoted:monitoring_column_3_field_photo,,12.736449,78.335411,project_level,farm_pond
CHITTOOR_IWMP-50_KRISHNADASANAPALLE_p9_i0.jpg,CHITTOOR_IWMP-50_KRISHNADASANAPALLE.pdf,9,Chittoor,AP,water_conservation_structures,,,618,348,352.0,65.9,57.2,True,True,,True,ambiguous_promoted:monitoring_column_3_field_photo,,12.736449,78.335411,project_level,plantation
CHITTOOR_IWMP-51_PAMUGANIPALLE_p10_i9.jpg,CHITTOOR_IWMP-51_PAMUGANIPALLE.pdf,10,Chittoor,AP,water_conservation_structures,,,618,464,318.0,69.4,66.7,True,True,,True,ambiguous_promoted:monitoring_column_3_field_photo,,12.943554,78.487599,project_level,farm_pond
CHITTOOR_IWMP-52_KONGATAM_p10_i0.jpg,CHITTOOR_IWMP-52_KONGATAM.pdf,10,Chittoor,AP,water_conservation_structures,,,618,504,317.0,40.9,76.7,True,True,,True,ambiguous_promoted:monitoring_column_3_field_photo,,12.97934,78.436741,project_level,farm_pond
CHITTOOR_IWMP-52_KONGATAM_p10_i9.jpg,CHITTOOR_IWMP-52_KONGATAM.pdf,10,Chittoor,AP,water_conservation_structures,,,618,504,227.0,72.8,40.8,True,True,,True,ambiguous_promoted:monitoring_column_3_field_photo,,12.97934,78.436741,project_level,farm_pond
CHITTOOR_IWMP-52_KONGATAM_p9_i13.jpg,CHITTOOR_IWMP-52_KONGATAM.pdf,9,Chittoor,AP,water_conservation_structures,,,618,504,192.0,34.4,93.8,True,True,,True,ambiguous_promoted:monitoring_column_3_field_photo,,12.97934,78.436741,project_level,farm_pond
CHITTOOR_IWMP-52_KONGATAM_p9_i5.jpg,CHITTOOR_IWMP-52_KONGATAM.pdf,9,Chittoor,AP,water_conservation_structures,,,618,504,279.0,58.0,57.7,True,True,,True,ambiguous_promoted:monitoring_column_3_field_photo,,12.97934,78.436741,project_level,farm_pond
CHITTOOR_IWMP-53_VOOTUPALLE_p10_i9.jpg,CHITTOOR_IWMP-53_VOOTUPALLE.pdf,10,Chittoor,AP,water_conservation_structures,,,618,464,290.0,63.6,45.0,True,True,,True,ambiguous_promoted:monitoring_column_3_field_photo,,13.658115,78.853676,project_level,farm_pond
CHITTOOR_IWMP-53_VOOTUPALLE_p8_i18.jpg,CHITTOOR_IWMP-53_VOOTUPALLE.pdf,8,Chittoor,AP,unspecified,,,590,442,112.0,40.5,33.1,True,True,,True,ambiguous_promoted:monitoring_column_3_field_photo,,13.658115,78.853676,project_level,water_structure_other
CHITTOOR_IWMP-53_VOOTUPALLE_p9_i5.jpg,CHITTOOR_IWMP-53_VOOTUPALLE.pdf,9,Chittoor,AP,water_conservation_structures,,,618,504,324.0,53.4,67.9,True,True,,True,ambiguous_promoted:monitoring_column_3_field_photo,,13.658115,78.853676,project_level,check_dam
CHITTOOR_IWMP-55_YERRAVARIPALEM_p10_i9.jpg,CHITTOOR_IWMP-55_YERRAVARIPALEM.pdf,10,Chittoor,AP,water_conservation_structures,,,618,504,263.0,53.0,54.3,True,True,,True,ambiguous_promoted:monitoring_column_3_field_photo,,13.7031,79.118631,project_level,percolation_tank
CHITTOOR_IWMP-55_YERRAVARIPALEM_p8_i18.jpg,CHITTOOR_IWMP-55_YERRAVARIPALEM.pdf,8,Chittoor,AP,water_conservation_structures,,,715,513,211.0,52.6,72.5,True,True,,True,ambiguous_promoted:monitoring_column_3_field_photo,,13.7031,79.118631,project_level,water_structure_other
CHITTOOR_IWMP-55_YERRAVARIPALEM_p9_i13.jpg,CHITTOOR_IWMP-55_YERRAVARIPALEM.pdf,9,Chittoor,AP,water_conservation_structures,,,640,480,321.0,50.9,66.4,True,True,,True,ambiguous_promoted:monitoring_column_3_field_photo,,13.7031,79.118631,project_level,check_dam
CHITTOOR_IWMP-55_YERRAVARIPALEM_p9_i5.jpg,CHITTOOR_IWMP-55_YERRAVARIPALEM.pdf,9,Chittoor,AP,water_conservation_structures,,,618,464,259.0,43.4,49.2,True,True,,True,ambiguous_promoted:monitoring_column_3_field_photo,,13.7031,79.118631,project_level,check_dam
CHITTOOR_IWMP-56_CHINTHAPENTA_p10_i9.jpg,CHITTOOR_IWMP-56_CHINTHAPENTA.pdf,10,Chittoor,AP,water_conservation_structures,,,618,464,384.0,60.1,43.8,True,True,,True,ambiguous_promoted:monitoring_column_3_field_photo,,13.351391,79.164572,project_level,farm_pond
CHITTOOR_IWMP-56_CHINTHAPENTA_p9_i13.jpg,CHITTOOR_IWMP-56_CHINTHAPENTA.pdf,9,Chittoor,AP,water_conservation_structures,,,618,371,263.0,34.2,74.5,True,True,,True,ambiguous_promoted:monitoring_column_3_field_photo,,13.351391,79.164572,project_level,farm_pond
CHITTOOR_IWMP-57_NOOTHANKALVA_p10_i0.jpg,CHITTOOR_IWMP-57_NOOTHANKALVA.pdf,10,Chittoor,AP,water_conservation_structures,,,618,504,283.0,55.6,40.4,True,True,,True,ambiguous_promoted:monitoring_column_3_field_photo,,13.890944,78.99421,project_level,farm_pond
CHITTOOR_IWMP-57_NOOTHANKALVA_p10_i9.jpg,CHITTOOR_IWMP-57_NOOTHANKALVA.pdf,10,Chittoor,AP,water_conservation_structures,,,618,352,240.0,64.8,56.8,True,True,,True,ambiguous_promoted:monitoring_column_3_field_photo,,13.890944,78.99421,project_level,farm_pond
CHITTOOR_IWMP-57_NOOTHANKALVA_p9_i13.jpg,CHITTOOR_IWMP-57_NOOTHANKALVA.pdf,9,Chittoor,AP,water_conservation_structures,,,605,504,171.0,54.6,46.4,True,True,,True,ambiguous_promoted:monitoring_column_3_field_photo,,13.890944,78.99421,project_level,check_dam
CHITTOOR_IWMP-57_NOOTHANKALVA_p9_i5.jpg,CHITTOOR_IWMP-57_NOOTHANKALVA.pdf,9,Chittoor,AP,water_conservation_structures,,,618,504,264.0,53.4,33.6,True,True,,True,ambiguous_promoted:monitoring_column_3_field_photo,,13.890944,78.99421,project_level,check_dam
CHITTOOR_IWMP_01_MUDDANAPALLE_p10_i13.jpg,CHITTOOR_IWMP_01_MUDDANAPALLE.pdf,10,Chittoor,AP,water_conservation_structures,,,618,504,371.0,70.3,50.5,True,True,,True,ambiguous_promoted:monitoring_column_3_field_photo,,,,no_coordinate_available,check_dam
CHITTOOR_IWMP_01_MUDDANAPALLE_p11_i13.jpg,CHITTOOR_IWMP_01_MUDDANAPALLE.pdf,11,Chittoor,AP,water_conservation_structures,,,618,504,248.0,49.1,92.6,True,True,,True,ambiguous_promoted:monitoring_column_3_field_photo,,,,no_coordinate_available,farm_pond
CHITTOOR_IWMP_01_MUDDANAPALLE_p11_i5.jpg,CHITTOOR_IWMP_01_MUDDANAPALLE.pdf,11,Chittoor,AP,water_conservation_structures,,,618,504,201.0,60.4,47.3,True,True,,True,ambiguous_promoted:monitoring_column_3_field_photo,,,,no_coordinate_available,farm_pond
CHITTOOR_IWMP_02_T.PASALAVANDLA-PALLE_p7_i3.jpg,CHITTOOR_IWMP_02_T.PASALAVANDLA-PALLE.pdf,7,Chittoor,AP,water_conservation_structures,,,618,504,293.0,39.6,63.9,True,True,,True,ambiguous_promoted:monitoring_column_3_field_photo,,,,no_coordinate_available,check_dam
CHITTOOR_IWMP_03_MUSALIKUNTA_p11_i13.jpg,CHITTOOR_IWMP_03_MUSALIKUNTA.pdf,11,Chittoor,AP,water_conservation_structures,,,618,504,233.0,46.2,72.9,True,True,,True,ambiguous_promoted:monitoring_column_3_field_photo,,,,no_coordinate_available,check_dam
CHITTOOR_IWMP_03_MUSALIKUNTA_p11_i5.jpg,CHITTOOR_IWMP_03_MUSALIKUNTA.pdf,11,Chittoor,AP,water_conservation_structures,,,562,459,362.0,51.0,43.1,True,True,,True,ambiguous_promoted:monitoring_column_3_field_photo,,,,no_coordinate_available,check_dam
CHITTOOR_IWMP_03_MUSALIKUNTA_p12_i0.jpg,CHITTOOR_IWMP_03_MUSALIKUNTA.pdf,12,Chittoor,AP,water_conservation_structures,,,562,458,247.0,59.8,27.4,True,True,,True,ambiguous_promoted:monitoring_column_3_field_photo,,,,no_coordinate_available,check_dam
CHITTOOR_IWMP_03_MUSALIKUNTA_p12_i9.jpg,CHITTOOR_IWMP_03_MUSALIKUNTA.pdf,12,Chittoor,AP,water_conservation_structures,,,618,504,261.0,69.2,41.4,True,True,,True,ambiguous_promoted:monitoring_column_3_field_photo,,,,no_coordinate_available,check_dam
CHITTOOR_IWMP_03_MUSALIKUNTA_p13_i0.jpg,CHITTOOR_IWMP_03_MUSALIKUNTA.pdf,13,Chittoor,AP,water_conservation_structures,,,618,504,213.0,44.8,57.3,True,True,,True,ambiguous_promoted:monitoring_column_3_field_photo,,,,no_coordinate_available,percolation_tank
CHITTOOR_IWMP_03_MUSALIKUNTA_p13_i9.jpg,CHITTOOR_IWMP_03_MUSALIKUNTA.pdf,13,Chittoor,AP,water_conservation_structures,,,562,458,222.0,38.3,34.1,True,True,,True,ambiguous_promoted:monitoring_column_3_field_photo,,,,no_coordinate_available,percolation_tank
CHITTOOR_IWMP_03_MUSALIKUNTA_p14_i11.jpg,CHITTOOR_IWMP_03_MUSALIKUNTA.pdf,14,Chittoor,AP,water_conservation_structures,,,562,458,158.0,42.4,51.5,True,True,,True,ambiguous_promoted:monitoring_column_3_field_photo,,,,no_coordinate_available,check_dam
CHITTOOR_IWMP_03_MUSALIKUNTA_p14_i3.jpg,CHITTOOR_IWMP_03_MUSALIKUNTA.pdf,14,Chittoor,AP,water_conservation_structures,,,618,504,236.0,39.7,52.5,True,True,,True,ambiguous_promoted:monitoring_column_3_field_photo,,,,no_coordinate_available,check_dam
CHITTOOR_IWMP_03_MUSALIKUNTA_p15_i0.jpg,CHITTOOR_IWMP_03_MUSALIKUNTA.pdf,15,Chittoor,AP,water_conservation_structures,,,618,504,176.0,43.1,35.0,True,True,,True,ambiguous_promoted:monitoring_column_3_field_photo,,,,no_coordinate_available,percolation_tank
CHITTOOR_IWMP_03_MUSALIKUNTA_p15_i9.jpg,CHITTOOR_IWMP_03_MUSALIKUNTA.pdf,15,Chittoor,AP,water_conservation_structures,,,618,504,213.0,44.8,57.3,True,True,,True,ambiguous_promoted:monitoring_column_3_field_photo,,,,no_coordinate_available,percolation_tank
CHITTOOR_IWMP_05_G.C.PALLE__p10_i13.jpg,CHITTOOR_IWMP_05_G.C.PALLE_.pdf,10,Chittoor,AP,water_conservation_structures,,,640,480,312.0,57.3,57.9,True,True,,True,ambiguous_promoted:monitoring_column_3_field_photo,,,,no_coordinate_available,check_dam
CHITTOOR_IWMP_05_G.C.PALLE__p11_i0.jpg,CHITTOOR_IWMP_05_G.C.PALLE_.pdf,11,Chittoor,AP,vegetation_changes,,,618,504,396.0,75.7,38.0,True,True,,True,ambiguous_promoted:monitoring_column_3_field_photo,,,,no_coordinate_available,plantation
CHITTOOR_IWMP_05_G.C.PALLE__p11_i9.jpg,CHITTOOR_IWMP_05_G.C.PALLE_.pdf,11,Chittoor,AP,vegetation_changes,,,640,480,223.0,66.9,63.4,True,True,,True,ambiguous_promoted:monitoring_column_3_field_photo,,,,no_coordinate_available,plantation
CHITTOOR_IWMP_06_YELLAMANDA_p11_i5.jpg,CHITTOOR_IWMP_06_YELLAMANDA.pdf,11,Chittoor,AP,water_conservation_structures,,,618,504,249.0,63.7,52.1,True,True,,True,ambiguous_promoted:monitoring_column_3_field_photo,,,,no_coordinate_available,check_dam
CHITTOOR_IWMP_06_YELLAMANDA_p12_i0.jpg,CHITTOOR_IWMP_06_YELLAMANDA.pdf,12,Chittoor,AP,water_conservation_structures,,,618,504,512.0,66.8,41.7,True,True,,True,ambiguous_promoted:monitoring_column_3_field_photo,,,,no_coordinate_available,water_structure_other
CHITTOOR_IWMP_06_YELLAMANDA_p13_i9.jpg,CHITTOOR_IWMP_06_YELLAMANDA.pdf,13,Chittoor,AP,water_conservation_structures,,,618,504,353.0,66.2,48.5,True,True,,True,ambiguous_promoted:monitoring_column_3_field_photo,,,,no_coordinate_available,farm_pond
CHITTOOR_IWMP_07_MC-PALLE_p11_i5.jpg,CHITTOOR_IWMP_07_MC-PALLE.pdf,11,Chittoor,AP,water_conservation_structures,,,618,504,220.0,69.5,38.0,True,True,,True,ambiguous_promoted:monitoring_column_3_field_photo,,,,no_coordinate_available,farm_pond
CHITTOOR_IWMP_07_MC-PALLE_p12_i0.jpg,CHITTOOR_IWMP_07_MC-PALLE.pdf,12,Chittoor,AP,water_conservation_structures,,,618,504,295.0,75.1,34.9,True,True,,True,ambiguous_promoted:monitoring_column_3_field_photo,,,,no_coordinate_available,plantation
CHITTOOR_IWMP_07_MC-PALLE_p12_i11.jpg,CHITTOOR_IWMP_07_MC-PALLE.pdf,12,Chittoor,AP,water_conservation_structures,,,618,504,342.0,72.1,36.3,True,True,,True,ambiguous_promoted:monitoring_column_3_field_photo,,,,no_coordinate_available,percolation_tank
CHITTOOR_IWMP_07_MC-PALLE_p13_i0.jpg,CHITTOOR_IWMP_07_MC-PALLE.pdf,13,Chittoor,AP,water_conservation_structures,,,618,504,268.0,58.0,44.9,True,True,,True,ambiguous_promoted:monitoring_column_3_field_photo,,,,no_coordinate_available,percolation_tank
CHITTOOR_IWMP_07_MC-PALLE_p13_i9.jpg,CHITTOOR_IWMP_07_MC-PALLE.pdf,13,Chittoor,AP,water_conservation_structures,,,618,504,376.0,48.9,72.5,True,True,,True,ambiguous_promoted:monitoring_column_3_field_photo,,,,no_coordinate_available,percolation_tank
CHITTOOR_IWMP_08_VEMPALLE_p12_i0.jpg,CHITTOOR_IWMP_08_VEMPALLE.pdf,12,Chittoor,AP,vegetation_changes,,,618,504,328.0,64.5,25.3,True,True,,True,ambiguous_promoted:monitoring_column_3_field_photo,,,,no_coordinate_available,water_structure_other
CHITTOOR_IWMP_09_NAGIRIPALLE_p11_i0.jpg,CHITTOOR_IWMP_09_NAGIRIPALLE.pdf,11,Chittoor,AP,unspecified,,,618,504,335.0,54.6,43.4,True,True,,True,ambiguous_promoted:monitoring_column_3_field_photo,,,,no_coordinate_available,water_structure_other
CHITTOOR_IWMP_09_NAGIRIPALLE_p11_i11.jpg,CHITTOOR_IWMP_09_NAGIRIPALLE.pdf,11,Chittoor,AP,unspecified,,,618,504,440.0,56.0,33.9,True,True,,True,ambiguous_promoted:monitoring_column_3_field_photo,,,,no_coordinate_available,water_structure_other
CHITTOOR_IWMP_09_NAGIRIPALLE_p12_i0.jpg,CHITTOOR_IWMP_09_NAGIRIPALLE.pdf,12,Chittoor,AP,vegetation_changes,,,618,504,362.0,71.9,41.3,True,True,,True,ambiguous_promoted:monitoring_column_3_field_photo,,,,no_coordinate_available,plantation
CHITTOOR_IWMP_09_NAGIRIPALLE_p12_i9.jpg,CHITTOOR_IWMP_09_NAGIRIPALLE.pdf,12,Chittoor,AP,vegetation_changes,,,618,504,394.0,58.7,65.9,True,True,,True,ambiguous_promoted:monitoring_column_3_field_photo,,,,no_coordinate_available,plantation
EAST-GODAVARI_IWMP-11_VEDULLAPALLI_p9_i13.jpg,EAST-GODAVARI_IWMP-11_VEDULLAPALLI.pdf,9,East Godavari,AP,water_conservation_structures,,,615,502,343.0,82.8,17.0,True,True,,True,ambiguous_promoted:monitoring_column_3_field_photo,,17.590674,81.883403,project_level,farm_pond
EAST-GODAVARI_IWMP-12_BANDAPALLI_p10_i13.jpg,EAST-GODAVARI_IWMP-12_BANDAPALLI.pdf,10,East Godavari,AP,water_conservation_structures,,,615,502,417.0,56.7,40.7,True,True,,True,ambiguous_promoted:monitoring_column_3_field_photo,,17.445249,81.822064,project_level,percolation_tank
EAST-GODAVARI_IWMP-12_BANDAPALLI_p10_i6.jpg,EAST-GODAVARI_IWMP-12_BANDAPALLI.pdf,10,East Godavari,AP,water_conservation_structures,,,615,502,219.0,81.8,26.6,True,True,,True,ambiguous_promoted:monitoring_column_3_field_photo,,17.445249,81.822064,project_level,percolation_tank
EAST-GODAVARI_IWMP-13_PAMUGANDI_p9_i13.jpg,EAST-GODAVARI_IWMP-13_PAMUGANDI.pdf,9,East Godavari,AP,water_conservation_structures,,,615,502,240.0,41.0,62.9,True,True,,True,ambiguous_promoted:monitoring_column_3_field_photo,,17.421004,81.722226,project_level,percolation_tank
EAST-GODAVARI_IWMP-13_PAMUGANDI_p9_i6.jpg,EAST-GODAVARI_IWMP-13_PAMUGANDI.pdf,9,East Godavari,AP,water_conservation_structures,,,615,502,468.0,65.3,20.9,True,True,,True,ambiguous_promoted:monitoring_column_3_field_photo,,17.421004,81.722226,project_level,percolation_tank
EAST-GODAVARI_IWMP-14_VADAPALLI_p10_i6.jpg,EAST-GODAVARI_IWMP-14_VADAPALLI.pdf,10,East Godavari,AP,water_conservation_structures,,,615,502,263.0,66.6,58.6,True,True,,True,ambiguous_promoted:monitoring_column_3_field_photo,,17.50801,81.873106,project_level,percolation_tank
EAST-GODAVARI_IWMP-1_YERLAGADDA_p9_i13.jpg,EAST-GODAVARI_IWMP-1_YERLAGADDA.pdf,9,East Godavari,AP,water_conservation_structures,,,615,502,474.0,69.6,45.0,True,True,,True,ambiguous_promoted:monitoring_column_3_field_photo,,17.681294,81.956196,project_level,percolation_tank
EAST-GODAVARI_IWMP-2_DUCHERTHI_p9_i6.jpg,EAST-GODAVARI_IWMP-2_DUCHERTHI.pdf,9,East Godavari,AP,water_conservation_structures,,,615,502,221.0,85.9,35.2,True,True,,True,ambiguous_promoted:monitoring_column_3_field_photo,,17.560319,82.041295,project_level,percolation_tank
EAST-GODAVARI_IWMP-3_PATHAKOTA_p9_i13.jpg,EAST-GODAVARI_IWMP-3_PATHAKOTA.pdf,9,East Godavari,AP,water_conservation_structures,,,615,502,387.0,71.3,42.9,True,True,,True,ambiguous_promoted:monitoring_column_3_field_photo,,17.825566,81.931627,project_level,plantation
EAST-GODAVARI_IWMP-3_PATHAKOTA_p9_i6.jpg,EAST-GODAVARI_IWMP-3_PATHAKOTA.pdf,9,East Godavari,AP,water_conservation_structures,,,615,502,339.0,55.9,43.5,True,True,,True,ambiguous_promoted:monitoring_column_3_field_photo,,17.825566,81.931627,project_level,percolation_tank
EAST-GODAVARI_IWMP-4_TADEPALLI_p9_i13.jpg,EAST-GODAVARI_IWMP-4_TADEPALLI.pdf,9,East Godavari,AP,water_conservation_structures,,,615,346,556.0,55.3,34.7,True,True,,True,ambiguous_promoted:monitoring_column_3_field_photo,,17.532761,81.807937,project_level,percolation_tank
EAST-GODAVARI_IWMP-6_AKURU_p8_i13.jpg,EAST-GODAVARI_IWMP-6_AKURU.pdf,8,East Godavari,AP,water_conservation_structures,,,615,461,407.0,68.1,43.6,True,True,,True,ambiguous_promoted:monitoring_column_3_field_photo,,17.474607,81.613899,project_level,check_dam
EAST-GODAVARI_IWMP-7_LAKKONDA_p8_i13.jpg,EAST-GODAVARI_IWMP-7_LAKKONDA.pdf,8,East Godavari,AP,water_conservation_structures,,,615,502,403.0,57.5,52.2,True,True,,True,ambiguous_promoted:monitoring_column_3_field_photo,,17.469686,81.903587,project_level,percolation_tank
EAST-GODAVARI_IWMP-7_LAKKONDA_p8_i6.jpg,EAST-GODAVARI_IWMP-7_LAKKONDA.pdf,8,East Godavari,AP,water_conservation_structures,,,615,502,271.0,62.9,41.9,True,True,,True,ambiguous_promoted:monitoring_column_3_field_photo,,17.469686,81.903587,project_level,percolation_tank
EAST-GODAVARI_IWMP-7_LAKKONDA_p9_i13.jpg,EAST-GODAVARI_IWMP-7_LAKKONDA.pdf,9,East Godavari,AP,water_conservation_structures,,,615,502,292.0,71.6,50.9,True,True,,True,ambiguous_promoted:monitoring_column_3_field_photo,,17.469686,81.903587,project_level,percolation_tank
EAST-GODAVARI_IWMP-7_LAKKONDA_p9_i6.jpg,EAST-GODAVARI_IWMP-7_LAKKONDA.pdf,9,East Godavari,AP,water_conservation_structures,,,615,502,128.0,71.4,29.0,True,True,,True,ambiguous_promoted:monitoring_column_3_field_photo,,17.469686,81.903587,project_level,percolation_tank
EAST-GODAVARI_IWMP-8_LAGARAI_p10_i13.jpg,EAST-GODAVARI_IWMP-8_LAGARAI.pdf,10,East Godavari,AP,water_conservation_structures,,,615,502,304.0,82.7,21.1,True,True,,True,ambiguous_promoted:monitoring_column_3_field_photo,,17.566114,82.17722,project_level,percolation_tank
EAST-GODAVARI_IWMP-8_LAGARAI_p10_i6.jpg,EAST-GODAVARI_IWMP-8_LAGARAI.pdf,10,East Godavari,AP,water_conservation_structures,,,615,502,204.0,76.7,26.0,True,True,,True,ambiguous_promoted:monitoring_column_3_field_photo,,17.566114,82.17722,project_level,percolation_tank
EAST-GODAVARI_IWMP-8_LAGARAI_p9_i13.jpg,EAST-GODAVARI_IWMP-8_LAGARAI.pdf,9,East Godavari,AP,water_conservation_structures,,,615,502,428.0,57.3,36.3,True,True,,True,ambiguous_promoted:monitoring_column_3_field_photo,,17.566114,82.17722,project_level,percolation_tank
EAST-GODAVARI_IWMP-8_LAGARAI_p9_i6.jpg,EAST-GODAVARI_IWMP-8_LAGARAI.pdf,9,East Godavari,AP,water_conservation_structures,,,640,480,282.0,61.1,40.4,True,True,,True,ambiguous_promoted:monitoring_column_3_field_photo,,17.566114,82.17722,project_level,percolation_tank
EAST-GODAVARI_IWMP-9_CHOPPAKONDA_p10_i6.jpg,EAST-GODAVARI_IWMP-9_CHOPPAKONDA.pdf,10,East Godavari,AP,water_conservation_structures,,,615,502,455.0,66.6,54.6,True,True,,True,ambiguous_promoted:monitoring_column_3_field_photo,,17.375411,81.679593,project_level,percolation_tank
EAST-GODAVARI_IWMP-9_CHOPPAKONDA_p9_i6.jpg,EAST-GODAVARI_IWMP-9_CHOPPAKONDA.pdf,9,East Godavari,AP,water_conservation_structures,,,615,502,354.0,77.3,52.9,True,True,,True,ambiguous_promoted:monitoring_column_3_field_photo,,17.375411,81.679593,project_level,farm_pond
GUNTUR_IWMP_01_REMIDICHERLA_p8_i13.jpg,GUNTUR_IWMP_01_REMIDICHERLA.pdf,8,Guntur,AP,unspecified,,,615,502,424.0,48.6,33.7,True,True,,True,ambiguous_promoted:monitoring_column_3_field_photo,,16.355385,79.646205,project_level,water_structure_other
GUNTUR_IWMP_01_REMIDICHERLA_p8_i5.jpg,GUNTUR_IWMP_01_REMIDICHERLA.pdf,8,Guntur,AP,unspecified,,,615,502,753.0,56.7,45.5,True,True,,True,ambiguous_promoted:monitoring_column_3_field_photo,,16.355385,79.646205,project_level,water_structure_other
GUNTUR_IWMP_01_REMIDICHERLA_p9_i0.jpg,GUNTUR_IWMP_01_REMIDICHERLA.pdf,9,Guntur,AP,unspecified,,,615,502,1155.0,66.7,34.0,True,True,,True,ambiguous_promoted:monitoring_column_3_field_photo,,16.355385,79.646205,project_level,water_structure_other
GUNTUR_IWMP_01_REMIDICHERLA_p9_i9.jpg,GUNTUR_IWMP_01_REMIDICHERLA.pdf,9,Guntur,AP,unspecified,,,615,502,1004.0,67.4,38.6,True,True,,True,ambiguous_promoted:monitoring_column_3_field_photo,,16.355385,79.646205,project_level,water_structure_other
GUNTUR_IWMP_02_UPPALAPADU_p8_i13.jpg,GUNTUR_IWMP_02_UPPALAPADU.pdf,8,Guntur,AP,unspecified,,,615,502,542.0,61.2,49.9,True,True,,True,ambiguous_promoted:monitoring_column_3_field_photo,,16.346791,79.356051,project_level,water_structure_other
GUNTUR_IWMP_02_UPPALAPADU_p8_i5.jpg,GUNTUR_IWMP_02_UPPALAPADU.pdf,8,Guntur,AP,unspecified,,,615,502,558.0,77.5,34.2,True,True,,True,ambiguous_promoted:monitoring_column_3_field_photo,,16.346791,79.356051,project_level,water_structure_other
GUNTUR_IWMP_02_UPPALAPADU_p9_i0.jpg,GUNTUR_IWMP_02_UPPALAPADU.pdf,9,Guntur,AP,water_conservation_structures,,,615,502,437.0,66.9,38.9,True,True,,True,ambiguous_promoted:monitoring_column_3_field_photo,,16.346791,79.356051,project_level,water_structure_other
GUNTUR_IWMP_02_UPPALAPADU_p9_i9.jpg,GUNTUR_IWMP_02_UPPALAPADU.pdf,9,Guntur,AP,water_conservation_structures,,,615,502,224.0,62.0,45.6,True,True,,True,ambiguous_promoted:monitoring_column_3_field_photo,,16.346791,79.356051,project_level,percolation_tank
KURNOOL_IWMP-01_KOTA-KANDUKUR_p10_i12.jpg,KURNOOL_IWMP-01_KOTA-KANDUKUR.pdf,10,Kurnool,AP,water_conservation_structures,,,618,504,238.0,50.3,66.8,True,True,,True,ambiguous_promoted:monitoring_column_3_field_photo,,,,no_coordinate_available,check_dam
KURNOOL_IWMP-01_KOTA-KANDUKUR_p10_i5.jpg,KURNOOL_IWMP-01_KOTA-KANDUKUR.pdf,10,Kurnool,AP,water_conservation_structures,,,618,504,245.0,50.1,60.8,True,True,,True,ambiguous_promoted:monitoring_column_3_field_photo,,,,no_coordinate_available,check_dam
KURNOOL_IWMP-01_KOTA-KANDUKUR_p11_i9.jpg,KURNOOL_IWMP-01_KOTA-KANDUKUR.pdf,11,Kurnool,AP,water_conservation_structures,,,618,504,248.0,44.7,73.4,True,True,,True,ambiguous_promoted:monitoring_column_3_field_photo,,,,no_coordinate_available,check_dam
KURNOOL_IWMP-01_KOTA-KANDUKUR_p12_i3.jpg,KURNOOL_IWMP-01_KOTA-KANDUKUR.pdf,12,Kurnool,AP,water_conservation_structures,,,618,504,361.0,35.4,59.2,True,True,,True,ambiguous_promoted:monitoring_column_3_field_photo,,,,no_coordinate_available,farm_pond
KURNOOL_IWMP-02_INDIRESWARAM_p10_i0.jpg,KURNOOL_IWMP-02_INDIRESWARAM.pdf,10,Kurnool,AP,water_conservation_structures,,,618,504,222.0,81.3,19.2,True,True,,True,ambiguous_promoted:monitoring_column_3_field_photo,,,,no_coordinate_available,farm_pond
KURNOOL_IWMP-02_INDIRESWARAM_p10_i9.jpg,KURNOOL_IWMP-02_INDIRESWARAM.pdf,10,Kurnool,AP,water_conservation_structures,,,618,504,348.0,45.5,52.0,True,True,,True,ambiguous_promoted:monitoring_column_3_field_photo,,,,no_coordinate_available,farm_pond
KURNOOL_IWMP-02_INDIRESWARAM_p8_i5.jpg,KURNOOL_IWMP-02_INDIRESWARAM.pdf,8,Kurnool,AP,unspecified,,,618,504,330.0,78.4,24.5,True,True,,True,ambiguous_promoted:monitoring_column_3_field_photo,,,,no_coordinate_available,check_dam
KURNOOL_IWMP-02_INDIRESWARAM_p9_i9.jpg,KURNOOL_IWMP-02_INDIRESWARAM.pdf,9,Kurnool,AP,water_conservation_structures,,,618,504,413.0,63.2,29.7,True,True,,True,ambiguous_promoted:monitoring_column_3_field_photo,,,,no_coordinate_available,check_dam
KURNOOL_IWMP-03_GUTUPALLI_p11_i0.jpg,KURNOOL_IWMP-03_GUTUPALLI.pdf,11,Kurnool,AP,unspecified,,,618,504,243.0,64.0,44.3,True,True,,True,ambiguous_promoted:monitoring_column_3_field_photo,,,,no_coordinate_available,water_structure_other
KURNOOL_IWMP-04_BILEHAL_p10_i0.jpg,KURNOOL_IWMP-04_BILEHAL.pdf,10,Kurnool,AP,water_conservation_structures,,,618,504,192.0,58.5,25.0,True,True,,True,ambiguous_promoted:monitoring_column_3_field_photo,,,,no_coordinate_available,farm_pond
KURNOOL_IWMP-04_BILEHAL_p11_i9.jpg,KURNOOL_IWMP-04_BILEHAL.pdf,11,Kurnool,AP,water_conservation_structures,,,618,504,327.0,43.9,52.7,True,True,,True,ambiguous_promoted:monitoring_column_3_field_photo,,,,no_coordinate_available,check_dam
KURNOOL_IWMP-04_BILEHAL_p9_i13.jpg,KURNOOL_IWMP-04_BILEHAL.pdf,9,Kurnool,AP,water_conservation_structures,,,618,504,284.0,51.6,31.1,True,True,,True,ambiguous_promoted:monitoring_column_3_field_photo,,,,no_coordinate_available,check_dam
KURNOOL_IWMP-04_BILEHAL_p9_i5.jpg,KURNOOL_IWMP-04_BILEHAL.pdf,9,Kurnool,AP,water_conservation_structures,,,618,504,261.0,63.7,47.2,True,True,,True,ambiguous_promoted:monitoring_column_3_field_photo,,,,no_coordinate_available,check_dam
KURNOOL_IWMP-05_TANGADANCHA_p10_i9.jpg,KURNOOL_IWMP-05_TANGADANCHA.pdf,10,Kurnool,AP,water_conservation_structures,,,618,504,218.0,41.3,88.6,True,True,,True,ambiguous_promoted:monitoring_column_3_field_photo,,,,no_coordinate_available,check_dam
KURNOOL_IWMP-05_TANGADANCHA_p9_i8.jpg,KURNOOL_IWMP-05_TANGADANCHA.pdf,9,Kurnool,AP,water_conservation_structures,,,618,371,355.0,51.2,30.1,True,True,,True,ambiguous_promoted:monitoring_column_3_field_photo,,,,no_coordinate_available,check_dam
KURNOOL_IWMP-06-BELAGALLU_p10_i5.jpg,KURNOOL_IWMP-06-BELAGALLU.pdf,10,Kurnool,AP,water_conservation_structures,,,618,504,539.0,42.4,37.2,True,True,,True,ambiguous_promoted:monitoring_column_3_field_photo,,,,no_coordinate_available,farm_pond
KURNOOL_IWMP-06-BELAGALLU_p11_i0.jpg,KURNOOL_IWMP-06-BELAGALLU.pdf,11,Kurnool,AP,water_conservation_structures,,,618,504,325.0,30.1,54.0,True,True,,True,ambiguous_promoted:monitoring_column_3_field_photo,,,,no_coordinate_available,farm_pond
KURNOOL_IWMP-06-BELAGALLU_p11_i9.jpg,KURNOOL_IWMP-06-BELAGALLU.pdf,11,Kurnool,AP,water_conservation_structures,,,618,504,215.0,36.9,39.2,True,True,,True,ambiguous_promoted:monitoring_column_3_field_photo,,,,no_coordinate_available,farm_pond
KURNOOL_IWMP-08_SANGAPATNAM_p9_i13.jpg,KURNOOL_IWMP-08_SANGAPATNAM.pdf,9,Kurnool,AP,water_conservation_structures,,,618,504,250.0,63.4,61.6,True,True,,True,ambiguous_promoted:monitoring_column_3_field_photo,,,,no_coordinate_available,farm_pond
KURNOOL_IWMP-09_GIDDALUR_p10_i13.jpg,KURNOOL_IWMP-09_GIDDALUR.pdf,10,Kurnool,AP,water_conservation_structures,,,618,504,269.0,45.6,61.2,True,True,,True,ambiguous_promoted:monitoring_column_3_field_photo,,,,no_coordinate_available,check_dam
KURNOOL_IWMP-09_GIDDALUR_p10_i5.jpg,KURNOOL_IWMP-09_GIDDALUR.pdf,10,Kurnool,AP,water_conservation_structures,,,618,504,213.0,45.5,85.5,True,True,,True,ambiguous_promoted:monitoring_column_3_field_photo,,,,no_coordinate_available,check_dam
KURNOOL_IWMP-10_CHENNAMPALLI_p7_i13.jpg,KURNOOL_IWMP-10_CHENNAMPALLI.pdf,7,Kurnool,AP,water_conservation_structures,,,618,504,211.0,52.5,43.8,True,True,,True,ambiguous_promoted:monitoring_column_3_field_photo,,,,no_coordinate_available,water_structure_other
KURNOOL_IWMP-10_CHENNAMPALLI_p8_i9.jpg,KURNOOL_IWMP-10_CHENNAMPALLI.pdf,8,Kurnool,AP,water_conservation_structures,,,618,504,248.0,44.7,73.4,True,True,,True,ambiguous_promoted:monitoring_column_3_field_photo,,,,no_coordinate_available,check_dam
KURNOOL_IWMP-11_GUNDREVULA_p10_i13.jpg,KURNOOL_IWMP-11_GUNDREVULA.pdf,10,Kurnool,AP,water_conservation_structures,,,618,371,211.0,47.0,45.8,True,True,,True,ambiguous_promoted:monitoring_column_3_field_photo,,,,no_coordinate_available,farm_pond
KURNOOL_IWMP-11_GUNDREVULA_p10_i5.jpg,KURNOOL_IWMP-11_GUNDREVULA.pdf,10,Kurnool,AP,water_conservation_structures,,,618,504,180.0,31.7,38.3,True,True,,True,ambiguous_promoted:monitoring_column_3_field_photo,,,,no_coordinate_available,farm_pond
KURNOOL_IWMP-11_GUNDREVULA_p11_i0.jpg,KURNOOL_IWMP-11_GUNDREVULA.pdf,11,Kurnool,AP,water_conservation_structures,,,618,504,193.0,39.8,64.9,True,True,,True,ambiguous_promoted:monitoring_column_3_field_photo,,,,no_coordinate_available,farm_pond
KURNOOL_IWMP-11_GUNDREVULA_p11_i9.jpg,KURNOOL_IWMP-11_GUNDREVULA.pdf,11,Kurnool,AP,water_conservation_structures,,,618,504,197.0,49.0,50.7,True,True,,True,ambiguous_promoted:monitoring_column_3_field_photo,,,,no_coordinate_available,farm_pond
KURNOOL_IWMP-12_BHEEMAVARAM_p10_i13.jpg,KURNOOL_IWMP-12_BHEEMAVARAM.pdf,10,Kurnool,AP,vegetation_changes,,,618,504,548.0,83.7,27.3,True,True,,True,ambiguous_promoted:monitoring_column_3_field_photo,,,,no_coordinate_available,plantation
KURNOOL_IWMP-12_BHEEMAVARAM_p10_i5.jpg,KURNOOL_IWMP-12_BHEEMAVARAM.pdf,10,Kurnool,AP,vegetation_changes,,,618,504,214.0,86.5,34.5,True,True,,True,ambiguous_promoted:monitoring_column_3_field_photo,,,,no_coordinate_available,plantation
KURNOOL_IWMP-12_BHEEMAVARAM_p11_i0.jpg,KURNOOL_IWMP-12_BHEEMAVARAM.pdf,11,Kurnool,AP,water_conservation_structures,,,618,504,193.0,85.5,43.8,True,True,,True,ambiguous_promoted:monitoring_column_3_field_photo,,,,no_coordinate_available,plantation
KURNOOL_IWMP-12_BHEEMAVARAM_p11_i9.jpg,KURNOOL_IWMP-12_BHEEMAVARAM.pdf,11,Kurnool,AP,water_conservation_structures,,,618,504,312.0,89.0,30.0,True,True,,True,ambiguous_promoted:monitoring_column_3_field_photo,,,,no_coordinate_available,farm_pond
KURNOOL_IWMP-13_KOTEKAL_p10_i13.jpg,KURNOOL_IWMP-13_KOTEKAL.pdf,10,Kurnool,AP,water_conservation_structures,,,618,504,185.0,38.5,88.1,True,True,,True,ambiguous_promoted:monitoring_column_3_field_photo,,,,no_coordinate_available,farm_pond
KURNOOL_IWMP-13_KOTEKAL_p10_i5.jpg,KURNOOL_IWMP-13_KOTEKAL.pdf,10,Kurnool,AP,water_conservation_structures,,,618,504,196.0,37.4,88.5,True,True,,True,ambiguous_promoted:monitoring_column_3_field_photo,,,,no_coordinate_available,farm_pond
KURNOOL_IWMP-13_KOTEKAL_p11_i0.jpg,KURNOOL_IWMP-13_KOTEKAL.pdf,11,Kurnool,AP,water_conservation_structures,,,618,504,165.0,33.1,48.7,True,True,,True,ambiguous_promoted:monitoring_column_3_field_photo,,,,no_coordinate_available,farm_pond
KURNOOL_IWMP-14_HALVI_p8_i11.jpg,KURNOOL_IWMP-14_HALVI.pdf,8,Kurnool,AP,water_conservation_structures,,,605,504,253.0,41.5,50.5,True,True,,True,ambiguous_promoted:monitoring_column_3_field_photo,,15.873636,77.147862,project_level,farm_pond
KURNOOL_IWMP-14_HALVI_p8_i3.jpg,KURNOOL_IWMP-14_HALVI.pdf,8,Kurnool,AP,water_conservation_structures,,,618,504,276.0,55.9,38.9,True,True,,True,ambiguous_promoted:monitoring_column_3_field_photo,,15.873636,77.147862,project_level,farm_pond
KURNOOL_IWMP-14_HALVI_p9_i0.jpg,KURNOOL_IWMP-14_HALVI.pdf,9,Kurnool,AP,water_conservation_structures,,,618,371,170.0,36.8,64.5,True,True,,True,ambiguous_promoted:monitoring_column_3_field_photo,,15.873636,77.147862,project_level,farm_pond
KURNOOL_IWMP-14_HALVI_p9_i9.jpg,KURNOOL_IWMP-14_HALVI.pdf,9,Kurnool,AP,water_conservation_structures,,,618,371,312.0,53.7,45.8,True,True,,True,ambiguous_promoted:monitoring_column_3_field_photo,,15.873636,77.147862,project_level,check_dam
KURNOOL_IWMP-16_LAXMIPURAM_p7_i11.jpg,KURNOOL_IWMP-16_LAXMIPURAM.pdf,7,Kurnool,AP,water_conservation_structures,,,640,480,242.0,46.1,79.4,True,True,,True,ambiguous_promoted:monitoring_column_3_field_photo,,,,no_coordinate_available,check_dam
KURNOOL_IWMP-16_LAXMIPURAM_p7_i3.jpg,KURNOOL_IWMP-16_LAXMIPURAM.pdf,7,Kurnool,AP,water_conservation_structures,,,618,504,252.0,46.9,44.8,True,True,,True,ambiguous_promoted:monitoring_column_3_field_photo,,,,no_coordinate_available,check_dam
KURNOOL_IWMP-16_LAXMIPURAM_p8_i0.jpg,KURNOOL_IWMP-16_LAXMIPURAM.pdf,8,Kurnool,AP,water_conservation_structures,,,618,504,308.0,49.7,77.2,True,True,,True,ambiguous_promoted:monitoring_column_3_field_photo,,,,no_coordinate_available,check_dam
KURNOOL_IWMP-18_HATHIBELAGAL_p7_i11.jpg,KURNOOL_IWMP-18_HATHIBELAGAL.pdf,7,Kurnool,AP,water_conservation_structures,,,618,504,253.0,34.1,43.6,True,True,,True,ambiguous_promoted:monitoring_column_3_field_photo,,15.380663,77.229068,project_level,farm_pond
KURNOOL_IWMP-18_HATHIBELAGAL_p7_i3.jpg,KURNOOL_IWMP-18_HATHIBELAGAL.pdf,7,Kurnool,AP,water_conservation_structures,,,618,504,218.0,45.2,35.7,True,True,,True,ambiguous_promoted:monitoring_column_3_field_photo,,15.380663,77.229068,project_level,farm_pond
KURNOOL_IWMP-18_HATHIBELAGAL_p8_i0.jpg,KURNOOL_IWMP-18_HATHIBELAGAL.pdf,8,Kurnool,AP,water_conservation_structures,,,618,504,248.0,55.1,42.9,True,True,,True,ambiguous_promoted:monitoring_column_3_field_photo,,15.380663,77.229068,project_level,farm_pond
KURNOOL_IWMP-18_HATHIBELAGAL_p8_i11.jpg,KURNOOL_IWMP-18_HATHIBELAGAL.pdf,8,Kurnool,AP,water_conservation_structures,,,618,504,211.0,65.1,28.0,True,True,,True,ambiguous_promoted:monitoring_column_3_field_photo,,15.380663,77.229068,project_level,farm_pond
KURNOOL_IWMP-19_MITNALA_p7_i11.jpg,KURNOOL_IWMP-19_MITNALA.pdf,7,Kurnool,AP,water_conservation_structures,,,618,504,315.0,51.6,33.7,True,True,,True,ambiguous_promoted:monitoring_column_3_field_photo,,15.444404,78.415589,project_level,check_dam
KURNOOL_IWMP-20_MANDAGERI_p8_i0.jpg,KURNOOL_IWMP-20_MANDAGERI.pdf,8,Kurnool,AP,water_conservation_structures,,,618,504,254.0,49.7,35.7,True,True,,True,ambiguous_promoted:monitoring_column_3_field_photo,,15.631386,77.321656,project_level,farm_pond
KURNOOL_IWMP-20_MANDAGERI_p8_i9.jpg,KURNOOL_IWMP-20_MANDAGERI.pdf,8,Kurnool,AP,water_conservation_structures,,,618,348,249.0,40.9,43.5,True,True,,True,ambiguous_promoted:monitoring_column_3_field_photo,,15.631386,77.321656,project_level,farm_pond
KURNOOL_IWMP-21_TELLAPURI_p7_i11.jpg,KURNOOL_IWMP-21_TELLAPURI.pdf,7,Kurnool,AP,water_conservation_structures,,,618,464,286.0,57.1,51.2,True,True,,True,ambiguous_promoted:monitoring_column_3_field_photo,,15.35193,78.406969,project_level,check_dam
KURNOOL_IWMP-21_TELLAPURI_p8_i0.jpg,KURNOOL_IWMP-21_TELLAPURI.pdf,8,Kurnool,AP,vegetation_changes,,,618,371,340.0,65.4,48.0,True,True,,True,ambiguous_promoted:monitoring_column_3_field_photo,,15.35193,78.406969,project_level,plantation
KURNOOL_IWMP-22_BRAHMANAKOTKUR_p7_i3.jpg,KURNOOL_IWMP-22_BRAHMANAKOTKUR.pdf,7,Kurnool,AP,vegetation_changes,,,618,371,347.0,66.7,66.6,True,True,,True,ambiguous_promoted:monitoring_column_3_field_photo,,,,no_coordinate_available,farm_pond
KURNOOL_IWMP-22_BRAHMANAKOTKUR_p8_i9.jpg,KURNOOL_IWMP-22_BRAHMANAKOTKUR.pdf,8,Kurnool,AP,water_conservation_structures,,,618,371,269.0,70.3,29.3,True,True,,True,ambiguous_promoted:monitoring_column_3_field_photo,,,,no_coordinate_available,farm_pond
KURNOOL_IWMP-23_NANDAVARAM_p8_i11.jpg,KURNOOL_IWMP-23_NANDAVARAM.pdf,8,Kurnool,AP,water_conservation_structures,,,618,371,237.0,43.0,52.7,True,True,,True,ambiguous_promoted:monitoring_column_3_field_photo,,,,no_coordinate_available,farm_pond
KURNOOL_IWMP-23_NANDAVARAM_p8_i3.jpg,KURNOOL_IWMP-23_NANDAVARAM.pdf,8,Kurnool,AP,water_conservation_structures,,,618,464,225.0,46.9,41.8,True,True,,True,ambiguous_promoted:monitoring_column_3_field_photo,,,,no_coordinate_available,farm_pond
KURNOOL_IWMP-23_NANDAVARAM_p9_i0.jpg,KURNOOL_IWMP-23_NANDAVARAM.pdf,9,Kurnool,AP,water_conservation_structures,,,618,504,119.0,55.4,47.5,True,True,,True,ambiguous_promoted:monitoring_column_3_field_photo,,,,no_coordinate_available,farm_pond
KURNOOL_IWMP-23_NANDAVARAM_p9_i9.jpg,KURNOOL_IWMP-23_NANDAVARAM.pdf,9,Kurnool,AP,water_conservation_structures,,,618,348,245.0,42.4,44.5,True,True,,True,ambiguous_promoted:monitoring_column_3_field_photo,,,,no_coordinate_available,farm_pond
KURNOOL_IWMP-24_SARPARAJAPURAM_p7_i11.jpg,KURNOOL_IWMP-24_SARPARAJAPURAM.pdf,7,Kurnool,AP,water_conservation_structures,,,618,464,412.0,67.0,40.6,True,True,,True,ambiguous_promoted:monitoring_column_3_field_photo,,,,no_coordinate_available,farm_pond
KURNOOL_IWMP-24_SARPARAJAPURAM_p8_i9.jpg,KURNOOL_IWMP-24_SARPARAJAPURAM.pdf,8,Kurnool,AP,unspecified,,,618,371,205.0,54.8,41.7,True,True,,True,ambiguous_promoted:monitoring_column_3_field_photo,,,,no_coordinate_available,check_dam
KURNOOL_IWMP-25_MAYALUR_p7_i11.jpg,KURNOOL_IWMP-25_MAYALUR.pdf,7,Kurnool,AP,water_conservation_structures,,,618,371,414.0,48.6,51.5,True,True,,True,ambiguous_promoted:monitoring_column_3_field_photo,,15.121441,78.333974,project_level,check_dam
KURNOOL_IWMP-25_MAYALUR_p7_i3.jpg,KURNOOL_IWMP-25_MAYALUR.pdf,7,Kurnool,AP,water_conservation_structures,,,618,371,207.0,54.1,36.2,True,True,,True,ambiguous_promoted:monitoring_column_3_field_photo,,15.121441,78.333974,project_level,check_dam
KURNOOL_IWMP-25_MAYALUR_p8_i0.jpg,KURNOOL_IWMP-25_MAYALUR.pdf,8,Kurnool,AP,water_conservation_structures,,,618,504,164.0,41.2,61.9,True,True,,True,ambiguous_promoted:monitoring_column_3_field_photo,,15.121441,78.333974,project_level,farm_pond
KURNOOL_IWMP-25_MAYALUR_p8_i9.jpg,KURNOOL_IWMP-25_MAYALUR.pdf,8,Kurnool,AP,water_conservation_structures,,,618,504,321.0,65.7,61.8,True,True,,True,ambiguous_promoted:monitoring_column_3_field_photo,,15.121441,78.333974,project_level,farm_pond
KURNOOL_IWMP-26_RACHUMARRI_p7_i11.jpg,KURNOOL_IWMP-26_RACHUMARRI.pdf,7,Kurnool,AP,water_conservation_structures,,,618,504,431.0,51.8,50.4,True,True,,True,ambiguous_promoted:monitoring_column_3_field_photo,,,,no_coordinate_available,water_structure_other
KURNOOL_IWMP-26_RACHUMARRI_p7_i3.jpg,KURNOOL_IWMP-26_RACHUMARRI.pdf,7,Kurnool,AP,water_conservation_structures,,,618,371,291.0,42.1,41.7,True,True,,True,ambiguous_promoted:monitoring_column_3_field_photo,,,,no_coordinate_available,farm_pond
KURNOOL_IWMP-26_RACHUMARRI_p8_i0.jpg,KURNOOL_IWMP-26_RACHUMARRI.pdf,8,Kurnool,AP,water_conservation_structures,,,618,504,308.0,48.0,33.0,True,True,,True,ambiguous_promoted:monitoring_column_3_field_photo,,,,no_coordinate_available,farm_pond
KURNOOL_IWMP-27_KOTHAPALLI_p7_i11.jpg,KURNOOL_IWMP-27_KOTHAPALLI.pdf,7,Kurnool,AP,water_conservation_structures,,,618,371,140.0,35.7,40.1,True,True,,True,ambiguous_promoted:monitoring_column_3_field_photo,,,,no_coordinate_available,farm_pond
KURNOOL_IWMP-27_KOTHAPALLI_p7_i3.jpg,KURNOOL_IWMP-27_KOTHAPALLI.pdf,7,Kurnool,AP,water_conservation_structures,,,618,371,257.0,42.6,60.7,True,True,,True,ambiguous_promoted:monitoring_column_3_field_photo,,,,no_coordinate_available,farm_pond
KURNOOL_IWMP-27_KOTHAPALLI_p8_i0.jpg,KURNOOL_IWMP-27_KOTHAPALLI.pdf,8,Kurnool,AP,water_conservation_structures,,,618,504,358.0,62.0,51.8,True,True,,True,ambiguous_promoted:monitoring_column_3_field_photo,,,,no_coordinate_available,farm_pond
KURNOOL_IWMP-27_KOTHAPALLI_p8_i9.jpg,KURNOOL_IWMP-27_KOTHAPALLI.pdf,8,Kurnool,AP,water_conservation_structures,,,618,504,511.0,68.8,42.5,True,True,,True,ambiguous_promoted:monitoring_column_3_field_photo,,,,no_coordinate_available,farm_pond
KURNOOL_IWMP-28_GORANTLA_p7_i11.jpg,KURNOOL_IWMP-28_GORANTLA.pdf,7,Kurnool,AP,water_conservation_structures,,,618,504,291.0,39.6,41.5,True,True,,True,ambiguous_promoted:monitoring_column_3_field_photo,,,,no_coordinate_available,water_structure_other
KURNOOL_IWMP-28_GORANTLA_p7_i3.jpg,KURNOOL_IWMP-28_GORANTLA.pdf,7,Kurnool,AP,water_conservation_structures,,,618,504,336.0,71.0,35.4,True,True,,True,ambiguous_promoted:monitoring_column_3_field_photo,,,,no_coordinate_available,farm_pond
KURNOOL_IWMP-28_GORANTLA_p8_i0.jpg,KURNOOL_IWMP-28_GORANTLA.pdf,8,Kurnool,AP,unspecified,,,618,504,278.0,48.1,69.8,True,True,,True,ambiguous_promoted:monitoring_column_3_field_photo,,,,no_coordinate_available,water_structure_other
KURNOOL_IWMP-28_GORANTLA_p8_i9.jpg,KURNOOL_IWMP-28_GORANTLA.pdf,8,Kurnool,AP,unspecified,,,618,504,238.0,66.0,42.7,True,True,,True,ambiguous_promoted:monitoring_column_3_field_photo,,,,no_coordinate_available,water_structure_other
KURNOOL_IWMP-29_HOSURU_p7_i11.jpg,KURNOOL_IWMP-29_HOSURU.pdf,7,Kurnool,AP,water_conservation_structures,,,618,504,315.0,64.1,41.7,True,True,,True,ambiguous_promoted:monitoring_column_3_field_photo,,,,no_coordinate_available,farm_pond
KURNOOL_IWMP-29_HOSURU_p7_i3.jpg,KURNOOL_IWMP-29_HOSURU.pdf,7,Kurnool,AP,water_conservation_structures,,,618,464,194.0,35.3,39.8,True,True,,True,ambiguous_promoted:monitoring_column_3_field_photo,,,,no_coordinate_available,farm_pond
KURNOOL_IWMP-29_HOSURU_p8_i0.jpg,KURNOOL_IWMP-29_HOSURU.pdf,8,Kurnool,AP,water_conservation_structures,,,618,504,247.0,49.4,42.0,True,True,,True,ambiguous_promoted:monitoring_column_3_field_photo,,,,no_coordinate_available,farm_pond
KURNOOL_IWMP-29_HOSURU_p8_i9.jpg,KURNOOL_IWMP-29_HOSURU.pdf,8,Kurnool,AP,water_conservation_structures,,,618,504,303.0,87.0,31.5,True,True,,True,ambiguous_promoted:monitoring_column_3_field_photo,,,,no_coordinate_available,farm_pond
KURNOOL_IWMP-30_KAMAVARAM_p10_i11.jpg,KURNOOL_IWMP-30_KAMAVARAM.pdf,10,Kurnool,AP,unspecified,,,618,504,423.0,50.1,53.9,True,True,,True,ambiguous_promoted:monitoring_column_3_field_photo,,,,no_coordinate_available,farm_pond
KURNOOL_IWMP-30_KAMAVARAM_p10_i3.jpg,KURNOOL_IWMP-30_KAMAVARAM.pdf,10,Kurnool,AP,unspecified,,,618,504,227.0,41.3,78.2,True,True,,True,ambiguous_promoted:monitoring_column_3_field_photo,,,,no_coordinate_available,farm_pond
KURNOOL_IWMP-30_KAMAVARAM_p11_i9.jpg,KURNOOL_IWMP-30_KAMAVARAM.pdf,11,Kurnool,AP,water_conservation_structures,,,618,504,288.0,38.8,35.0,True,True,,True,ambiguous_promoted:monitoring_column_3_field_photo,,,,no_coordinate_available,farm_pond
KURNOOL_IWMP-30_KAMAVARAM_p8_i3.jpg,KURNOOL_IWMP-30_KAMAVARAM.pdf,8,Kurnool,AP,water_conservation_structures,,,618,504,237.0,43.5,45.6,True,True,,True,ambiguous_promoted:monitoring_column_3_field_photo,,,,no_coordinate_available,farm_pond
KURNOOL_IWMP-30_KAMAVARAM_p9_i11.jpg,KURNOOL_IWMP-30_KAMAVARAM.pdf,9,Kurnool,AP,water_conservation_structures,,,618,504,141.0,57.8,36.3,True,True,,True,ambiguous_promoted:monitoring_column_3_field_photo,,,,no_coordinate_available,farm_pond
KURNOOL_IWMP-30_KAMAVARAM_p9_i3.jpg,KURNOOL_IWMP-30_KAMAVARAM.pdf,9,Kurnool,AP,water_conservation_structures,,,618,504,194.0,53.8,56.6,True,True,,True,ambiguous_promoted:monitoring_column_3_field_photo,,,,no_coordinate_available,farm_pond
KURNOOL_IWMP-32_NAGARURU_p10_i3.jpg,KURNOOL_IWMP-32_NAGARURU.pdf,10,Kurnool,AP,water_conservation_structures,,,618,464,363.0,47.9,45.7,True,True,,True,ambiguous_promoted:monitoring_column_3_field_photo,,15.5428,77.305553,project_level,farm_pond
KURNOOL_IWMP-32_NAGARURU_p11_i0.jpg,KURNOOL_IWMP-32_NAGARURU.pdf,11,Kurnool,AP,water_conservation_structures,,,618,464,203.0,62.1,28.2,True,True,,True,ambiguous_promoted:monitoring_column_3_field_photo,,15.5428,77.305553,project_level,farm_pond
KURNOOL_IWMP-32_NAGARURU_p11_i9.jpg,KURNOOL_IWMP-32_NAGARURU.pdf,11,Kurnool,AP,water_conservation_structures,,,618,464,306.0,56.6,60.9,True,True,,True,ambiguous_promoted:monitoring_column_3_field_photo,,15.5428,77.305553,project_level,farm_pond
KURNOOL_IWMP-32_NAGARURU_p8_i11.jpg,KURNOOL_IWMP-32_NAGARURU.pdf,8,Kurnool,AP,water_conservation_structures,,,618,504,274.0,59.1,47.8,True,True,,True,ambiguous_promoted:monitoring_column_3_field_photo,,15.5428,77.305553,project_level,farm_pond
KURNOOL_IWMP-32_NAGARURU_p9_i0.jpg,KURNOOL_IWMP-32_NAGARURU.pdf,9,Kurnool,AP,water_conservation_structures,,,618,348,205.0,34.3,63.9,True,True,,True,ambiguous_promoted:monitoring_column_3_field_photo,,15.5428,77.305553,project_level,farm_pond
KURNOOL_IWMP-32_NAGARURU_p9_i9.jpg,KURNOOL_IWMP-32_NAGARURU.pdf,9,Kurnool,AP,water_conservation_structures,,,618,348,178.0,45.7,82.8,True,True,,True,ambiguous_promoted:monitoring_column_3_field_photo,,15.5428,77.305553,project_level,farm_pond
KURNOOL_IWMP-33_RALLAKOTTUR_p10_i0.jpg,KURNOOL_IWMP-33_RALLAKOTTUR.pdf,10,Kurnool,AP,water_conservation_structures,,,618,504,151.0,37.5,41.0,True,True,,True,ambiguous_promoted:monitoring_column_3_field_photo,,15.284991,78.195243,project_level,farm_pond
KURNOOL_IWMP-33_RALLAKOTTUR_p10_i9.jpg,KURNOOL_IWMP-33_RALLAKOTTUR.pdf,10,Kurnool,AP,water_conservation_structures,,,618,504,132.0,30.9,68.3,True,True,,True,ambiguous_promoted:monitoring_column_3_field_photo,,15.284991,78.195243,project_level,farm_pond
KURNOOL_IWMP-33_RALLAKOTTUR_p7_i11.jpg,KURNOOL_IWMP-33_RALLAKOTTUR.pdf,7,Kurnool,AP,water_conservation_structures,,,618,371,237.0,51.2,34.1,True,True,,True,ambiguous_promoted:monitoring_column_3_field_photo,,15.284991,78.195243,project_level,check_dam
KURNOOL_IWMP-33_RALLAKOTTUR_p7_i3.jpg,KURNOOL_IWMP-33_RALLAKOTTUR.pdf,7,Kurnool,AP,water_conservation_structures,,,618,371,275.0,38.6,61.8,True,True,,True,ambiguous_promoted:monitoring_column_3_field_photo,,15.284991,78.195243,project_level,check_dam
KURNOOL_IWMP-33_RALLAKOTTUR_p8_i0.jpg,KURNOOL_IWMP-33_RALLAKOTTUR.pdf,8,Kurnool,AP,water_conservation_structures,,,618,464,201.0,57.5,44.3,True,True,,True,ambiguous_promoted:monitoring_column_3_field_photo,,15.284991,78.195243,project_level,farm_pond
KURNOOL_IWMP-33_RALLAKOTTUR_p8_i9.jpg,KURNOOL_IWMP-33_RALLAKOTTUR.pdf,8,Kurnool,AP,water_conservation_structures,,,618,464,377.0,64.2,46.8,True,True,,True,ambiguous_promoted:monitoring_column_3_field_photo,,15.284991,78.195243,project_level,farm_pond
KURNOOL_IWMP-33_RALLAKOTTUR_p9_i11.jpg,KURNOOL_IWMP-33_RALLAKOTTUR.pdf,9,Kurnool,AP,water_conservation_structures,,,640,480,172.0,42.9,56.5,True,True,,True,ambiguous_promoted:monitoring_column_3_field_photo,,15.284991,78.195243,project_level,farm_pond
KURNOOL_IWMP-33_RALLAKOTTUR_p9_i3.jpg,KURNOOL_IWMP-33_RALLAKOTTUR.pdf,9,Kurnool,AP,water_conservation_structures,,,640,480,156.0,71.5,31.5,True,True,,True,ambiguous_promoted:monitoring_column_3_field_photo,,15.284991,78.195243,project_level,farm_pond
KURNOOL_IWMP-34_W.GOVINDINNE_p10_i0.jpg,KURNOOL_IWMP-34_W.GOVINDINNE.pdf,10,Kurnool,AP,water_conservation_structures,,,618,464,208.0,59.7,42.9,True,True,,True,ambiguous_promoted:monitoring_column_3_field_photo,,15.227923,78.42661,project_level,farm_pond
KURNOOL_IWMP-34_W.GOVINDINNE_p10_i9.jpg,KURNOOL_IWMP-34_W.GOVINDINNE.pdf,10,Kurnool,AP,water_conservation_structures,,,618,464,158.0,49.4,73.1,True,True,,True,ambiguous_promoted:monitoring_column_3_field_photo,,15.227923,78.42661,project_level,farm_pond
KURNOOL_IWMP-34_W.GOVINDINNE_p7_i0.jpg,KURNOOL_IWMP-34_W.GOVINDINNE.pdf,7,Kurnool,AP,water_conservation_structures,,,618,371,204.0,47.1,61.4,True,True,,True,ambiguous_promoted:monitoring_column_3_field_photo,,15.227923,78.42661,project_level,farm_pond
KURNOOL_IWMP-34_W.GOVINDINNE_p7_i10.jpg,KURNOOL_IWMP-34_W.GOVINDINNE.pdf,7,Kurnool,AP,water_conservation_structures,,,618,464,289.0,52.5,38.4,True,True,,True,ambiguous_promoted:monitoring_column_3_field_photo,,15.227923,78.42661,project_level,farm_pond
KURNOOL_IWMP-34_W.GOVINDINNE_p8_i11.jpg,KURNOOL_IWMP-34_W.GOVINDINNE.pdf,8,Kurnool,AP,water_conservation_structures,,,618,504,308.0,58.5,63.1,True,True,,True,ambiguous_promoted:monitoring_column_3_field_photo,,15.227923,78.42661,project_level,check_dam
KURNOOL_IWMP-34_W.GOVINDINNE_p8_i3.jpg,KURNOOL_IWMP-34_W.GOVINDINNE.pdf,8,Kurnool,AP,water_conservation_structures,,,618,464,176.0,67.2,57.4,True,True,,True,ambiguous_promoted:monitoring_column_3_field_photo,,15.227923,78.42661,project_level,check_dam
KURNOOL_IWMP-34_W.GOVINDINNE_p9_i11.jpg,KURNOOL_IWMP-34_W.GOVINDINNE.pdf,9,Kurnool,AP,water_conservation_structures,,,618,464,165.0,51.1,51.2,True,True,,True,ambiguous_promoted:monitoring_column_3_field_photo,,15.227923,78.42661,project_level,check_dam
KURNOOL_IWMP-34_W.GOVINDINNE_p9_i3.jpg,KURNOOL_IWMP-34_W.GOVINDINNE.pdf,9,Kurnool,AP,water_conservation_structures,,,618,464,144.0,44.4,56.8,True,True,,True,ambiguous_promoted:monitoring_column_3_field_photo,,15.227923,78.42661,project_level,check_dam
KURNOOL_IWMP-35_NERNIKI_p10_i11.jpg,KURNOOL_IWMP-35_NERNIKI.pdf,10,Kurnool,AP,water_conservation_structures,,,618,504,382.0,55.7,43.8,True,True,,True,ambiguous_promoted:monitoring_column_3_field_photo,,15.54767,77.16321,project_level,farm_pond
KURNOOL_IWMP-35_NERNIKI_p10_i3.jpg,KURNOOL_IWMP-35_NERNIKI.pdf,10,Kurnool,AP,water_conservation_structures,,,618,504,191.0,41.0,35.8,True,True,,True,ambiguous_promoted:monitoring_column_3_field_photo,,15.54767,77.16321,project_level,farm_pond
KURNOOL_IWMP-35_NERNIKI_p11_i0.jpg,KURNOOL_IWMP-35_NERNIKI.pdf,11,Kurnool,AP,water_conservation_structures,,,618,464,390.0,41.4,47.2,True,True,,True,ambiguous_promoted:monitoring_column_3_field_photo,,15.54767,77.16321,project_level,farm_pond
KURNOOL_IWMP-35_NERNIKI_p11_i9.jpg,KURNOOL_IWMP-35_NERNIKI.pdf,11,Kurnool,AP,water_conservation_structures,,,618,504,261.0,54.1,42.6,True,True,,True,ambiguous_promoted:monitoring_column_3_field_photo,,15.54767,77.16321,project_level,farm_pond
KURNOOL_IWMP-35_NERNIKI_p8_i0.jpg,KURNOOL_IWMP-35_NERNIKI.pdf,8,Kurnool,AP,water_conservation_structures,,,618,504,278.0,42.9,89.7,True,True,,True,ambiguous_promoted:monitoring_column_3_field_photo,,15.54767,77.16321,project_level,farm_pond
KURNOOL_IWMP-35_NERNIKI_p8_i11.jpg,KURNOOL_IWMP-35_NERNIKI.pdf,8,Kurnool,AP,water_conservation_structures,,,618,504,379.0,40.4,72.8,True,True,,True,ambiguous_promoted:monitoring_column_3_field_photo,,15.54767,77.16321,project_level,farm_pond
KURNOOL_IWMP-35_NERNIKI_p9_i11.jpg,KURNOOL_IWMP-35_NERNIKI.pdf,9,Kurnool,AP,water_conservation_structures,,,618,504,204.0,39.8,67.2,True,True,,True,ambiguous_promoted:monitoring_column_3_field_photo,,15.54767,77.16321,project_level,farm_pond
KURNOOL_IWMP-35_NERNIKI_p9_i3.jpg,KURNOOL_IWMP-35_NERNIKI.pdf,9,Kurnool,AP,water_conservation_structures,,,618,464,264.0,40.4,36.3,True,True,,True,ambiguous_promoted:monitoring_column_3_field_photo,,15.54767,77.16321,project_level,farm_pond
KURNOOL_IWMP-36_KAMBALAPADU_p10_i0.jpg,KURNOOL_IWMP-36_KAMBALAPADU.pdf,10,Kurnool,AP,water_conservation_structures,,,618,504,211.0,42.4,54.3,True,True,,True,ambiguous_promoted:monitoring_column_3_field_photo,,15.518478,77.783417,project_level,farm_pond
KURNOOL_IWMP-36_KAMBALAPADU_p10_i9.jpg,KURNOOL_IWMP-36_KAMBALAPADU.pdf,10,Kurnool,AP,water_conservation_structures,,,618,371,172.0,41.6,50.4,True,True,,True,ambiguous_promoted:monitoring_column_3_field_photo,,15.518478,77.783417,project_level,farm_pond
KURNOOL_IWMP-36_KAMBALAPADU_p7_i11.jpg,KURNOOL_IWMP-36_KAMBALAPADU.pdf,7,Kurnool,AP,water_conservation_structures,,,618,504,271.0,55.9,52.1,True,True,,True,ambiguous_promoted:monitoring_column_3_field_photo,,15.518478,77.783417,project_level,check_dam
KURNOOL_IWMP-36_KAMBALAPADU_p7_i3.jpg,KURNOOL_IWMP-36_KAMBALAPADU.pdf,7,Kurnool,AP,water_conservation_structures,,,618,371,181.0,38.6,42.2,True,True,,True,ambiguous_promoted:monitoring_column_3_field_photo,,15.518478,77.783417,project_level,check_dam
KURNOOL_IWMP-36_KAMBALAPADU_p8_i9.jpg,KURNOOL_IWMP-36_KAMBALAPADU.pdf,8,Kurnool,AP,water_conservation_structures,,,618,504,252.0,37.0,81.0,True,True,,True,ambiguous_promoted:monitoring_column_3_field_photo,,15.518478,77.783417,project_level,farm_pond
KURNOOL_IWMP-36_KAMBALAPADU_p9_i11.jpg,KURNOOL_IWMP-36_KAMBALAPADU.pdf,9,Kurnool,AP,water_conservation_structures,,,618,371,279.0,37.7,70.1,True,True,,True,ambiguous_promoted:monitoring_column_3_field_photo,,15.518478,77.783417,project_level,farm_pond
KURNOOL_IWMP-36_KAMBALAPADU_p9_i3.jpg,KURNOOL_IWMP-36_KAMBALAPADU.pdf,9,Kurnool,AP,water_conservation_structures,,,618,504,233.0,33.9,51.6,True,True,,True,ambiguous_promoted:monitoring_column_3_field_photo,,15.518478,77.783417,project_level,farm_pond
KURNOOL_IWMP-37_THOLLAMADUGU_p10_i11.jpg,KURNOOL_IWMP-37_THOLLAMADUGU.pdf,10,Kurnool,AP,water_conservation_structures,,,618,504,245.0,67.0,46.2,True,True,,True,ambiguous_promoted:monitoring_column_3_field_photo,,15.004965,78.131701,project_level,farm_pond
KURNOOL_IWMP-37_THOLLAMADUGU_p10_i3.jpg,KURNOOL_IWMP-37_THOLLAMADUGU.pdf,10,Kurnool,AP,water_conservation_structures,,,618,464,310.0,60.2,42.3,True,True,,True,ambiguous_promoted:monitoring_column_3_field_photo,,15.004965,78.131701,project_level,farm_pond
KURNOOL_IWMP-37_THOLLAMADUGU_p11_i0.jpg,KURNOOL_IWMP-37_THOLLAMADUGU.pdf,11,Kurnool,AP,water_conservation_structures,,,618,464,403.0,66.9,41.1,True,True,,True,ambiguous_promoted:monitoring_column_3_field_photo,,15.004965,78.131701,project_level,farm_pond
KURNOOL_IWMP-37_THOLLAMADUGU_p11_i9.jpg,KURNOOL_IWMP-37_THOLLAMADUGU.pdf,11,Kurnool,AP,water_conservation_structures,,,618,504,226.0,51.4,66.8,True,True,,True,ambiguous_promoted:monitoring_column_3_field_photo,,15.004965,78.131701,project_level,farm_pond
KURNOOL_IWMP-37_THOLLAMADUGU_p7_i11.jpg,KURNOOL_IWMP-37_THOLLAMADUGU.pdf,7,Kurnool,AP,water_conservation_structures,,,618,348,265.0,54.2,47.0,True,True,,True,ambiguous_promoted:monitoring_column_3_field_photo,,15.004965,78.131701,project_level,check_dam
KURNOOL_IWMP-37_THOLLAMADUGU_p7_i3.jpg,KURNOOL_IWMP-37_THOLLAMADUGU.pdf,7,Kurnool,AP,water_conservation_structures,,,618,348,184.0,55.7,43.6,True,True,,True,ambiguous_promoted:monitoring_column_3_field_photo,,15.004965,78.131701,project_level,water_structure_other
KURNOOL_IWMP-37_THOLLAMADUGU_p8_i0.jpg,KURNOOL_IWMP-37_THOLLAMADUGU.pdf,8,Kurnool,AP,water_conservation_structures,,,618,348,525.0,67.2,32.2,True,True,,True,ambiguous_promoted:monitoring_column_3_field_photo,,15.004965,78.131701,project_level,farm_pond
KURNOOL_IWMP-37_THOLLAMADUGU_p8_i9.jpg,KURNOOL_IWMP-37_THOLLAMADUGU.pdf,8,Kurnool,AP,water_conservation_structures,,,618,504,408.0,79.3,34.2,True,True,,True,ambiguous_promoted:monitoring_column_3_field_photo,,15.004965,78.131701,project_level,farm_pond
KURNOOL_IWMP-37_THOLLAMADUGU_p9_i0.jpg,KURNOOL_IWMP-37_THOLLAMADUGU.pdf,9,Kurnool,AP,water_conservation_structures,,,618,348,402.0,34.7,37.3,True,True,,True,ambiguous_promoted:monitoring_column_3_field_photo,,15.004965,78.131701,project_level,percolation_tank
KURNOOL_IWMP-37_THOLLAMADUGU_p9_i9.jpg,KURNOOL_IWMP-37_THOLLAMADUGU.pdf,9,Kurnool,AP,water_conservation_structures,,,618,348,230.0,63.4,39.2,True,True,,True,ambiguous_promoted:monitoring_column_3_field_photo,,15.004965,78.131701,project_level,percolation_tank
KURNOOL_IWMP-38_JUTUR_p11_i0.jpg,KURNOOL_IWMP-38_JUTUR.pdf,11,Kurnool,AP,water_conservation_structures,,,618,371,271.0,56.1,68.7,True,True,,True,ambiguous_promoted:monitoring_column_3_field_photo,,15.887852,78.442318,project_level,farm_pond
KURNOOL_IWMP-38_JUTUR_p8_i3.jpg,KURNOOL_IWMP-38_JUTUR.pdf,8,Kurnool,AP,water_conservation_structures,,,618,504,300.0,47.8,84.2,True,True,,True,ambiguous_promoted:monitoring_column_3_field_photo,,15.887852,78.442318,project_level,farm_pond
KURNOOL_IWMP-38_JUTUR_p9_i9.jpg,KURNOOL_IWMP-38_JUTUR.pdf,9,Kurnool,AP,water_conservation_structures,,,618,348,386.0,40.5,49.7,True,True,,True,ambiguous_promoted:monitoring_column_3_field_photo,,15.887852,78.442318,project_level,farm_pond
KURNOOL_IWMP-39_MIDTHUR_p9_i0.jpg,KURNOOL_IWMP-39_MIDTHUR.pdf,9,Kurnool,AP,water_conservation_structures,,,618,504,305.0,66.5,45.8,True,True,,True,ambiguous_promoted:monitoring_column_3_field_photo,,15.763549,78.273066,project_level,farm_pond
KURNOOL_IWMP-40_GANI_p11_i9.jpg,KURNOOL_IWMP-40_GANI.pdf,11,Kurnool,AP,water_conservation_structures,,,618,371,243.0,38.8,46.1,True,True,,True,ambiguous_promoted:monitoring_column_3_field_photo,,15.663601,78.261791,project_level,farm_pond
KURNOOL_IWMP-40_GANI_p8_i11.jpg,KURNOOL_IWMP-40_GANI.pdf,8,Kurnool,AP,water_conservation_structures,,,618,504,429.0,63.3,37.5,True,True,,True,ambiguous_promoted:monitoring_column_3_field_photo,,15.663601,78.261791,project_level,check_dam
KURNOOL_IWMP-40_GANI_p9_i0.jpg,KURNOOL_IWMP-40_GANI.pdf,9,Kurnool,AP,water_conservation_structures,,,618,371,288.0,45.3,68.4,True,True,,True,ambiguous_promoted:monitoring_column_3_field_photo,,15.663601,78.261791,project_level,farm_pond
KURNOOL_IWMP-41_H.MURAVANI_p10_i11.jpg,KURNOOL_IWMP-41_H.MURAVANI.pdf,10,Kurnool,AP,water_conservation_structures,,,618,371,271.0,42.7,61.7,True,True,,True,ambiguous_promoted:monitoring_column_3_field_photo,,15.775559,77.381441,project_level,farm_pond
KURNOOL_IWMP-41_H.MURAVANI_p10_i3.jpg,KURNOOL_IWMP-41_H.MURAVANI.pdf,10,Kurnool,AP,water_conservation_structures,,,618,371,258.0,44.4,42.2,True,True,,True,ambiguous_promoted:monitoring_column_3_field_photo,,15.775559,77.381441,project_level,farm_pond
KURNOOL_IWMP-41_H.MURAVANI_p11_i9.jpg,KURNOOL_IWMP-41_H.MURAVANI.pdf,11,Kurnool,AP,water_conservation_structures,,,618,348,294.0,47.2,36.4,True,True,,True,ambiguous_promoted:monitoring_column_3_field_photo,,15.775559,77.381441,project_level,farm_pond
KURNOOL_IWMP-41_H.MURAVANI_p8_i11.jpg,KURNOOL_IWMP-41_H.MURAVANI.pdf,8,Kurnool,AP,water_conservation_structures,,,618,371,400.0,46.7,62.3,True,True,,True,ambiguous_promoted:monitoring_column_3_field_photo,,15.775559,77.381441,project_level,farm_pond
KURNOOL_IWMP-41_H.MURAVANI_p8_i3.jpg,KURNOOL_IWMP-41_H.MURAVANI.pdf,8,Kurnool,AP,water_conservation_structures,,,618,371,304.0,46.2,59.3,True,True,,True,ambiguous_promoted:monitoring_column_3_field_photo,,15.775559,77.381441,project_level,farm_pond
KURNOOL_IWMP-41_H.MURAVANI_p9_i0.jpg,KURNOOL_IWMP-41_H.MURAVANI.pdf,9,Kurnool,AP,water_conservation_structures,,,618,348,286.0,39.3,53.6,True,True,,True,ambiguous_promoted:monitoring_column_3_field_photo,,15.775559,77.381441,project_level,farm_pond
KURNOOL_IWMP-41_H.MURAVANI_p9_i9.jpg,KURNOOL_IWMP-41_H.MURAVANI.pdf,9,Kurnool,AP,water_conservation_structures,,,618,504,295.0,49.0,40.1,True,True,,True,ambiguous_promoted:monitoring_column_3_field_photo,,15.775559,77.381441,project_level,farm_pond
KURNOOL_IWMP-42_VENKATAPURAM_p10_i3.jpg,KURNOOL_IWMP-42_VENKATAPURAM.pdf,10,Kurnool,AP,water_conservation_structures,,,618,371,169.0,40.0,49.5,True,True,,True,ambiguous_promoted:monitoring_column_3_field_photo,,15.469337,77.878564,project_level,farm_pond
KURNOOL_IWMP-42_VENKATAPURAM_p11_i0.jpg,KURNOOL_IWMP-42_VENKATAPURAM.pdf,11,Kurnool,AP,vegetation_changes,,,618,371,196.0,47.4,50.5,True,True,,True,ambiguous_promoted:monitoring_column_3_field_photo,,15.469337,77.878564,project_level,plantation
KURNOOL_IWMP-42_VENKATAPURAM_p11_i9.jpg,KURNOOL_IWMP-42_VENKATAPURAM.pdf,11,Kurnool,AP,vegetation_changes,,,618,371,252.0,64.7,40.1,True,True,,True,ambiguous_promoted:monitoring_column_3_field_photo,,15.469337,77.878564,project_level,plantation
KURNOOL_IWMP-42_VENKATAPURAM_p8_i11.jpg,KURNOOL_IWMP-42_VENKATAPURAM.pdf,8,Kurnool,AP,unspecified,,,618,371,208.0,38.0,38.0,True,True,,True,ambiguous_promoted:monitoring_column_3_field_photo,,15.469337,77.878564,project_level,water_structure_other
KURNOOL_IWMP-42_VENKATAPURAM_p8_i3.jpg,KURNOOL_IWMP-42_VENKATAPURAM.pdf,8,Kurnool,AP,unspecified,,,618,371,264.0,45.3,66.9,True,True,,True,ambiguous_promoted:monitoring_column_3_field_photo,,15.469337,77.878564,project_level,water_structure_other
KURNOOL_IWMP-42_VENKATAPURAM_p9_i0.jpg,KURNOOL_IWMP-42_VENKATAPURAM.pdf,9,Kurnool,AP,water_conservation_structures,,,618,371,199.0,40.9,40.0,True,True,,True,ambiguous_promoted:monitoring_column_3_field_photo,,15.469337,77.878564,project_level,farm_pond
KURNOOL_IWMP-42_VENKATAPURAM_p9_i9.jpg,KURNOOL_IWMP-42_VENKATAPURAM.pdf,9,Kurnool,AP,water_conservation_structures,,,618,504,212.0,57.0,46.1,True,True,,True,ambiguous_promoted:monitoring_column_3_field_photo,,15.469337,77.878564,project_level,farm_pond
KURNOOL_IWMP-43_KADIMETLA_p10_i11.jpg,KURNOOL_IWMP-43_KADIMETLA.pdf,10,Kurnool,AP,water_conservation_structures,,,640,480,318.0,49.3,27.4,True,True,,True,ambiguous_promoted:monitoring_column_3_field_photo,,15.734971,77.523679,project_level,water_structure_other
KURNOOL_IWMP-43_KADIMETLA_p10_i3.jpg,KURNOOL_IWMP-43_KADIMETLA.pdf,10,Kurnool,AP,water_conservation_structures,,,640,480,290.0,46.5,48.7,True,True,,True,ambiguous_promoted:monitoring_column_3_field_photo,,15.734971,77.523679,project_level,farm_pond
KURNOOL_IWMP-43_KADIMETLA_p11_i0.jpg,KURNOOL_IWMP-43_KADIMETLA.pdf,11,Kurnool,AP,water_conservation_structures,,,640,480,234.0,35.7,42.7,True,True,,True,ambiguous_promoted:monitoring_column_3_field_photo,,15.734971,77.523679,project_level,farm_pond
KURNOOL_IWMP-43_KADIMETLA_p8_i11.jpg,KURNOOL_IWMP-43_KADIMETLA.pdf,8,Kurnool,AP,water_conservation_structures,,,618,464,282.0,48.1,47.7,True,True,,True,ambiguous_promoted:monitoring_column_3_field_photo,,15.734971,77.523679,project_level,check_dam
KURNOOL_IWMP-43_KADIMETLA_p9_i9.jpg,KURNOOL_IWMP-43_KADIMETLA.pdf,9,Kurnool,AP,water_conservation_structures,,,618,464,247.0,54.1,65.1,True,True,,True,ambiguous_promoted:monitoring_column_3_field_photo,,15.734971,77.523679,project_level,farm_pond
KURNOOL_IWMP-44_MADDUR_p10_i0.jpg,KURNOOL_IWMP-44_MADDUR.pdf,10,Kurnool,AP,water_conservation_structures,,,618,371,211.0,53.1,45.3,True,True,,True,ambiguous_promoted:monitoring_column_3_field_photo,,15.043196,78.558706,project_level,farm_pond
KURNOOL_IWMP-44_MADDUR_p10_i9.jpg,KURNOOL_IWMP-44_MADDUR.pdf,10,Kurnool,AP,water_conservation_structures,,,618,371,267.0,54.3,54.8,True,True,,True,ambiguous_promoted:monitoring_column_3_field_photo,,15.043196,78.558706,project_level,farm_pond
KURNOOL_IWMP-44_MADDUR_p7_i11.jpg,KURNOOL_IWMP-44_MADDUR.pdf,7,Kurnool,AP,water_conservation_structures,,,618,371,315.0,50.9,56.7,True,True,,True,ambiguous_promoted:monitoring_column_3_field_photo,,15.043196,78.558706,project_level,check_dam
KURNOOL_IWMP-44_MADDUR_p7_i3.jpg,KURNOOL_IWMP-44_MADDUR.pdf,7,Kurnool,AP,water_conservation_structures,,,618,504,214.0,54.2,72.4,True,True,,True,ambiguous_promoted:monitoring_column_3_field_photo,,15.043196,78.558706,project_level,check_dam
KURNOOL_IWMP-44_MADDUR_p8_i0.jpg,KURNOOL_IWMP-44_MADDUR.pdf,8,Kurnool,AP,water_conservation_structures,,,618,371,202.0,50.2,80.6,True,True,,True,ambiguous_promoted:monitoring_column_3_field_photo,,15.043196,78.558706,project_level,farm_pond
KURNOOL_IWMP-44_MADDUR_p8_i9.jpg,KURNOOL_IWMP-44_MADDUR.pdf,8,Kurnool,AP,water_conservation_structures,,,618,371,225.0,33.5,54.3,True,True,,True,ambiguous_promoted:monitoring_column_3_field_photo,,15.043196,78.558706,project_level,farm_pond
KURNOOL_IWMP-44_MADDUR_p9_i11.jpg,KURNOOL_IWMP-44_MADDUR.pdf,9,Kurnool,AP,water_conservation_structures,,,618,371,334.0,72.1,40.0,True,True,,True,ambiguous_promoted:monitoring_column_3_field_photo,,15.043196,78.558706,project_level,farm_pond
KURNOOL_IWMP-44_MADDUR_p9_i3.jpg,KURNOOL_IWMP-44_MADDUR.pdf,9,Kurnool,AP,water_conservation_structures,,,618,371,221.0,47.3,69.6,True,True,,True,ambiguous_promoted:monitoring_column_3_field_photo,,15.043196,78.558706,project_level,farm_pond
KURNOOL_IWMP-45_PAGIDYALA_p10_i0.jpg,KURNOOL_IWMP-45_PAGIDYALA.pdf,10,Kurnool,AP,water_conservation_structures,,,618,464,649.0,50.7,39.4,True,True,,True,ambiguous_promoted:monitoring_column_3_field_photo,,15.917952,78.361143,project_level,farm_pond
KURNOOL_IWMP-45_PAGIDYALA_p10_i9.jpg,KURNOOL_IWMP-45_PAGIDYALA.pdf,10,Kurnool,AP,water_conservation_structures,,,618,464,259.0,55.5,67.8,True,True,,True,ambiguous_promoted:monitoring_column_3_field_photo,,15.917952,78.361143,project_level,farm_pond
KURNOOL_IWMP-45_PAGIDYALA_p7_i11.jpg,KURNOOL_IWMP-45_PAGIDYALA.pdf,7,Kurnool,AP,water_conservation_structures,,,618,371,315.0,50.9,56.7,True,True,,True,ambiguous_promoted:monitoring_column_3_field_photo,,15.917952,78.361143,project_level,check_dam
KURNOOL_IWMP-45_PAGIDYALA_p7_i3.jpg,KURNOOL_IWMP-45_PAGIDYALA.pdf,7,Kurnool,AP,water_conservation_structures,,,618,348,345.0,67.3,55.6,True,True,,True,ambiguous_promoted:monitoring_column_3_field_photo,,15.917952,78.361143,project_level,check_dam
KURNOOL_IWMP-46_CHIPPAGIRI_p10_i0.jpg,KURNOOL_IWMP-46_CHIPPAGIRI.pdf,10,Kurnool,AP,water_conservation_structures,,,618,464,139.0,74.3,38.9,True,True,,True,ambiguous_promoted:monitoring_column_3_field_photo,,15.216566,77.335578,project_level,farm_pond
KURNOOL_IWMP-46_CHIPPAGIRI_p10_i9.jpg,KURNOOL_IWMP-46_CHIPPAGIRI.pdf,10,Kurnool,AP,water_conservation_structures,,,618,464,160.0,36.2,57.1,True,True,,True,ambiguous_promoted:monitoring_column_3_field_photo,,15.216566,77.335578,project_level,farm_pond
KURNOOL_IWMP-46_CHIPPAGIRI_p7_i11.jpg,KURNOOL_IWMP-46_CHIPPAGIRI.pdf,7,Kurnool,AP,water_conservation_structures,,,618,504,132.0,78.3,28.2,True,True,,True,ambiguous_promoted:monitoring_column_3_field_photo,,15.216566,77.335578,project_level,farm_pond
KURNOOL_IWMP-46_CHIPPAGIRI_p7_i3.jpg,KURNOOL_IWMP-46_CHIPPAGIRI.pdf,7,Kurnool,AP,water_conservation_structures,,,618,371,178.0,42.9,36.2,True,True,,True,ambiguous_promoted:monitoring_column_3_field_photo,,15.216566,77.335578,project_level,farm_pond
KURNOOL_IWMP-46_CHIPPAGIRI_p8_i0.jpg,KURNOOL_IWMP-46_CHIPPAGIRI.pdf,8,Kurnool,AP,water_conservation_structures,,,618,371,250.0,48.4,42.0,True,True,,True,ambiguous_promoted:monitoring_column_3_field_photo,,15.216566,77.335578,project_level,farm_pond
KURNOOL_IWMP-46_CHIPPAGIRI_p8_i9.jpg,KURNOOL_IWMP-46_CHIPPAGIRI.pdf,8,Kurnool,AP,water_conservation_structures,,,618,371,208.0,51.1,38.9,True,True,,True,ambiguous_promoted:monitoring_column_3_field_photo,,15.216566,77.335578,project_level,farm_pond
KURNOOL_IWMP-46_CHIPPAGIRI_p9_i11.jpg,KURNOOL_IWMP-46_CHIPPAGIRI.pdf,9,Kurnool,AP,water_conservation_structures,,,618,371,203.0,55.0,37.1,True,True,,True,ambiguous_promoted:monitoring_column_3_field_photo,,15.216566,77.335578,project_level,farm_pond
KURNOOL_IWMP-46_CHIPPAGIRI_p9_i3.jpg,KURNOOL_IWMP-46_CHIPPAGIRI.pdf,9,Kurnool,AP,water_conservation_structures,,,618,464,196.0,57.4,58.7,True,True,,True,ambiguous_promoted:monitoring_column_3_field_photo,,15.216566,77.335578,project_level,farm_pond
KURNOOL_IWMP-47_REMATA_p11_i0.jpg,KURNOOL_IWMP-47_REMATA.pdf,11,Kurnool,AP,water_conservation_structures,,,618,348,229.0,47.2,40.0,True,True,,True,ambiguous_promoted:monitoring_column_3_field_photo,,15.845012,77.835879,project_level,farm_pond
KURNOOL_IWMP-47_REMATA_p11_i9.jpg,KURNOOL_IWMP-47_REMATA.pdf,11,Kurnool,AP,water_conservation_structures,,,618,464,242.0,56.8,26.0,True,True,,True,ambiguous_promoted:monitoring_column_3_field_photo,,15.845012,77.835879,project_level,farm_pond
KURNOOL_IWMP-47_REMATA_p8_i11.jpg,KURNOOL_IWMP-47_REMATA.pdf,8,Kurnool,AP,water_conservation_structures,,,618,348,241.0,57.5,33.9,True,True,,True,ambiguous_promoted:monitoring_column_3_field_photo,,15.845012,77.835879,project_level,farm_pond
KURNOOL_IWMP-47_REMATA_p8_i3.jpg,KURNOOL_IWMP-47_REMATA.pdf,8,Kurnool,AP,water_conservation_structures,,,618,504,196.0,39.4,53.1,True,True,,True,ambiguous_promoted:monitoring_column_3_field_photo,,15.845012,77.835879,project_level,farm_pond
KURNOOL_IWMP-48_KAPPATRALA_p10_i0.jpg,KURNOOL_IWMP-48_KAPPATRALA.pdf,10,Kurnool,AP,water_conservation_structures,,,618,371,276.0,46.1,62.3,True,True,,True,ambiguous_promoted:monitoring_column_3_field_photo,,15.61522,77.648414,project_level,farm_pond
KURNOOL_IWMP-48_KAPPATRALA_p10_i9.jpg,KURNOOL_IWMP-48_KAPPATRALA.pdf,10,Kurnool,AP,water_conservation_structures,,,618,348,196.0,55.5,57.5,True,True,,True,ambiguous_promoted:monitoring_column_3_field_photo,,15.61522,77.648414,project_level,farm_pond
KURNOOL_IWMP-48_KAPPATRALA_p7_i3.jpg,KURNOOL_IWMP-48_KAPPATRALA.pdf,7,Kurnool,AP,water_conservation_structures,,,618,371,206.0,42.6,60.3,True,True,,True,ambiguous_promoted:monitoring_column_3_field_photo,,15.61522,77.648414,project_level,farm_pond
KURNOOL_IWMP-48_KAPPATRALA_p8_i0.jpg,KURNOOL_IWMP-48_KAPPATRALA.pdf,8,Kurnool,AP,water_conservation_structures,,,618,504,407.0,37.3,52.3,True,True,,True,ambiguous_promoted:monitoring_column_3_field_photo,,15.61522,77.648414,project_level,farm_pond
KURNOOL_IWMP-48_KAPPATRALA_p8_i9.jpg,KURNOOL_IWMP-48_KAPPATRALA.pdf,8,Kurnool,AP,water_conservation_structures,,,618,348,196.0,55.5,57.5,True,True,,True,ambiguous_promoted:monitoring_column_3_field_photo,,15.61522,77.648414,project_level,farm_pond
KURNOOL_IWMP-48_KAPPATRALA_p9_i3.jpg,KURNOOL_IWMP-48_KAPPATRALA.pdf,9,Kurnool,AP,water_conservation_structures,,,618,348,180.0,36.7,61.9,True,True,,True,ambiguous_promoted:monitoring_column_3_field_photo,,15.61522,77.648414,project_level,farm_pond
KURNOOL_IWMP-49_MADDIKERA_p10_i0.jpg,KURNOOL_IWMP-49_MADDIKERA.pdf,10,Kurnool,AP,water_conservation_structures,,,618,504,431.0,43.9,58.4,True,True,,True,ambiguous_promoted:monitoring_column_3_field_photo,,,,no_coordinate_available,farm_pond
KURNOOL_IWMP-49_MADDIKERA_p10_i9.jpg,KURNOOL_IWMP-49_MADDIKERA.pdf,10,Kurnool,AP,water_conservation_structures,,,618,504,349.0,45.4,38.6,True,True,,True,ambiguous_promoted:monitoring_column_3_field_photo,,,,no_coordinate_available,farm_pond
KURNOOL_IWMP-49_MADDIKERA_p7_i11.jpg,KURNOOL_IWMP-49_MADDIKERA.pdf,7,Kurnool,AP,water_conservation_structures,,,618,504,224.0,42.6,63.8,True,True,,True,ambiguous_promoted:monitoring_column_3_field_photo,,,,no_coordinate_available,farm_pond
KURNOOL_IWMP-49_MADDIKERA_p8_i0.jpg,KURNOOL_IWMP-49_MADDIKERA.pdf,8,Kurnool,AP,vegetation_changes,,,618,504,218.0,64.4,45.4,True,True,,True,ambiguous_promoted:monitoring_column_3_field_photo,,,,no_coordinate_available,plantation
KURNOOL_IWMP-49_MADDIKERA_p8_i9.jpg,KURNOOL_IWMP-49_MADDIKERA.pdf,8,Kurnool,AP,vegetation_changes,,,618,464,326.0,57.4,40.2,True,True,,True,ambiguous_promoted:monitoring_column_3_field_photo,,,,no_coordinate_available,plantation
KURNOOL_IWMP-49_MADDIKERA_p9_i11.jpg,KURNOOL_IWMP-49_MADDIKERA.pdf,9,Kurnool,AP,water_conservation_structures,,,618,504,262.0,64.3,49.5,True,True,,True,ambiguous_promoted:monitoring_column_3_field_photo,,,,no_coordinate_available,check_dam
KURNOOL_IWMP-49_MADDIKERA_p9_i3.jpg,KURNOOL_IWMP-49_MADDIKERA.pdf,9,Kurnool,AP,water_conservation_structures,,,618,504,345.0,51.7,59.0,True,True,,True,ambiguous_promoted:monitoring_column_3_field_photo,,,,no_coordinate_available,check_dam
KURNOOL_IWMP-50_GUDUR_p10_i11.jpg,KURNOOL_IWMP-50_GUDUR.pdf,10,Kurnool,AP,water_conservation_structures,,,618,371,274.0,30.1,58.7,True,True,,True,ambiguous_promoted:monitoring_column_3_field_photo,,15.753382,77.803103,project_level,farm_pond
KURNOOL_IWMP-50_GUDUR_p10_i3.jpg,KURNOOL_IWMP-50_GUDUR.pdf,10,Kurnool,AP,water_conservation_structures,,,618,371,257.0,52.5,31.1,True,True,,True,ambiguous_promoted:monitoring_column_3_field_photo,,15.753382,77.803103,project_level,farm_pond
KURNOOL_IWMP-50_GUDUR_p11_i0.jpg,KURNOOL_IWMP-50_GUDUR.pdf,11,Kurnool,AP,water_conservation_structures,,,618,371,416.0,45.4,37.7,True,True,,True,ambiguous_promoted:monitoring_column_3_field_photo,,15.753382,77.803103,project_level,farm_pond
KURNOOL_IWMP-50_GUDUR_p11_i9.jpg,KURNOOL_IWMP-50_GUDUR.pdf,11,Kurnool,AP,water_conservation_structures,,,618,371,339.0,46.3,59.7,True,True,,True,ambiguous_promoted:monitoring_column_3_field_photo,,15.753382,77.803103,project_level,farm_pond
KURNOOL_IWMP-50_GUDUR_p8_i11.jpg,KURNOOL_IWMP-50_GUDUR.pdf,8,Kurnool,AP,water_conservation_structures,,,618,504,278.0,62.5,39.7,True,True,,True,ambiguous_promoted:monitoring_column_3_field_photo,,15.753382,77.803103,project_level,check_dam
KURNOOL_IWMP-50_GUDUR_p8_i3.jpg,KURNOOL_IWMP-50_GUDUR.pdf,8,Kurnool,AP,water_conservation_structures,,,618,371,171.0,57.2,34.0,True,True,,True,ambiguous_promoted:monitoring_column_3_field_photo,,15.753382,77.803103,project_level,check_dam
KURNOOL_IWMP-50_GUDUR_p9_i0.jpg,KURNOOL_IWMP-50_GUDUR.pdf,9,Kurnool,AP,water_conservation_structures,,,618,371,257.0,52.5,31.1,True,True,,True,ambiguous_promoted:monitoring_column_3_field_photo,,15.753382,77.803103,project_level,farm_pond
KURNOOL_IWMP-50_GUDUR_p9_i9.jpg,KURNOOL_IWMP-50_GUDUR.pdf,9,Kurnool,AP,water_conservation_structures,,,618,371,252.0,52.4,38.1,True,True,,True,ambiguous_promoted:monitoring_column_3_field_photo,,15.753382,77.803103,project_level,farm_pond
KURNOOL_IWMP-51_G.C.PALEM__p10_i0.jpg,KURNOOL_IWMP-51_G.C.PALEM_.pdf,10,Kurnool,AP,water_conservation_structures,,,618,348,339.0,47.2,65.9,True,True,,True,ambiguous_promoted:monitoring_column_3_field_photo,,15.63976,78.595937,project_level,farm_pond
KURNOOL_IWMP-51_G.C.PALEM__p10_i9.jpg,KURNOOL_IWMP-51_G.C.PALEM_.pdf,10,Kurnool,AP,water_conservation_structures,,,618,464,327.0,68.7,26.6,True,True,,True,ambiguous_promoted:monitoring_column_3_field_photo,,15.63976,78.595937,project_level,farm_pond
KURNOOL_IWMP-51_G.C.PALEM__p7_i3.jpg,KURNOOL_IWMP-51_G.C.PALEM_.pdf,7,Kurnool,AP,water_conservation_structures,,,618,464,390.0,63.7,64.2,True,True,,True,ambiguous_promoted:monitoring_column_3_field_photo,,15.63976,78.595937,project_level,check_dam
KURNOOL_IWMP-51_G.C.PALEM__p9_i11.jpg,KURNOOL_IWMP-51_G.C.PALEM_.pdf,9,Kurnool,AP,water_conservation_structures,,,618,348,316.0,63.8,31.4,True,True,,True,ambiguous_promoted:monitoring_column_3_field_photo,,15.63976,78.595937,project_level,plantation
KURNOOL_IWMP-51_G.C.PALEM__p9_i3.jpg,KURNOOL_IWMP-51_G.C.PALEM_.pdf,9,Kurnool,AP,water_conservation_structures,,,618,464,320.0,64.3,49.0,True,True,,True,ambiguous_promoted:monitoring_column_3_field_photo,,15.63976,78.595937,project_level,check_dam
KURNOOL_IWMP-52_NANDAVARAM_p10_i0.jpg,KURNOOL_IWMP-52_NANDAVARAM.pdf,10,Kurnool,AP,water_conservation_structures,,,615,504,271.0,75.2,39.2,True,True,,True,ambiguous_promoted:monitoring_column_3_field_photo,,15.373017,78.257598,project_level,check_dam
KURNOOL_IWMP-52_NANDAVARAM_p10_i9.jpg,KURNOOL_IWMP-52_NANDAVARAM.pdf,10,Kurnool,AP,water_conservation_structures,,,615,504,300.0,43.4,47.2,True,True,,True,ambiguous_promoted:monitoring_column_3_field_photo,,15.373017,78.257598,project_level,check_dam
KURNOOL_IWMP-52_NANDAVARAM_p9_i3.jpg,KURNOOL_IWMP-52_NANDAVARAM.pdf,9,Kurnool,AP,water_conservation_structures,,,615,504,334.0,50.4,37.8,True,True,,True,ambiguous_promoted:monitoring_column_3_field_photo,,15.373017,78.257598,project_level,check_dam
KURNOOL_IWMP-53_CHITYALA_p10_i0.jpg,KURNOOL_IWMP-53_CHITYALA.pdf,10,Kurnool,AP,water_conservation_structures,,,615,504,203.0,40.9,36.0,True,True,,True,ambiguous_promoted:monitoring_column_3_field_photo,,15.487929,77.780873,project_level,farm_pond
KURNOOL_IWMP-53_CHITYALA_p10_i9.jpg,KURNOOL_IWMP-53_CHITYALA.pdf,10,Kurnool,AP,water_conservation_structures,,,615,504,293.0,57.8,42.9,True,True,,True,ambiguous_promoted:monitoring_column_3_field_photo,,15.487929,77.780873,project_level,farm_pond
KURNOOL_IWMP-53_CHITYALA_p8_i18.jpg,KURNOOL_IWMP-53_CHITYALA.pdf,8,Kurnool,AP,water_conservation_structures,,,737,442,279.0,39.9,78.4,True,True,,True,ambiguous_promoted:monitoring_column_3_field_photo,,15.487929,77.780873,project_level,water_structure_other
KURNOOL_IWMP-53_CHITYALA_p9_i11.jpg,KURNOOL_IWMP-53_CHITYALA.pdf,9,Kurnool,AP,water_conservation_structures,,,615,504,323.0,68.0,35.3,True,True,,True,ambiguous_promoted:monitoring_column_3_field_photo,,15.487929,77.780873,project_level,check_dam
KURNOOL_IWMP-53_CHITYALA_p9_i3.jpg,KURNOOL_IWMP-53_CHITYALA.pdf,9,Kurnool,AP,water_conservation_structures,,,615,504,265.0,39.9,78.4,True,True,,True,ambiguous_promoted:monitoring_column_3_field_photo,,15.487929,77.780873,project_level,check_dam
KURNOOL_IWMP-54_ITIKALA_p10_i0.jpg,KURNOOL_IWMP-54_ITIKALA.pdf,10,Kurnool,AP,water_conservation_structures,,,618,504,261.0,62.8,34.3,True,True,,True,ambiguous_promoted:monitoring_column_3_field_photo,,,,no_coordinate_available,farm_pond
KURNOOL_IWMP-54_ITIKALA_p10_i9.jpg,KURNOOL_IWMP-54_ITIKALA.pdf,10,Kurnool,AP,water_conservation_structures,,,618,504,163.0,58.5,72.2,True,True,,True,ambiguous_promoted:monitoring_column_3_field_photo,,,,no_coordinate_available,farm_pond
KURNOOL_IWMP-54_ITIKALA_p9_i11.jpg,KURNOOL_IWMP-54_ITIKALA.pdf,9,Kurnool,AP,water_conservation_structures,,,618,504,181.0,56.2,45.6,True,True,,True,ambiguous_promoted:monitoring_column_3_field_photo,,,,no_coordinate_available,check_dam
KURNOOL_IWMP-54_ITIKALA_p9_i3.jpg,KURNOOL_IWMP-54_ITIKALA.pdf,9,Kurnool,AP,water_conservation_structures,,,615,504,181.0,54.9,51.7,True,True,,True,ambiguous_promoted:monitoring_column_3_field_photo,,,,no_coordinate_available,check_dam
KURNOOL_IWMP-55_PEDDAKOPPARLA_p10_i0.jpg,KURNOOL_IWMP-55_PEDDAKOPPARLA.pdf,10,Kurnool,AP,water_conservation_structures,,,615,504,307.0,71.7,30.6,True,True,,True,ambiguous_promoted:monitoring_column_3_field_photo,,15.277684,78.32816,project_level,farm_pond
KURNOOL_IWMP-55_PEDDAKOPPARLA_p9_i11.jpg,KURNOOL_IWMP-55_PEDDAKOPPARLA.pdf,9,Kurnool,AP,water_conservation_structures,,,640,480,244.0,44.5,32.9,True,True,,True,ambiguous_promoted:monitoring_column_3_field_photo,,15.277684,78.32816,project_level,farm_pond
KURNOOL_IWMP-55_PEDDAKOPPARLA_p9_i3.jpg,KURNOOL_IWMP-55_PEDDAKOPPARLA.pdf,9,Kurnool,AP,water_conservation_structures,,,615,504,213.0,43.4,63.0,True,True,,True,ambiguous_promoted:monitoring_column_3_field_photo,,15.277684,78.32816,project_level,farm_pond
KURNOOL_IWMP-56_PEDDAKADUBUR_p10_i0.jpg,KURNOOL_IWMP-56_PEDDAKADUBUR.pdf,10,Kurnool,AP,water_conservation_structures,,,615,504,399.0,38.3,52.9,True,True,,True,ambiguous_promoted:monitoring_column_3_field_photo,,15.763515,77.377962,project_level,farm_pond
KURNOOL_IWMP-56_PEDDAKADUBUR_p10_i9.jpg,KURNOOL_IWMP-56_PEDDAKADUBUR.pdf,10,Kurnool,AP,water_conservation_structures,,,615,369,184.0,44.1,62.7,True,True,,True,ambiguous_promoted:monitoring_column_3_field_photo,,15.763515,77.377962,project_level,farm_pond
KURNOOL_IWMP-56_PEDDAKADUBUR_p9_i11.jpg,KURNOOL_IWMP-56_PEDDAKADUBUR.pdf,9,Kurnool,AP,water_conservation_structures,,,615,504,265.0,32.3,38.5,True,True,,True,ambiguous_promoted:monitoring_column_3_field_photo,,15.763515,77.377962,project_level,farm_pond
KURNOOL_IWMP-57_CHIPPAGIRI_p10_i0.jpg,KURNOOL_IWMP-57_CHIPPAGIRI.pdf,10,Kurnool,AP,water_conservation_structures,,,615,502,126.0,63.7,45.4,True,True,,True,ambiguous_promoted:monitoring_column_3_field_photo,,15.273849,77.30916,project_level,farm_pond
KURNOOL_IWMP-57_CHIPPAGIRI_p10_i9.jpg,KURNOOL_IWMP-57_CHIPPAGIRI.pdf,10,Kurnool,AP,water_conservation_structures,,,615,502,123.0,72.7,33.9,True,True,,True,ambiguous_promoted:monitoring_column_3_field_photo,,15.273849,77.30916,project_level,farm_pond
KURNOOL_IWMP-57_CHIPPAGIRI_p9_i11.jpg,KURNOOL_IWMP-57_CHIPPAGIRI.pdf,9,Kurnool,AP,water_conservation_structures,,,615,502,193.0,37.5,40.0,True,True,,True,ambiguous_promoted:monitoring_column_3_field_photo,,15.273849,77.30916,project_level,farm_pond
KURNOOL_IWMP-57_CHIPPAGIRI_p9_i3.jpg,KURNOOL_IWMP-57_CHIPPAGIRI.pdf,9,Kurnool,AP,water_conservation_structures,,,615,502,154.0,51.6,39.7,True,True,,True,ambiguous_promoted:monitoring_column_3_field_photo,,15.273849,77.30916,project_level,farm_pond
KURNOOL_IWMP-58_NALLACHELIMILA_p10_i0.jpg,KURNOOL_IWMP-58_NALLACHELIMILA.pdf,10,Kurnool,AP,water_conservation_structures,,,615,502,234.0,46.9,52.9,True,True,,True,ambiguous_promoted:monitoring_column_3_field_photo,,15.48038,77.536734,project_level,farm_pond
KURNOOL_IWMP-58_NALLACHELIMILA_p10_i9.jpg,KURNOOL_IWMP-58_NALLACHELIMILA.pdf,10,Kurnool,AP,water_conservation_structures,,,615,502,323.0,50.4,58.1,True,True,,True,ambiguous_promoted:monitoring_column_3_field_photo,,15.48038,77.536734,project_level,farm_pond
KURNOOL_IWMP-58_NALLACHELIMILA_p9_i11.jpg,KURNOOL_IWMP-58_NALLACHELIMILA.pdf,9,Kurnool,AP,water_conservation_structures,,,615,502,287.0,68.3,34.4,True,True,,True,ambiguous_promoted:monitoring_column_3_field_photo,,15.48038,77.536734,project_level,check_dam
KURNOOL_IWMP-58_NALLACHELIMILA_p9_i3.jpg,KURNOOL_IWMP-58_NALLACHELIMILA.pdf,9,Kurnool,AP,water_conservation_structures,,,615,502,288.0,67.4,25.8,True,True,,True,ambiguous_promoted:monitoring_column_3_field_photo,,15.48038,77.536734,project_level,check_dam
KURNOOL_IWMP-59_GANJIHALLI_p10_i0.jpg,KURNOOL_IWMP-59_GANJIHALLI.pdf,10,Kurnool,AP,water_conservation_structures,,,615,502,303.0,50.3,41.4,True,True,,True,ambiguous_promoted:monitoring_column_3_field_photo,,15.672734,77.536258,project_level,farm_pond
KURNOOL_IWMP-59_GANJIHALLI_p10_i9.jpg,KURNOOL_IWMP-59_GANJIHALLI.pdf,10,Kurnool,AP,water_conservation_structures,,,615,502,232.0,58.3,28.8,True,True,,True,ambiguous_promoted:monitoring_column_3_field_photo,,15.672734,77.536258,project_level,farm_pond
KURNOOL_IWMP-59_GANJIHALLI_p9_i11.jpg,KURNOOL_IWMP-59_GANJIHALLI.pdf,9,Kurnool,AP,water_conservation_structures,,,615,502,292.0,61.5,25.9,True,True,,True,ambiguous_promoted:monitoring_column_3_field_photo,,15.672734,77.536258,project_level,farm_pond
KURNOOL_IWMP-59_GANJIHALLI_p9_i3.jpg,KURNOOL_IWMP-59_GANJIHALLI.pdf,9,Kurnool,AP,water_conservation_structures,,,615,502,349.0,64.0,50.6,True,True,,True,ambiguous_promoted:monitoring_column_3_field_photo,,15.672734,77.536258,project_level,farm_pond
PRAKASAM_IWMP-01-RAMACHANDRAPURAM_p9_i11.jpg,PRAKASAM_IWMP-01-RAMACHANDRAPURAM.pdf,9,Prakasam,AP,water_conservation_structures,,,618,504,240.0,59.9,53.5,True,True,,True,ambiguous_promoted:monitoring_column_3_field_photo,,,,no_coordinate_available,check_dam
PRAKASAM_IWMP-01-RAMACHANDRAPURAM_p9_i3.jpg,PRAKASAM_IWMP-01-RAMACHANDRAPURAM.pdf,9,Prakasam,AP,water_conservation_structures,,,618,504,425.0,51.7,61.7,True,True,,True,ambiguous_promoted:monitoring_column_3_field_photo,,,,no_coordinate_available,check_dam
PRAKASAM_IWMP-02-ULCHI_p11_i6.jpg,PRAKASAM_IWMP-02-ULCHI.pdf,11,Prakasam,AP,water_conservation_structures,,,640,480,289.0,47.5,40.9,True,True,,True,ambiguous_promoted:monitoring_column_3_field_photo,,,,no_coordinate_available,check_dam
PRAKASAM_IWMP-02-ULCHI_p11_i9.jpg,PRAKASAM_IWMP-02-ULCHI.pdf,11,Prakasam,AP,water_conservation_structures,,,640,464,377.0,70.4,41.4,True,True,,True,ambiguous_promoted:monitoring_column_3_field_photo,,,,no_coordinate_available,check_dam
PRAKASAM_IWMP-02-ULCHI_p12_i7.jpg,PRAKASAM_IWMP-02-ULCHI.pdf,12,Prakasam,AP,water_conservation_structures,,,640,480,265.0,62.5,40.3,True,True,,True,ambiguous_promoted:monitoring_column_3_field_photo,,,,no_coordinate_available,percolation_tank
PRAKASAM_IWMP-02-ULCHI_p12_i9.jpg,PRAKASAM_IWMP-02-ULCHI.pdf,12,Prakasam,AP,water_conservation_structures,,,640,480,334.0,56.0,47.2,True,True,,True,ambiguous_promoted:monitoring_column_3_field_photo,,,,no_coordinate_available,check_dam
PRAKASAM_IWMP-02-ULCHI_p13_i9.jpg,PRAKASAM_IWMP-02-ULCHI.pdf,13,Prakasam,AP,unspecified,,,640,480,436.0,75.9,32.4,True,True,,True,ambiguous_promoted:monitoring_column_3_field_photo,,,,no_coordinate_available,water_structure_other
PRAKASAM_IWMP-02-ULCHI_p14_i7.jpg,PRAKASAM_IWMP-02-ULCHI.pdf,14,Prakasam,AP,water_conservation_structures,,,640,480,232.0,51.2,32.7,True,True,,True,ambiguous_promoted:monitoring_column_3_field_photo,,,,no_coordinate_available,check_dam
PRAKASAM_IWMP-02-ULCHI_p14_i9.jpg,PRAKASAM_IWMP-02-ULCHI.pdf,14,Prakasam,AP,water_conservation_structures,,,640,480,193.0,80.9,11.7,True,True,,True,ambiguous_promoted:monitoring_column_3_field_photo,,,,no_coordinate_available,check_dam
PRAKASAM_IWMP-03_MYNAMPADU_p7_i6.jpg,PRAKASAM_IWMP-03_MYNAMPADU.pdf,7,Prakasam,AP,water_conservation_structures,,,618,504,217.0,74.5,29.6,True,True,,True,ambiguous_promoted:monitoring_column_3_field_photo,,,,no_coordinate_available,check_dam
PRAKASAM_IWMP-03_MYNAMPADU_p7_i9.jpg,PRAKASAM_IWMP-03_MYNAMPADU.pdf,7,Prakasam,AP,water_conservation_structures,,,618,504,357.0,63.4,43.1,True,True,,True,ambiguous_promoted:monitoring_column_3_field_photo,,,,no_coordinate_available,check_dam
PRAKASAM_IWMP-03_MYNAMPADU_p8_i7.jpg,PRAKASAM_IWMP-03_MYNAMPADU.pdf,8,Prakasam,AP,water_conservation_structures,,,618,504,294.0,47.5,79.8,True,True,,True,ambiguous_promoted:monitoring_column_3_field_photo,,,,no_coordinate_available,farm_pond
PRAKASAM_IWMP-04-MUTUKULA_p7_i11.jpg,PRAKASAM_IWMP-04-MUTUKULA.pdf,7,Prakasam,AP,water_conservation_structures,,,618,504,257.0,52.4,56.5,True,True,,True,ambiguous_promoted:monitoring_column_3_field_photo,,,,no_coordinate_available,farm_pond
PRAKASAM_IWMP-04-MUTUKULA_p7_i3.jpg,PRAKASAM_IWMP-04-MUTUKULA.pdf,7,Prakasam,AP,water_conservation_structures,,,618,504,254.0,53.4,33.8,True,True,,True,ambiguous_promoted:monitoring_column_3_field_photo,,,,no_coordinate_available,farm_pond
PRAKASAM_IWMP-04-MUTUKULA_p8_i0.jpg,PRAKASAM_IWMP-04-MUTUKULA.pdf,8,Prakasam,AP,water_conservation_structures,,,618,504,214.0,63.1,63.4,True,True,,True,ambiguous_promoted:monitoring_column_3_field_photo,,,,no_coordinate_available,farm_pond
PRAKASAM_IWMP-04-MUTUKULA_p8_i9.jpg,PRAKASAM_IWMP-04-MUTUKULA.pdf,8,Prakasam,AP,water_conservation_structures,,,618,464,232.0,55.4,63.3,True,True,,True,ambiguous_promoted:monitoring_column_3_field_photo,,,,no_coordinate_available,farm_pond
PRAKASAM_IWMP-05-DHARMAVARAM_p7_i13.jpg,PRAKASAM_IWMP-05-DHARMAVARAM.pdf,7,Prakasam,AP,water_conservation_structures,,,618,514,204.0,69.0,29.4,True,True,,True,ambiguous_promoted:monitoring_column_3_field_photo,,,,no_coordinate_available,farm_pond
PRAKASAM_IWMP-05-DHARMAVARAM_p7_i3.jpg,PRAKASAM_IWMP-05-DHARMAVARAM.pdf,7,Prakasam,AP,water_conservation_structures,,,618,513,262.0,55.8,48.5,True,True,,True,ambiguous_promoted:monitoring_column_3_field_photo,,,,no_coordinate_available,farm_pond
PRAKASAM_IWMP-05-DHARMAVARAM_p8_i1.jpg,PRAKASAM_IWMP-05-DHARMAVARAM.pdf,8,Prakasam,AP,unspecified,,,619,504,273.0,57.2,55.4,True,True,,True,ambiguous_promoted:monitoring_column_3_field_photo,,,,no_coordinate_available,check_dam
PRAKASAM_IWMP-05-DHARMAVARAM_p8_i6.jpg,PRAKASAM_IWMP-05-DHARMAVARAM.pdf,8,Prakasam,AP,unspecified,,,619,504,224.0,61.5,63.1,True,True,,True,ambiguous_promoted:monitoring_column_3_field_photo,,,,no_coordinate_available,check_dam
PRAKASAM_IWMP-06-MUNDLAPADU_p11_i13.jpg,PRAKASAM_IWMP-06-MUNDLAPADU.pdf,11,Prakasam,AP,water_conservation_structures,,,618,513,342.0,70.7,14.6,True,True,,True,ambiguous_promoted:monitoring_column_3_field_photo,,,,no_coordinate_available,check_dam
PRAKASAM_IWMP-06-MUNDLAPADU_p11_i5.jpg,PRAKASAM_IWMP-06-MUNDLAPADU.pdf,11,Prakasam,AP,water_conservation_structures,,,618,440,566.0,56.6,58.7,True,True,,True,ambiguous_promoted:monitoring_column_3_field_photo,,,,no_coordinate_available,check_dam
PRAKASAM_IWMP-06-MUNDLAPADU_p12_i0.jpg,PRAKASAM_IWMP-06-MUNDLAPADU.pdf,12,Prakasam,AP,water_conservation_structures,,,618,504,381.0,50.5,58.8,True,True,,True,ambiguous_promoted:monitoring_column_3_field_photo,,,,no_coordinate_available,check_dam
PRAKASAM_IWMP-06-MUNDLAPADU_p13_i11.jpg,PRAKASAM_IWMP-06-MUNDLAPADU.pdf,13,Prakasam,AP,water_conservation_structures,,,618,502,360.0,62.0,53.7,True,True,,True,ambiguous_promoted:monitoring_column_3_field_photo,,,,no_coordinate_available,check_dam
PRAKASAM_IWMP-06-MUNDLAPADU_p13_i3.jpg,PRAKASAM_IWMP-06-MUNDLAPADU.pdf,13,Prakasam,AP,water_conservation_structures,,,618,504,451.0,71.2,28.0,True,True,,True,ambiguous_promoted:monitoring_column_3_field_photo,,,,no_coordinate_available,check_dam
PRAKASAM_IWMP-06-MUNDLAPADU_p14_i0.jpg,PRAKASAM_IWMP-06-MUNDLAPADU.pdf,14,Prakasam,AP,water_conservation_structures,,,621,506,504.0,59.5,60.4,True,True,,True,ambiguous_promoted:monitoring_column_3_field_photo,,,,no_coordinate_available,check_dam
PRAKASAM_IWMP-06-MUNDLAPADU_p14_i9.jpg,PRAKASAM_IWMP-06-MUNDLAPADU.pdf,14,Prakasam,AP,water_conservation_structures,,,618,504,321.0,49.7,64.8,True,True,,True,ambiguous_promoted:monitoring_column_3_field_photo,,,,no_coordinate_available,check_dam
PRAKASAM_IWMP-07-PUSALAPADU_p10_i11.jpg,PRAKASAM_IWMP-07-PUSALAPADU.pdf,10,Prakasam,AP,water_conservation_structures,,,618,504,269.0,55.2,46.1,True,True,,True,ambiguous_promoted:monitoring_column_3_field_photo,,,,no_coordinate_available,farm_pond
PRAKASAM_IWMP-07-PUSALAPADU_p10_i3.jpg,PRAKASAM_IWMP-07-PUSALAPADU.pdf,10,Prakasam,AP,water_conservation_structures,,,618,504,274.0,56.1,39.2,True,True,,True,ambiguous_promoted:monitoring_column_3_field_photo,,,,no_coordinate_available,farm_pond
PRAKASAM_IWMP-07-PUSALAPADU_p11_i0.jpg,PRAKASAM_IWMP-07-PUSALAPADU.pdf,11,Prakasam,AP,water_conservation_structures,,,618,513,305.0,44.0,36.8,True,True,,True,ambiguous_promoted:monitoring_column_3_field_photo,,,,no_coordinate_available,percolation_tank
PRAKASAM_IWMP-07-PUSALAPADU_p11_i9.jpg,PRAKASAM_IWMP-07-PUSALAPADU.pdf,11,Prakasam,AP,water_conservation_structures,,,623,511,296.0,50.5,70.4,True,True,,True,ambiguous_promoted:monitoring_column_3_field_photo,,,,no_coordinate_available,percolation_tank
PRAKASAM_IWMP-07-PUSALAPADU_p9_i0.jpg,PRAKASAM_IWMP-07-PUSALAPADU.pdf,9,Prakasam,AP,water_conservation_structures,,,623,504,297.0,50.2,71.8,True,True,,True,ambiguous_promoted:monitoring_column_3_field_photo,,,,no_coordinate_available,percolation_tank
PRAKASAM_IWMP-07-PUSALAPADU_p9_i9.jpg,PRAKASAM_IWMP-07-PUSALAPADU.pdf,9,Prakasam,AP,water_conservation_structures,,,624,511,325.0,45.1,64.5,True,True,,True,ambiguous_promoted:monitoring_column_3_field_photo,,,,no_coordinate_available,check_dam
PRAKASAM_IWMP-09-CHINNAIRLAPADU_p11_i13.jpg,PRAKASAM_IWMP-09-CHINNAIRLAPADU.pdf,11,Prakasam,AP,water_conservation_structures,,,640,480,241.0,66.7,49.8,True,True,,True,ambiguous_promoted:monitoring_column_3_field_photo,,,,no_coordinate_available,check_dam
PRAKASAM_IWMP-10-YADAVALLI_p11_i13.jpg,PRAKASAM_IWMP-10-YADAVALLI.pdf,11,Prakasam,AP,unspecified,,,618,504,445.0,54.1,55.1,True,True,,True,ambiguous_promoted:monitoring_column_3_field_photo,,,,no_coordinate_available,farm_pond
PRAKASAM_IWMP-10-YADAVALLI_p12_i0.jpg,PRAKASAM_IWMP-10-YADAVALLI.pdf,12,Prakasam,AP,unspecified,,,618,371,170.0,53.7,54.9,True,True,,True,ambiguous_promoted:monitoring_column_3_field_photo,,,,no_coordinate_available,farm_pond
PRAKASAM_IWMP-10-YADAVALLI_p12_i9.jpg,PRAKASAM_IWMP-10-YADAVALLI.pdf,12,Prakasam,AP,unspecified,,,618,504,203.0,34.7,86.3,True,True,,True,ambiguous_promoted:monitoring_column_3_field_photo,,,,no_coordinate_available,farm_pond
PRAKASAM_IWMP-11-UMMANAPALLI_p10_i13.jpg,PRAKASAM_IWMP-11-UMMANAPALLI.pdf,10,Prakasam,AP,water_conservation_structures,,,618,504,317.0,52.7,65.3,True,True,,True,ambiguous_promoted:monitoring_column_3_field_photo,,,,no_coordinate_available,percolation_tank
PRAKASAM_IWMP-11-UMMANAPALLI_p11_i0.jpg,PRAKASAM_IWMP-11-UMMANAPALLI.pdf,11,Prakasam,AP,vegetation_changes,,,618,504,378.0,74.0,36.4,True,True,,True,ambiguous_promoted:monitoring_column_3_field_photo,,,,no_coordinate_available,plantation
PRAKASAM_IWMP-13-POLAVARAM_p11_i12.jpg,PRAKASAM_IWMP-13-POLAVARAM.pdf,11,Prakasam,AP,water_conservation_structures,,,618,504,318.0,59.9,35.9,True,True,,True,ambiguous_promoted:monitoring_column_3_field_photo,,,,no_coordinate_available,check_dam
PRAKASAM_IWMP-13-POLAVARAM_p11_i14.jpg,PRAKASAM_IWMP-13-POLAVARAM.pdf,11,Prakasam,AP,water_conservation_structures,,,618,504,210.0,61.8,29.0,True,True,,True,ambiguous_promoted:monitoring_column_3_field_photo,,,,no_coordinate_available,check_dam
PRAKASAM_IWMP-13-POLAVARAM_p12_i8.jpg,PRAKASAM_IWMP-13-POLAVARAM.pdf,12,Prakasam,AP,water_conservation_structures,,,611,502,313.0,35.2,43.9,True,True,,True,ambiguous_promoted:monitoring_column_3_field_photo,,,,no_coordinate_available,percolation_tank
PRAKASAM_IWMP-13-POLAVARAM_p12_i9.jpg,PRAKASAM_IWMP-13-POLAVARAM.pdf,12,Prakasam,AP,water_conservation_structures,,,611,502,258.0,60.5,29.4,True,True,,True,ambiguous_promoted:monitoring_column_3_field_photo,,,,no_coordinate_available,check_dam
PRAKASAM_IWMP-14-POTLAPADU_p7_i12.jpg,PRAKASAM_IWMP-14-POTLAPADU.pdf,7,Prakasam,AP,water_conservation_structures,,,618,504,193.0,54.7,67.0,True,True,,True,ambiguous_promoted:monitoring_column_3_field_photo,,,,no_coordinate_available,farm_pond
PRAKASAM_IWMP-14-POTLAPADU_p7_i14.jpg,PRAKASAM_IWMP-14-POTLAPADU.pdf,7,Prakasam,AP,water_conservation_structures,,,618,504,264.0,49.0,54.1,True,True,,True,ambiguous_promoted:monitoring_column_3_field_photo,,,,no_coordinate_available,farm_pond
PRAKASAM_IWMP-14-POTLAPADU_p8_i12.jpg,PRAKASAM_IWMP-14-POTLAPADU.pdf,8,Prakasam,AP,water_conservation_structures,,,618,504,280.0,48.5,33.8,True,True,,True,ambiguous_promoted:monitoring_column_3_field_photo,,,,no_coordinate_available,farm_pond
PRAKASAM_IWMP-14-POTLAPADU_p8_i14.jpg,PRAKASAM_IWMP-14-POTLAPADU.pdf,8,Prakasam,AP,water_conservation_structures,,,618,504,271.0,45.1,77.7,True,True,,True,ambiguous_promoted:monitoring_column_3_field_photo,,,,no_coordinate_available,farm_pond
PRAKASAM_IWMP-33_KONIDENA_p8_i3.jpg,PRAKASAM_IWMP-33_KONIDENA.pdf,8,Prakasam,AP,water_conservation_structures,,,618,504,168.0,57.6,69.1,True,True,,True,ambiguous_promoted:monitoring_column_3_field_photo,,16.045384,80.023513,project_level,farm_pond
PRAKASAM_IWMP-33_KONIDENA_p9_i0.jpg,PRAKASAM_IWMP-33_KONIDENA.pdf,9,Prakasam,AP,water_conservation_structures,,,618,504,156.0,73.0,39.3,True,True,,True,ambiguous_promoted:monitoring_column_3_field_photo,,16.045384,80.023513,project_level,percolation_tank
PRAKASAM_IWMP-33_KONIDENA_p9_i9.jpg,PRAKASAM_IWMP-33_KONIDENA.pdf,9,Prakasam,AP,water_conservation_structures,,,618,504,197.0,67.7,53.9,True,True,,True,ambiguous_promoted:monitoring_column_3_field_photo,,16.045384,80.023513,project_level,percolation_tank
PRAKASAM_IWMP-34_P.KURICHEDU_p8_i11.jpg,PRAKASAM_IWMP-34_P.KURICHEDU.pdf,8,Prakasam,AP,water_conservation_structures,,,618,504,262.0,57.9,58.7,True,True,,True,ambiguous_promoted:monitoring_column_3_field_photo,,15.934334,79.583969,project_level,water_structure_other
PRAKASAM_IWMP-34_P.KURICHEDU_p8_i3.jpg,PRAKASAM_IWMP-34_P.KURICHEDU.pdf,8,Prakasam,AP,water_conservation_structures,,,618,504,141.0,70.8,32.8,True,True,,True,ambiguous_promoted:monitoring_column_3_field_photo,,15.934334,79.583969,project_level,farm_pond
PRAKASAM_IWMP-34_P.KURICHEDU_p9_i9.jpg,PRAKASAM_IWMP-34_P.KURICHEDU.pdf,9,Prakasam,AP,water_conservation_structures,,,618,504,281.0,45.9,48.4,True,True,,True,ambiguous_promoted:monitoring_column_3_field_photo,,15.934334,79.583969,project_level,farm_pond
PRAKASAM_IWMP-35_DASARIPALLI_p8_i11.jpg,PRAKASAM_IWMP-35_DASARIPALLI.pdf,8,Prakasam,AP,water_conservation_structures,,,618,504,353.0,74.2,36.3,True,True,,True,ambiguous_promoted:monitoring_column_3_field_photo,,15.441969,79.341481,project_level,farm_pond
PRAKASAM_IWMP-35_DASARIPALLI_p9_i9.jpg,PRAKASAM_IWMP-35_DASARIPALLI.pdf,9,Prakasam,AP,water_conservation_structures,,,618,504,248.0,58.6,45.3,True,True,,True,ambiguous_promoted:monitoring_column_3_field_photo,,15.441969,79.341481,project_level,farm_pond
PRAKASAM_IWMP-36_GURAVAJIPETA_p8_i3.jpg,PRAKASAM_IWMP-36_GURAVAJIPETA.pdf,8,Prakasam,AP,water_conservation_structures,,,618,508,270.0,54.9,49.2,True,True,,True,ambiguous_promoted:monitoring_column_3_field_photo,,15.223714,79.383866,project_level,check_dam
PRAKASAM_IWMP-36_GURAVAJIPETA_p9_i0.jpg,PRAKASAM_IWMP-36_GURAVAJIPETA.pdf,9,Prakasam,AP,water_conservation_structures,,,618,504,273.0,58.5,58.9,True,True,,True,ambiguous_promoted:monitoring_column_3_field_photo,,15.223714,79.383866,project_level,percolation_tank
PRAKASAM_IWMP-36_GURAVAJIPETA_p9_i9.jpg,PRAKASAM_IWMP-36_GURAVAJIPETA.pdf,9,Prakasam,AP,water_conservation_structures,,,618,504,356.0,63.8,38.5,True,True,,True,ambiguous_promoted:monitoring_column_3_field_photo,,15.223714,79.383866,project_level,percolation_tank
PRAKASAM_IWMP-37_P.-YACHAVARAM_p9_i0.jpg,PRAKASAM_IWMP-37_P.-YACHAVARAM.pdf,9,Prakasam,AP,water_conservation_structures,,,618,504,326.0,51.6,53.0,True,True,,True,ambiguous_promoted:monitoring_column_3_field_photo,,15.782319,79.333869,project_level,percolation_tank
PRAKASAM_IWMP-38_VGGAMPALLI_p8_i11.jpg,PRAKASAM_IWMP-38_VGGAMPALLI.pdf,8,Prakasam,AP,water_conservation_structures,,,618,504,290.0,62.8,36.1,True,True,,True,ambiguous_promoted:monitoring_column_3_field_photo,,15.177234,79.424633,project_level,check_dam
PRAKASAM_IWMP-38_VGGAMPALLI_p8_i3.jpg,PRAKASAM_IWMP-38_VGGAMPALLI.pdf,8,Prakasam,AP,water_conservation_structures,,,618,504,420.0,72.0,43.9,True,True,,True,ambiguous_promoted:monitoring_column_3_field_photo,,15.177234,79.424633,project_level,check_dam
PRAKASAM_IWMP-38_VGGAMPALLI_p9_i0.jpg,PRAKASAM_IWMP-38_VGGAMPALLI.pdf,9,Prakasam,AP,water_conservation_structures,,,618,504,359.0,65.8,55.7,True,True,,True,ambiguous_promoted:monitoring_column_3_field_photo,,15.177234,79.424633,project_level,percolation_tank
PRAKASAM_IWMP-38_VGGAMPALLI_p9_i9.jpg,PRAKASAM_IWMP-38_VGGAMPALLI.pdf,9,Prakasam,AP,water_conservation_structures,,,618,504,358.0,71.3,63.3,True,True,,True,ambiguous_promoted:monitoring_column_3_field_photo,,15.177234,79.424633,project_level,percolation_tank
PRAKASAM_IWMP-39_H.NIDAMURU_p8_i11.jpg,PRAKASAM_IWMP-39_H.NIDAMURU.pdf,8,Prakasam,AP,water_conservation_structures,,,618,504,238.0,49.6,40.2,True,True,,True,ambiguous_promoted:monitoring_column_3_field_photo,,15.633569,80.096443,project_level,check_dam
PRAKASAM_IWMP-39_H.NIDAMURU_p8_i3.jpg,PRAKASAM_IWMP-39_H.NIDAMURU.pdf,8,Prakasam,AP,water_conservation_structures,,,618,504,215.0,42.8,52.9,True,True,,True,ambiguous_promoted:monitoring_column_3_field_photo,,15.633569,80.096443,project_level,check_dam
PRAKASAM_IWMP-39_H.NIDAMURU_p9_i0.jpg,PRAKASAM_IWMP-39_H.NIDAMURU.pdf,9,Prakasam,AP,water_conservation_structures,,,618,464,271.0,40.3,46.5,True,True,,True,ambiguous_promoted:monitoring_column_3_field_photo,,15.633569,80.096443,project_level,water_structure_other
PRAKASAM_IWMP-39_H.NIDAMURU_p9_i9.jpg,PRAKASAM_IWMP-39_H.NIDAMURU.pdf,9,Prakasam,AP,water_conservation_structures,,,618,504,242.0,52.9,59.0,True,True,,True,ambiguous_promoted:monitoring_column_3_field_photo,,15.633569,80.096443,project_level,percolation_tank
PRAKASAM_IWMP-40_BANDELLAPALLI_p8_i11.jpg,PRAKASAM_IWMP-40_BANDELLAPALLI.pdf,8,Prakasam,AP,water_conservation_structures,,,618,504,316.0,63.0,35.0,True,True,,True,ambiguous_promoted:monitoring_column_3_field_photo,,15.784152,79.651044,project_level,check_dam
PRAKASAM_IWMP-40_BANDELLAPALLI_p9_i9.jpg,PRAKASAM_IWMP-40_BANDELLAPALLI.pdf,9,Prakasam,AP,water_conservation_structures,,,618,504,257.0,59.5,38.2,True,True,,True,ambiguous_promoted:monitoring_column_3_field_photo,,15.784152,79.651044,project_level,percolation_tank
PRAKASAM_IWMP-41_KUNCHEPALLI_p8_i11.jpg,PRAKASAM_IWMP-41_KUNCHEPALLI.pdf,8,Prakasam,AP,water_conservation_structures,,,618,504,183.0,53.4,32.1,True,True,,True,ambiguous_promoted:monitoring_column_3_field_photo,,15.653088,79.637086,project_level,check_dam
PRAKASAM_IWMP-41_KUNCHEPALLI_p8_i3.jpg,PRAKASAM_IWMP-41_KUNCHEPALLI.pdf,8,Prakasam,AP,water_conservation_structures,,,618,464,356.0,56.4,40.5,True,True,,True,ambiguous_promoted:monitoring_column_3_field_photo,,15.653088,79.637086,project_level,check_dam
PRAKASAM_IWMP-41_KUNCHEPALLI_p9_i0.jpg,PRAKASAM_IWMP-41_KUNCHEPALLI.pdf,9,Prakasam,AP,water_conservation_structures,,,618,504,221.0,58.6,37.8,True,True,,True,ambiguous_promoted:monitoring_column_3_field_photo,,15.653088,79.637086,project_level,check_dam
PRAKASAM_IWMP-42_KONDEPI_p8_i11.jpg,PRAKASAM_IWMP-42_KONDEPI.pdf,8,Prakasam,AP,water_conservation_structures,,,618,504,131.0,31.8,44.8,True,True,,True,ambiguous_promoted:monitoring_column_3_field_photo,,15.397703,79.866545,project_level,check_dam
PRAKASAM_IWMP-42_KONDEPI_p8_i3.jpg,PRAKASAM_IWMP-42_KONDEPI.pdf,8,Prakasam,AP,water_conservation_structures,,,618,504,247.0,49.4,41.3,True,True,,True,ambiguous_promoted:monitoring_column_3_field_photo,,15.397703,79.866545,project_level,check_dam
PRAKASAM_IWMP-42_KONDEPI_p9_i0.jpg,PRAKASAM_IWMP-42_KONDEPI.pdf,9,Prakasam,AP,water_conservation_structures,,,618,504,233.0,32.2,33.4,True,True,,True,ambiguous_promoted:monitoring_column_3_field_photo,,15.397703,79.866545,project_level,percolation_tank
PRAKASAM_IWMP-42_KONDEPI_p9_i9.jpg,PRAKASAM_IWMP-42_KONDEPI.pdf,9,Prakasam,AP,water_conservation_structures,,,618,504,219.0,36.5,65.6,True,True,,True,ambiguous_promoted:monitoring_column_3_field_photo,,15.397703,79.866545,project_level,percolation_tank
PRAKASAM_IWMP-43_NAGAMOTLAVARIPALEM_p8_i3.jpg,PRAKASAM_IWMP-43_NAGAMOTLAVARIPALEM.pdf,8,Prakasam,AP,water_conservation_structures,,,618,504,223.0,56.7,55.1,True,True,,True,ambiguous_promoted:monitoring_column_3_field_photo,,15.685936,79.762985,project_level,check_dam
PRAKASAM_IWMP-43_NAGAMOTLAVARIPALEM_p9_i0.jpg,PRAKASAM_IWMP-43_NAGAMOTLAVARIPALEM.pdf,9,Prakasam,AP,vegetation_changes,,,618,504,256.0,69.0,52.3,True,True,,True,ambiguous_promoted:monitoring_column_3_field_photo,,15.685936,79.762985,project_level,plantation
PRAKASAM_IWMP-43_NAGAMOTLAVARIPALEM_p9_i9.jpg,PRAKASAM_IWMP-43_NAGAMOTLAVARIPALEM.pdf,9,Prakasam,AP,vegetation_changes,,,618,464,231.0,86.4,22.8,True,True,,True,ambiguous_promoted:monitoring_column_3_field_photo,,15.685936,79.762985,project_level,plantation
PRAKASAM_IWMP-44_P.VENKATAPURAM_p8_i11.jpg,PRAKASAM_IWMP-44_P.VENKATAPURAM.pdf,8,Prakasam,AP,water_conservation_structures,,,618,504,231.0,31.6,57.8,True,True,,True,ambiguous_promoted:monitoring_column_3_field_photo,,15.80053,79.452928,project_level,check_dam
PRAKASAM_IWMP-44_P.VENKATAPURAM_p8_i3.jpg,PRAKASAM_IWMP-44_P.VENKATAPURAM.pdf,8,Prakasam,AP,water_conservation_structures,,,618,504,164.0,51.3,42.1,True,True,,True,ambiguous_promoted:monitoring_column_3_field_photo,,15.80053,79.452928,project_level,check_dam
PRAKASAM_IWMP-44_P.VENKATAPURAM_p9_i0.jpg,PRAKASAM_IWMP-44_P.VENKATAPURAM.pdf,9,Prakasam,AP,water_conservation_structures,,,618,504,224.0,47.7,56.1,True,True,,True,ambiguous_promoted:monitoring_column_3_field_photo,,15.80053,79.452928,project_level,farm_pond
PRAKASAM_IWMP-44_P.VENKATAPURAM_p9_i9.jpg,PRAKASAM_IWMP-44_P.VENKATAPURAM.pdf,9,Prakasam,AP,water_conservation_structures,,,618,504,184.0,60.4,48.9,True,True,,True,ambiguous_promoted:monitoring_column_3_field_photo,,15.80053,79.452928,project_level,farm_pond
PRAKASAM_IWMP-45_Y.PALEM__p8_i11.jpg,PRAKASAM_IWMP-45_Y.PALEM_.pdf,8,Prakasam,AP,water_conservation_structures,,,618,504,152.0,49.2,52.0,True,True,,True,ambiguous_promoted:monitoring_column_3_field_photo,,16.054148,79.266457,project_level,check_dam
PRAKASAM_IWMP-45_Y.PALEM__p8_i3.jpg,PRAKASAM_IWMP-45_Y.PALEM_.pdf,8,Prakasam,AP,water_conservation_structures,,,618,464,330.0,42.7,61.3,True,True,,True,ambiguous_promoted:monitoring_column_3_field_photo,,16.054148,79.266457,project_level,check_dam
PRAKASAM_IWMP-45_Y.PALEM__p9_i0.jpg,PRAKASAM_IWMP-45_Y.PALEM_.pdf,9,Prakasam,AP,vegetation_changes,,,618,504,226.0,64.0,60.6,True,True,,True,ambiguous_promoted:monitoring_column_3_field_photo,,16.054148,79.266457,project_level,plantation
PRAKASAM_IWMP-46_KATRAGUNTA_p8_i11.jpg,PRAKASAM_IWMP-46_KATRAGUNTA.pdf,8,Prakasam,AP,water_conservation_structures,,,618,504,308.0,66.3,43.7,True,True,,True,ambiguous_promoted:monitoring_column_3_field_photo,,15.654694,79.453607,project_level,check_dam
PRAKASAM_IWMP-46_KATRAGUNTA_p8_i3.jpg,PRAKASAM_IWMP-46_KATRAGUNTA.pdf,8,Prakasam,AP,water_conservation_structures,,,618,504,308.0,54.7,11.8,True,True,,True,ambiguous_promoted:monitoring_column_3_field_photo,,15.654694,79.453607,project_level,check_dam
PRAKASAM_IWMP-46_KATRAGUNTA_p9_i0.jpg,PRAKASAM_IWMP-46_KATRAGUNTA.pdf,9,Prakasam,AP,vegetation_changes,,,618,504,372.0,82.6,29.7,True,True,,True,ambiguous_promoted:monitoring_column_3_field_photo,,15.654694,79.453607,project_level,plantation
PRAKASAM_IWMP-46_KATRAGUNTA_p9_i9.jpg,PRAKASAM_IWMP-46_KATRAGUNTA.pdf,9,Prakasam,AP,vegetation_changes,,,618,504,498.0,70.1,38.4,True,True,,True,ambiguous_promoted:monitoring_column_3_field_photo,,15.654694,79.453607,project_level,plantation
PRAKASAM_IWMP-47_D.G.PETA__p8_i11.jpg,PRAKASAM_IWMP-47_D.G.PETA_.pdf,8,Prakasam,AP,water_conservation_structures,,,640,480,220.0,41.0,78.9,True,True,,True,ambiguous_promoted:monitoring_column_3_field_photo,,15.172403,79.216135,project_level,percolation_tank
PRAKASAM_IWMP-47_D.G.PETA__p8_i3.jpg,PRAKASAM_IWMP-47_D.G.PETA_.pdf,8,Prakasam,AP,water_conservation_structures,,,640,480,292.0,59.4,70.0,True,True,,True,ambiguous_promoted:monitoring_column_3_field_photo,,15.172403,79.216135,project_level,percolation_tank
PRAKASAM_IWMP-47_D.G.PETA__p9_i0.jpg,PRAKASAM_IWMP-47_D.G.PETA_.pdf,9,Prakasam,AP,water_conservation_structures,,,618,504,295.0,59.6,58.2,True,True,,True,ambiguous_promoted:monitoring_column_3_field_photo,,15.172403,79.216135,project_level,percolation_tank
PRAKASAM_IWMP-47_D.G.PETA__p9_i9.jpg,PRAKASAM_IWMP-47_D.G.PETA_.pdf,9,Prakasam,AP,water_conservation_structures,,,618,504,313.0,47.1,60.0,True,True,,True,ambiguous_promoted:monitoring_column_3_field_photo,,15.172403,79.216135,project_level,percolation_tank
PRAKASAM_IWMP-48_KONAPALLI_p9_i0.jpg,PRAKASAM_IWMP-48_KONAPALLI.pdf,9,Prakasam,AP,water_conservation_structures,,,618,504,565.0,54.8,27.8,True,True,,True,ambiguous_promoted:monitoring_column_3_field_photo,,15.324416,79.117958,project_level,farm_pond
PRAKASAM_IWMP-48_KONAPALLI_p9_i9.jpg,PRAKASAM_IWMP-48_KONAPALLI.pdf,9,Prakasam,AP,water_conservation_structures,,,618,504,325.0,56.6,43.3,True,True,,True,ambiguous_promoted:monitoring_column_3_field_photo,,15.324416,79.117958,project_level,farm_pond
PRAKASAM_IWMP-53_NAGIREDDIPALLI_p10_i0.jpg,PRAKASAM_IWMP-53_NAGIREDDIPALLI.pdf,10,Prakasam,AP,water_conservation_structures,,,618,464,83.0,34.1,57.4,True,True,,True,ambiguous_promoted:monitoring_column_3_field_photo,,15.302924,79.345181,project_level,percolation_tank
PRAKASAM_IWMP-53_NAGIREDDIPALLI_p10_i11.jpg,PRAKASAM_IWMP-53_NAGIREDDIPALLI.pdf,10,Prakasam,AP,water_conservation_structures,,,618,464,140.0,52.6,41.9,True,True,,True,ambiguous_promoted:monitoring_column_3_field_photo,,15.302924,79.345181,project_level,percolation_tank
PRAKASAM_IWMP-53_NAGIREDDIPALLI_p8_i18.jpg,PRAKASAM_IWMP-53_NAGIREDDIPALLI.pdf,8,Prakasam,AP,water_conservation_structures,,,692,519,116.0,32.1,41.3,True,True,,True,ambiguous_promoted:monitoring_column_3_field_photo,,15.302924,79.345181,project_level,farm_pond
PRAKASAM_IWMP-53_NAGIREDDIPALLI_p9_i11.jpg,PRAKASAM_IWMP-53_NAGIREDDIPALLI.pdf,9,Prakasam,AP,water_conservation_structures,,,618,464,114.0,32.1,41.4,True,True,,True,ambiguous_promoted:monitoring_column_3_field_photo,,15.302924,79.345181,project_level,farm_pond
PRAKASAM_IWMP-53_NAGIREDDIPALLI_p9_i3.jpg,PRAKASAM_IWMP-53_NAGIREDDIPALLI.pdf,9,Prakasam,AP,water_conservation_structures,,,618,348,170.0,73.4,44.1,True,True,,True,ambiguous_promoted:monitoring_column_3_field_photo,,15.302924,79.345181,project_level,farm_pond
PRAKASAM_IWMP-54_CHAPALAMADUGU_p10_i0.jpg,PRAKASAM_IWMP-54_CHAPALAMADUGU.pdf,10,Prakasam,AP,water_conservation_structures,,,618,504,202.0,82.0,37.5,True,True,,True,ambiguous_promoted:monitoring_column_3_field_photo,,16.132675,79.304519,project_level,plantation
PRAKASAM_IWMP-54_CHAPALAMADUGU_p10_i11.jpg,PRAKASAM_IWMP-54_CHAPALAMADUGU.pdf,10,Prakasam,AP,water_conservation_structures,,,618,504,178.0,75.7,45.0,True,True,,True,ambiguous_promoted:monitoring_column_3_field_photo,,16.132675,79.304519,project_level,percolation_tank
PRAKASAM_IWMP-54_CHAPALAMADUGU_p9_i3.jpg,PRAKASAM_IWMP-54_CHAPALAMADUGU.pdf,9,Prakasam,AP,water_conservation_structures,,,618,504,315.0,59.6,41.3,True,True,,True,ambiguous_promoted:monitoring_column_3_field_photo,,16.132675,79.304519,project_level,check_dam
PRAKASAM_IWMP-55_MARELLA_p10_i11.jpg,PRAKASAM_IWMP-55_MARELLA.pdf,10,Prakasam,AP,water_conservation_structures,,,618,464,265.0,50.1,59.6,True,True,,True,ambiguous_promoted:monitoring_column_3_field_photo,,15.923283,79.830007,project_level,check_dam
PRAKASAM_IWMP-55_MARELLA_p9_i11.jpg,PRAKASAM_IWMP-55_MARELLA.pdf,9,Prakasam,AP,water_conservation_structures,,,618,464,208.0,37.2,57.6,True,True,,True,ambiguous_promoted:monitoring_column_3_field_photo,,15.923283,79.830007,project_level,check_dam
PRAKASAM_IWMP-56_RAMAYAPALEM_p10_i11.jpg,PRAKASAM_IWMP-56_RAMAYAPALEM.pdf,10,Prakasam,AP,water_conservation_structures,,,618,504,419.0,53.7,46.2,True,True,,True,ambiguous_promoted:monitoring_column_3_field_photo,,15.767578,79.932892,project_level,check_dam
PRAKASAM_IWMP-56_RAMAYAPALEM_p9_i11.jpg,PRAKASAM_IWMP-56_RAMAYAPALEM.pdf,9,Prakasam,AP,water_conservation_structures,,,618,504,248.0,56.5,46.7,True,True,,True,ambiguous_promoted:monitoring_column_3_field_photo,,15.767578,79.932892,project_level,check_dam
PRAKASAM_IWMP-57_THARLUPADU_p10_i0.jpg,PRAKASAM_IWMP-57_THARLUPADU.pdf,10,Prakasam,AP,water_conservation_structures,,,618,348,250.0,53.4,70.9,True,True,,True,ambiguous_promoted:monitoring_column_3_field_photo,,15.644108,79.213605,project_level,plantation
PRAKASAM_IWMP-57_THARLUPADU_p9_i11.jpg,PRAKASAM_IWMP-57_THARLUPADU.pdf,9,Prakasam,AP,water_conservation_structures,,,618,348,270.0,52.8,70.4,True,True,,True,ambiguous_promoted:monitoring_column_3_field_photo,,15.644108,79.213605,project_level,water_structure_other
PRAKASAM_IWMP-58_DEVAVARAM_p10_i0.jpg,PRAKASAM_IWMP-58_DEVAVARAM.pdf,10,Prakasam,AP,water_conservation_structures,,,640,480,224.0,32.1,74.9,True,True,,True,ambiguous_promoted:monitoring_column_3_field_photo,,15.844547,79.674068,project_level,plantation
PRAKASAM_IWMP-58_DEVAVARAM_p9_i11.jpg,PRAKASAM_IWMP-58_DEVAVARAM.pdf,9,Prakasam,AP,water_conservation_structures,,,618,504,414.0,50.8,35.2,True,True,,True,ambiguous_promoted:monitoring_column_3_field_photo,,15.844547,79.674068,project_level,check_dam
PRAKASAM_IWMP-59_KAMBALAPADU_p10_i11.jpg,PRAKASAM_IWMP-59_KAMBALAPADU.pdf,10,Prakasam,AP,water_conservation_structures,,,618,464,138.0,65.2,32.3,True,True,,True,ambiguous_promoted:monitoring_column_3_field_photo,,15.590349,79.561943,project_level,farm_pond
PRAKASAM_IWMP-59_KAMBALAPADU_p9_i11.jpg,PRAKASAM_IWMP-59_KAMBALAPADU.pdf,9,Prakasam,AP,water_conservation_structures,,,618,371,215.0,44.3,87.9,True,True,,True,ambiguous_promoted:monitoring_column_3_field_photo,,15.590349,79.561943,project_level,farm_pond
PRAKASAM_IWMP-59_KAMBALAPADU_p9_i3.jpg,PRAKASAM_IWMP-59_KAMBALAPADU.pdf,9,Prakasam,AP,water_conservation_structures,,,618,464,267.0,48.9,82.4,True,True,,True,ambiguous_promoted:monitoring_column_3_field_photo,,15.590349,79.561943,project_level,farm_pond
PRAKASAM_IWMP-60_MOGILICHERLA_p10_i0.jpg,PRAKASAM_IWMP-60_MOGILICHERLA.pdf,10,Prakasam,AP,water_conservation_structures,,,618,504,328.0,48.7,46.6,True,True,,True,ambiguous_promoted:monitoring_column_3_field_photo,,15.062633,79.670869,project_level,farm_pond
PRAKASAM_IWMP-60_MOGILICHERLA_p10_i11.jpg,PRAKASAM_IWMP-60_MOGILICHERLA.pdf,10,Prakasam,AP,water_conservation_structures,,,618,504,386.0,63.4,60.1,True,True,,True,ambiguous_promoted:monitoring_column_3_field_photo,,15.062633,79.670869,project_level,farm_pond
PRAKASAM_IWMP-60_MOGILICHERLA_p9_i11.jpg,PRAKASAM_IWMP-60_MOGILICHERLA.pdf,9,Prakasam,AP,water_conservation_structures,,,618,504,167.0,52.5,57.3,True,True,,True,ambiguous_promoted:monitoring_column_3_field_photo,,15.062633,79.670869,project_level,farm_pond
PRAKASAM_IWMP-60_MOGILICHERLA_p9_i3.jpg,PRAKASAM_IWMP-60_MOGILICHERLA.pdf,9,Prakasam,AP,water_conservation_structures,,,618,504,281.0,50.8,74.1,True,True,,True,ambiguous_promoted:monitoring_column_3_field_photo,,15.062633,79.670869,project_level,farm_pond
PRAKASAM_IWMP-62_ELCHURU_p10_i0.jpg,PRAKASAM_IWMP-62_ELCHURU.pdf,10,Prakasam,AP,water_conservation_structures,,,618,504,203.0,34.9,46.7,True,True,,True,ambiguous_promoted:monitoring_column_3_field_photo,,16.030352,79.925928,project_level,farm_pond
PRAKASAM_IWMP-62_ELCHURU_p9_i11.jpg,PRAKASAM_IWMP-62_ELCHURU.pdf,9,Prakasam,AP,water_conservation_structures,,,640,480,150.0,37.7,61.8,True,True,,True,ambiguous_promoted:monitoring_column_3_field_photo,,16.030352,79.925928,project_level,farm_pond
PRAKASAM_IWMP-62_ELCHURU_p9_i3.jpg,PRAKASAM_IWMP-62_ELCHURU.pdf,9,Prakasam,AP,water_conservation_structures,,,640,480,151.0,50.0,53.0,True,True,,True,ambiguous_promoted:monitoring_column_3_field_photo,,16.030352,79.925928,project_level,farm_pond
PRAKASAM_IWMP15_TANGUTUR_p7_i4.jpg,PRAKASAM_IWMP15_TANGUTUR.pdf,7,Prakasam,AP,water_conservation_structures,,,618,504,266.0,42.1,74.6,True,True,,True,ambiguous_promoted:page_water_structure_keywords,,15.411319,79.945199,project_level,check_dam
PRAKASAM_IWMP15_TANGUTUR_p8_i3.jpg,PRAKASAM_IWMP15_TANGUTUR.pdf,8,Prakasam,AP,vegetation_changes,,,618,504,196.0,64.6,49.1,True,True,,True,ambiguous_promoted:monitoring_column_3_field_photo,,15.411319,79.945199,project_level,plantation
PRAKASAM_IWMP15_TANGUTUR_p9_i0.jpg,PRAKASAM_IWMP15_TANGUTUR.pdf,9,Prakasam,AP,vegetation_changes,,,618,464,240.0,48.4,66.1,True,True,,True,ambiguous_promoted:monitoring_column_3_field_photo,,15.411319,79.945199,project_level,water_structure_other
PRAKASAM_IWMP15_TANGUTUR_p9_i9.jpg,PRAKASAM_IWMP15_TANGUTUR.pdf,9,Prakasam,AP,vegetation_changes,,,618,464,294.0,62.6,45.3,True,True,,True,ambiguous_promoted:monitoring_column_3_field_photo,,15.411319,79.945199,project_level,plantation
PRAKASAM_IWMP16_-GANGAVARAM_p7_i11.jpg,PRAKASAM_IWMP16_-GANGAVARAM.pdf,7,Prakasam,AP,water_conservation_structures,,,618,371,327.0,48.3,73.1,True,True,,True,ambiguous_promoted:monitoring_column_3_field_photo,,15.325535,79.345826,project_level,check_dam
PRAKASAM_IWMP16_-GANGAVARAM_p7_i3.jpg,PRAKASAM_IWMP16_-GANGAVARAM.pdf,7,Prakasam,AP,water_conservation_structures,,,618,371,289.0,53.9,69.1,True,True,,True,ambiguous_promoted:monitoring_column_3_field_photo,,15.325535,79.345826,project_level,check_dam
PRAKASAM_IWMP17_VEERARAGHAVUNIK_p7_i11.jpg,PRAKASAM_IWMP17_VEERARAGHAVUNIK.pdf,7,Prakasam,AP,water_conservation_structures,,,618,371,402.0,57.7,44.2,True,True,,True,ambiguous_promoted:monitoring_column_3_field_photo,,15.097323,79.695697,project_level,farm_pond
PRAKASAM_IWMP17_VEERARAGHAVUNIK_p8_i0.jpg,PRAKASAM_IWMP17_VEERARAGHAVUNIK.pdf,8,Prakasam,AP,water_conservation_structures,,,618,371,276.0,43.3,91.7,True,True,,True,ambiguous_promoted:monitoring_column_3_field_photo,,15.097323,79.695697,project_level,farm_pond
PRAKASAM_IWMP17_VEERARAGHAVUNIK_p8_i9.jpg,PRAKASAM_IWMP17_VEERARAGHAVUNIK.pdf,8,Prakasam,AP,water_conservation_structures,,,618,347,271.0,76.6,46.4,True,True,,True,ambiguous_promoted:monitoring_column_3_field_photo,,15.097323,79.695697,project_level,farm_pond
PRAKASAM_IWMP18_SAKAVARAM_p7_i11.jpg,PRAKASAM_IWMP18_SAKAVARAM.pdf,7,Prakasam,AP,water_conservation_structures,,,618,504,290.0,70.2,46.3,True,True,,True,ambiguous_promoted:monitoring_column_3_field_photo,,15.196348,79.828429,project_level,plantation
PRAKASAM_IWMP19_-KARAVADI_p8_i0.jpg,PRAKASAM_IWMP19_-KARAVADI.pdf,8,Prakasam,AP,water_conservation_structures,,,618,504,274.0,59.7,52.5,True,True,,True,ambiguous_promoted:monitoring_column_3_field_photo,,15.558596,80.104058,project_level,water_structure_other
PRAKASAM_IWMP19_-KARAVADI_p9_i4.jpg,PRAKASAM_IWMP19_-KARAVADI.pdf,9,Prakasam,AP,water_conservation_structures,,,618,504,204.0,48.5,70.3,True,True,,True,ambiguous_promoted:page_water_structure_keywords,,15.558596,80.104058,project_level,farm_pond
PRAKASAM_IWMP20_CUMBUMPADU_p7_i11.jpg,PRAKASAM_IWMP20_CUMBUMPADU.pdf,7,Prakasam,AP,water_conservation_structures,,,618,464,196.0,43.2,57.7,True,True,,True,ambiguous_promoted:monitoring_column_3_field_photo,,15.89342,79.356296,project_level,farm_pond
PRAKASAM_IWMP20_CUMBUMPADU_p7_i3.jpg,PRAKASAM_IWMP20_CUMBUMPADU.pdf,7,Prakasam,AP,water_conservation_structures,,,618,464,179.0,64.8,41.7,True,True,,True,ambiguous_promoted:monitoring_column_3_field_photo,,15.89342,79.356296,project_level,farm_pond
PRAKASAM_IWMP20_CUMBUMPADU_p8_i9.jpg,PRAKASAM_IWMP20_CUMBUMPADU.pdf,8,Prakasam,AP,water_conservation_structures,,,618,464,326.0,46.6,38.4,True,True,,True,ambiguous_promoted:monitoring_column_3_field_photo,,15.89342,79.356296,project_level,farm_pond
PRAKASAM_IWMP21_B.-MACHAVARAM_p7_i11.jpg,PRAKASAM_IWMP21_B.-MACHAVARAM.pdf,7,Prakasam,AP,water_conservation_structures,,,618,504,396.0,46.7,54.6,True,True,,True,ambiguous_promoted:monitoring_column_3_field_photo,,15.439972,79.907811,project_level,check_dam
PRAKASAM_IWMP21_B.-MACHAVARAM_p7_i3.jpg,PRAKASAM_IWMP21_B.-MACHAVARAM.pdf,7,Prakasam,AP,water_conservation_structures,,,618,504,215.0,49.4,34.0,True,True,,True,ambiguous_promoted:monitoring_column_3_field_photo,,15.439972,79.907811,project_level,check_dam
PRAKASAM_IWMP21_B.-MACHAVARAM_p8_i0.jpg,PRAKASAM_IWMP21_B.-MACHAVARAM.pdf,8,Prakasam,AP,water_conservation_structures,,,618,504,179.0,70.0,56.6,True,True,,True,ambiguous_promoted:monitoring_column_3_field_photo,,15.439972,79.907811,project_level,check_dam
PRAKASAM_IWMP22_MANGALIKUNTA_p7_i11.jpg,PRAKASAM_IWMP22_MANGALIKUNTA.pdf,7,Prakasam,AP,water_conservation_structures,,,618,371,299.0,59.9,46.5,True,True,,True,ambiguous_promoted:monitoring_column_3_field_photo,,15.646909,79.352202,project_level,check_dam
PRAKASAM_IWMP22_MANGALIKUNTA_p8_i9.jpg,PRAKASAM_IWMP22_MANGALIKUNTA.pdf,8,Prakasam,AP,unspecified,,,618,371,474.0,69.3,31.5,True,True,,True,ambiguous_promoted:monitoring_column_3_field_photo,,15.646909,79.352202,project_level,water_structure_other
PRAKASAM_IWMP22_MANGALIKUNTA_p9_i4.jpg,PRAKASAM_IWMP22_MANGALIKUNTA.pdf,9,Prakasam,AP,water_conservation_structures,,,618,504,245.0,41.6,79.3,True,True,,True,ambiguous_promoted:page_water_structure_keywords,,15.646909,79.352202,project_level,farm_pond
PRAKASAM_IWMP23_-TALAKONDAPADU_p7_i11.jpg,PRAKASAM_IWMP23_-TALAKONDAPADU.pdf,7,Prakasam,AP,water_conservation_structures,,,618,504,220.0,64.9,62.0,True,True,,True,ambiguous_promoted:monitoring_column_3_field_photo,,15.319788,79.571709,project_level,check_dam
PRAKASAM_IWMP23_-TALAKONDAPADU_p7_i3.jpg,PRAKASAM_IWMP23_-TALAKONDAPADU.pdf,7,Prakasam,AP,water_conservation_structures,,,618,504,127.0,35.3,53.2,True,True,,True,ambiguous_promoted:monitoring_column_3_field_photo,,15.319788,79.571709,project_level,check_dam
PRAKASAM_IWMP23_-TALAKONDAPADU_p8_i11.jpg,PRAKASAM_IWMP23_-TALAKONDAPADU.pdf,8,Prakasam,AP,water_conservation_structures,,,618,371,191.0,49.3,64.8,True,True,,True,ambiguous_promoted:monitoring_column_3_field_photo,,15.319788,79.571709,project_level,farm_pond
PRAKASAM_IWMP24_BHUPATHIPALLI_p7_i11.jpg,PRAKASAM_IWMP24_BHUPATHIPALLI.pdf,7,Prakasam,AP,water_conservation_structures,,,618,371,356.0,54.3,54.2,True,True,,True,ambiguous_promoted:monitoring_column_3_field_photo,,15.66519,79.190318,project_level,check_dam
PRAKASAM_IWMP24_BHUPATHIPALLI_p7_i3.jpg,PRAKASAM_IWMP24_BHUPATHIPALLI.pdf,7,Prakasam,AP,water_conservation_structures,,,618,504,239.0,47.9,33.2,True,True,,True,ambiguous_promoted:monitoring_column_3_field_photo,,15.66519,79.190318,project_level,check_dam
PRAKASAM_IWMP24_BHUPATHIPALLI_p8_i0.jpg,PRAKASAM_IWMP24_BHUPATHIPALLI.pdf,8,Prakasam,AP,unspecified,,,618,504,207.0,69.7,47.9,True,True,,True,ambiguous_promoted:monitoring_column_3_field_photo,,15.66519,79.190318,project_level,water_structure_other
PRAKASAM_IWMP24_BHUPATHIPALLI_p8_i11.jpg,PRAKASAM_IWMP24_BHUPATHIPALLI.pdf,8,Prakasam,AP,unspecified,,,618,464,156.0,53.2,67.1,True,True,,True,ambiguous_promoted:monitoring_column_3_field_photo,,15.66519,79.190318,project_level,water_structure_other
PRAKASAM_IWMP25_POTHAKAMURU_p7_i11.jpg,PRAKASAM_IWMP25_POTHAKAMURU.pdf,7,Prakasam,AP,water_conservation_structures,,,618,464,135.0,64.4,35.9,True,True,,True,ambiguous_promoted:monitoring_column_3_field_photo,,15.739907,79.744578,project_level,check_dam
PRAKASAM_IWMP25_POTHAKAMURU_p7_i3.jpg,PRAKASAM_IWMP25_POTHAKAMURU.pdf,7,Prakasam,AP,water_conservation_structures,,,618,464,208.0,60.5,42.8,True,True,,True,ambiguous_promoted:monitoring_column_3_field_photo,,15.739907,79.744578,project_level,check_dam
PRAKASAM_IWMP25_POTHAKAMURU_p8_i0.jpg,PRAKASAM_IWMP25_POTHAKAMURU.pdf,8,Prakasam,AP,water_conservation_structures,,,618,348,227.0,41.4,56.5,True,True,,True,ambiguous_promoted:monitoring_column_3_field_photo,,15.739907,79.744578,project_level,farm_pond
PRAKASAM_IWMP25_POTHAKAMURU_p8_i11.jpg,PRAKASAM_IWMP25_POTHAKAMURU.pdf,8,Prakasam,AP,water_conservation_structures,,,618,504,195.0,68.3,33.6,True,True,,True,ambiguous_promoted:monitoring_column_3_field_photo,,15.739907,79.744578,project_level,check_dam
PRAKASAM_IWMP26_KANKANALAPALLI_p7_i11.jpg,PRAKASAM_IWMP26_KANKANALAPALLI.pdf,7,Prakasam,AP,water_conservation_structures,,,618,350,245.0,41.5,55.7,True,True,,True,ambiguous_promoted:monitoring_column_3_field_photo,,,,no_coordinate_available,farm_pond
PRAKASAM_IWMP26_KANKANALAPALLI_p7_i3.jpg,PRAKASAM_IWMP26_KANKANALAPALLI.pdf,7,Prakasam,AP,water_conservation_structures,,,618,464,275.0,57.0,66.2,True,True,,True,ambiguous_promoted:monitoring_column_3_field_photo,,,,no_coordinate_available,farm_pond
PRAKASAM_IWMP26_KANKANALAPALLI_p8_i11.jpg,PRAKASAM_IWMP26_KANKANALAPALLI.pdf,8,Prakasam,AP,water_conservation_structures,,,618,504,259.0,65.8,66.7,True,True,,True,ambiguous_promoted:monitoring_column_3_field_photo,,,,no_coordinate_available,farm_pond
PRAKASAM_IWMP27_-KAKARLA_p7_i11.jpg,PRAKASAM_IWMP27_-KAKARLA.pdf,7,Prakasam,AP,water_conservation_structures,,,640,480,166.0,41.4,40.3,True,True,,True,ambiguous_promoted:monitoring_column_3_field_photo,,15.530152,79.785058,project_level,farm_pond
PRAKASAM_IWMP27_-KAKARLA_p7_i3.jpg,PRAKASAM_IWMP27_-KAKARLA.pdf,7,Prakasam,AP,water_conservation_structures,,,640,480,151.0,52.3,45.8,True,True,,True,ambiguous_promoted:monitoring_column_3_field_photo,,15.530152,79.785058,project_level,farm_pond
PRAKASAM_IWMP27_-KAKARLA_p8_i0.jpg,PRAKASAM_IWMP27_-KAKARLA.pdf,8,Prakasam,AP,water_conservation_structures,,,640,480,150.0,59.1,33.8,True,True,,True,ambiguous_promoted:monitoring_column_3_field_photo,,15.530152,79.785058,project_level,farm_pond
PRAKASAM_IWMP27_-KAKARLA_p9_i4.jpg,PRAKASAM_IWMP27_-KAKARLA.pdf,9,Prakasam,AP,unspecified,,,640,480,191.0,37.6,52.4,True,True,,True,ambiguous_promoted:page_water_structure_keywords,,15.530152,79.785058,project_level,farm_pond
PRAKASAM_IWMP28_KONANKI_p8_i0.jpg,PRAKASAM_IWMP28_KONANKI.pdf,8,Prakasam,AP,vegetation_changes,,,618,504,258.0,56.9,51.8,True,True,,True,ambiguous_promoted:monitoring_column_3_field_photo,,15.920701,80.103964,project_level,plantation
PRAKASAM_IWMP28_KONANKI_p8_i11.jpg,PRAKASAM_IWMP28_KONANKI.pdf,8,Prakasam,AP,vegetation_changes,,,618,464,680.0,39.7,56.3,True,True,,True,ambiguous_promoted:monitoring_column_3_field_photo,,15.920701,80.103964,project_level,plantation
PRAKASAM_IWMP29_KONDAMURU_p7_i3.jpg,PRAKASAM_IWMP29_KONDAMURU.pdf,7,Prakasam,AP,water_conservation_structures,,,618,371,139.0,42.2,67.8,True,True,,True,ambiguous_promoted:monitoring_column_3_field_photo,,15.843266,80.081514,project_level,farm_pond
PRAKASAM_IWMP29_KONDAMURU_p8_i0.jpg,PRAKASAM_IWMP29_KONDAMURU.pdf,8,Prakasam,AP,unspecified,,,618,371,148.0,40.0,53.4,True,True,,True,ambiguous_promoted:monitoring_column_3_field_photo,,15.843266,80.081514,project_level,farm_pond
PRAKASAM_IWMP30_CHINNA-KUMBUM_p7_i11.jpg,PRAKASAM_IWMP30_CHINNA-KUMBUM.pdf,7,Prakasam,AP,water_conservation_structures,,,623,468,258.0,69.6,43.7,True,True,,True,ambiguous_promoted:monitoring_column_3_field_photo,,15.546552,79.02521,project_level,gabion_structure
PRAKASAM_IWMP30_CHINNA-KUMBUM_p7_i3.jpg,PRAKASAM_IWMP30_CHINNA-KUMBUM.pdf,7,Prakasam,AP,water_conservation_structures,,,618,504,335.0,64.4,34.9,True,True,,True,ambiguous_promoted:monitoring_column_3_field_photo,,15.546552,79.02521,project_level,percolation_tank
PRAKASAM_IWMP31_-NELATUR_p7_i3.jpg,PRAKASAM_IWMP31_-NELATUR.pdf,7,Prakasam,AP,water_conservation_structures,,,618,371,393.0,53.3,34.5,True,True,,True,ambiguous_promoted:monitoring_column_3_field_photo,,15.608077,79.981787,project_level,percolation_tank
PRAKASAM_IWMP31_-NELATUR_p8_i0.jpg,PRAKASAM_IWMP31_-NELATUR.pdf,8,Prakasam,AP,vegetation_changes,,,618,504,288.0,62.5,67.1,True,True,,True,ambiguous_promoted:monitoring_column_3_field_photo,,15.608077,79.981787,project_level,plantation
PRAKASAM_IWMP31_-NELATUR_p8_i11.jpg,PRAKASAM_IWMP31_-NELATUR.pdf,8,Prakasam,AP,vegetation_changes,,,618,464,347.0,61.2,42.4,True,True,,True,ambiguous_promoted:monitoring_column_3_field_photo,,15.608077,79.981787,project_level,plantation
PRAKASAM_IWMP32_-RACHERLA_p7_i3.jpg,PRAKASAM_IWMP32_-RACHERLA.pdf,7,Prakasam,AP,water_conservation_structures,,,618,350,344.0,56.8,56.0,True,True,,True,ambiguous_promoted:monitoring_column_3_field_photo,,15.479544,78.972165,project_level,check_dam
PRAKASAM_IWMP32_-RACHERLA_p8_i0.jpg,PRAKASAM_IWMP32_-RACHERLA.pdf,8,Prakasam,AP,water_conservation_structures,,,618,504,346.0,54.9,58.6,True,True,,True,ambiguous_promoted:monitoring_column_3_field_photo,,15.479544,78.972165,project_level,water_structure_other
PRAKASAM_IWMP32_-RACHERLA_p8_i9.jpg,PRAKASAM_IWMP32_-RACHERLA.pdf,8,Prakasam,AP,water_conservation_structures,,,618,348,354.0,39.7,44.6,True,True,,True,ambiguous_promoted:monitoring_column_3_field_photo,,15.479544,78.972165,project_level,percolation_tank
PRAKASAM_IWMP49_KOTAPADU_p8_i11.jpg,PRAKASAM_IWMP49_KOTAPADU.pdf,8,Prakasam,AP,water_conservation_structures,,,618,504,145.0,56.3,44.5,True,True,,True,ambiguous_promoted:monitoring_column_3_field_photo,,15.326497,79.034091,project_level,percolation_tank
PRAKASAM_IWMP49_KOTAPADU_p8_i3.jpg,PRAKASAM_IWMP49_KOTAPADU.pdf,8,Prakasam,AP,water_conservation_structures,,,618,504,237.0,54.9,36.1,True,True,,True,ambiguous_promoted:monitoring_column_3_field_photo,,15.326497,79.034091,project_level,percolation_tank
PRAKASAM_IWMP49_KOTAPADU_p9_i9.jpg,PRAKASAM_IWMP49_KOTAPADU.pdf,9,Prakasam,AP,water_conservation_structures,,,618,504,123.0,48.3,40.7,True,True,,True,ambiguous_promoted:monitoring_column_3_field_photo,,15.326497,79.034091,project_level,farm_pond
PRAKASAM_IWMP50_DYVALARAVURU_p8_i3.jpg,PRAKASAM_IWMP50_DYVALARAVURU.pdf,8,Prakasam,AP,water_conservation_structures,,,618,504,224.0,58.6,35.3,True,True,,True,ambiguous_promoted:monitoring_column_3_field_photo,,,,no_coordinate_available,farm_pond
PRAKASAM_IWMP51_CHANDRAPADU_p8_i11.jpg,PRAKASAM_IWMP51_CHANDRAPADU.pdf,8,Prakasam,AP,water_conservation_structures,,,618,504,173.0,35.1,40.1,True,True,,True,ambiguous_promoted:monitoring_column_3_field_photo,,15.802315,79.607142,project_level,check_dam
PRAKASAM_IWMP51_CHANDRAPADU_p8_i3.jpg,PRAKASAM_IWMP51_CHANDRAPADU.pdf,8,Prakasam,AP,water_conservation_structures,,,618,504,146.0,47.9,55.0,True,True,,True,ambiguous_promoted:monitoring_column_3_field_photo,,15.802315,79.607142,project_level,check_dam
PRAKASAM_IWMP51_CHANDRAPADU_p9_i0.jpg,PRAKASAM_IWMP51_CHANDRAPADU.pdf,9,Prakasam,AP,water_conservation_structures,,,618,504,179.0,34.8,74.1,True,True,,True,ambiguous_promoted:monitoring_column_3_field_photo,,15.802315,79.607142,project_level,check_dam
PRAKASAM_IWMP51_CHANDRAPADU_p9_i9.jpg,PRAKASAM_IWMP51_CHANDRAPADU.pdf,9,Prakasam,AP,water_conservation_structures,,,618,504,202.0,68.9,43.1,True,True,,True,ambiguous_promoted:monitoring_column_3_field_photo,,15.802315,79.607142,project_level,check_dam
PRAKASAM_IWMP52_NALLAGUNTA_p8_i11.jpg,PRAKASAM_IWMP52_NALLAGUNTA.pdf,8,Prakasam,AP,water_conservation_structures,,,618,504,199.0,58.5,64.2,True,True,,True,ambiguous_promoted:monitoring_column_3_field_photo,,15.307404,79.01946,project_level,farm_pond
PRAKASAM_IWMP52_NALLAGUNTA_p8_i3.jpg,PRAKASAM_IWMP52_NALLAGUNTA.pdf,8,Prakasam,AP,water_conservation_structures,,,618,508,329.0,70.4,45.2,True,True,,True,ambiguous_promoted:monitoring_column_3_field_photo,,15.307404,79.01946,project_level,farm_pond
PRAKASAM_IWMP52_NALLAGUNTA_p9_i9.jpg,PRAKASAM_IWMP52_NALLAGUNTA.pdf,9,Prakasam,AP,water_conservation_structures,,,618,504,303.0,61.9,33.4,True,True,,True,ambiguous_promoted:monitoring_column_3_field_photo,,15.307404,79.01946,project_level,farm_pond
SRIKAKULAM-IWMP-01-KALLADA_p10_i0.jpg,SRIKAKULAM-IWMP-01-KALLADA.pdf,10,Srikakulam,AP,water_conservation_structures,,,618,504,163.0,66.9,42.1,True,True,,True,ambiguous_promoted:monitoring_column_3_field_photo,,,,no_coordinate_available,percolation_tank
SRIKAKULAM-IWMP-01-KALLADA_p10_i9.jpg,SRIKAKULAM-IWMP-01-KALLADA.pdf,10,Srikakulam,AP,water_conservation_structures,,,618,504,277.0,59.5,58.9,True,True,,True,ambiguous_promoted:monitoring_column_3_field_photo,,,,no_coordinate_available,percolation_tank
SRIKAKULAM-IWMP-01-KALLADA_p9_i13.jpg,SRIKAKULAM-IWMP-01-KALLADA.pdf,9,Srikakulam,AP,water_conservation_structures,,,618,464,241.0,45.9,32.8,True,True,,True,ambiguous_promoted:monitoring_column_3_field_photo,,,,no_coordinate_available,farm_pond
SRIKAKULAM-IWMP-01-KALLADA_p9_i5.jpg,SRIKAKULAM-IWMP-01-KALLADA.pdf,9,Srikakulam,AP,water_conservation_structures,,,618,504,406.0,71.7,49.5,True,True,,True,ambiguous_promoted:monitoring_column_3_field_photo,,,,no_coordinate_available,farm_pond
SRIKAKULAM-IWMP-02-LAVERU_p7_i13.jpg,SRIKAKULAM-IWMP-02-LAVERU.pdf,7,Srikakulam,AP,water_conservation_structures,,,618,504,417.0,56.8,51.3,True,True,,True,ambiguous_promoted:monitoring_column_3_field_photo,,,,no_coordinate_available,check_dam
SRIKAKULAM-IWMP-02-LAVERU_p7_i5.jpg,SRIKAKULAM-IWMP-02-LAVERU.pdf,7,Srikakulam,AP,water_conservation_structures,,,618,504,349.0,49.2,54.9,True,True,,True,ambiguous_promoted:monitoring_column_3_field_photo,,,,no_coordinate_available,check_dam
SRIKAKULAM-IWMP-02-LAVERU_p8_i0.jpg,SRIKAKULAM-IWMP-02-LAVERU.pdf,8,Srikakulam,AP,water_conservation_structures,,,618,504,325.0,30.1,54.0,True,True,,True,ambiguous_promoted:monitoring_column_3_field_photo,,,,no_coordinate_available,farm_pond
SRIKAKULAM-IWMP-03-KONDALOGAM_p10_i13.jpg,SRIKAKULAM-IWMP-03-KONDALOGAM.pdf,10,Srikakulam,AP,water_conservation_structures,,,618,504,344.0,66.0,55.0,True,True,,True,ambiguous_promoted:monitoring_column_3_field_photo,,,,no_coordinate_available,check_dam
SRIKAKULAM-IWMP-03-KONDALOGAM_p11_i0.jpg,SRIKAKULAM-IWMP-03-KONDALOGAM.pdf,11,Srikakulam,AP,water_conservation_structures,,,618,504,373.0,48.8,73.6,True,True,,True,ambiguous_promoted:monitoring_column_3_field_photo,,,,no_coordinate_available,farm_pond
SRIKAKULAM-IWMP-03-KONDALOGAM_p11_i9.jpg,SRIKAKULAM-IWMP-03-KONDALOGAM.pdf,11,Srikakulam,AP,water_conservation_structures,,,618,504,236.0,70.0,46.9,True,True,,True,ambiguous_promoted:monitoring_column_3_field_photo,,,,no_coordinate_available,farm_pond
SRIKAKULAM-IWMP-03-KONDALOGAM_p12_i9.jpg,SRIKAKULAM-IWMP-03-KONDALOGAM.pdf,12,Srikakulam,AP,water_conservation_structures,,,618,504,455.0,66.9,32.3,True,True,,True,ambiguous_promoted:monitoring_column_3_field_photo,,,,no_coordinate_available,farm_pond
SRIKAKULAM-IWMP-04-J.L.KOTA__p11_i13.jpg,SRIKAKULAM-IWMP-04-J.L.KOTA_.pdf,11,Srikakulam,AP,water_conservation_structures,,,618,504,354.0,40.5,39.6,True,True,,True,ambiguous_promoted:monitoring_column_3_field_photo,,,,no_coordinate_available,check_dam
SRIKAKULAM-IWMP-04-J.L.KOTA__p11_i5.jpg,SRIKAKULAM-IWMP-04-J.L.KOTA_.pdf,11,Srikakulam,AP,water_conservation_structures,,,618,504,221.0,65.6,48.2,True,True,,True,ambiguous_promoted:monitoring_column_3_field_photo,,,,no_coordinate_available,check_dam
SRIKAKULAM-IWMP-04-J.L.KOTA__p12_i0.jpg,SRIKAKULAM-IWMP-04-J.L.KOTA_.pdf,12,Srikakulam,AP,water_conservation_structures,,,618,504,367.0,48.8,73.6,True,True,,True,ambiguous_promoted:monitoring_column_3_field_photo,,,,no_coordinate_available,farm_pond
SRIKAKULAM-IWMP-04-J.L.KOTA__p12_i9.jpg,SRIKAKULAM-IWMP-04-J.L.KOTA_.pdf,12,Srikakulam,AP,water_conservation_structures,,,618,504,421.0,46.5,52.9,True,True,,True,ambiguous_promoted:monitoring_column_3_field_photo,,,,no_coordinate_available,farm_pond
SRIKAKULAM_IWMP-05_KONDAVOGUR_p7_i5.jpg,SRIKAKULAM_IWMP-05_KONDAVOGUR.pdf,7,Srikakulam,AP,water_conservation_structures,,,618,464,560.0,54.0,42.3,True,True,,True,ambiguous_promoted:monitoring_column_3_field_photo,,18.748037,84.464791,project_level,farm_pond
SRIKAKULAM_IWMP-05_KONDAVOGUR_p8_i0.jpg,SRIKAKULAM_IWMP-05_KONDAVOGUR.pdf,8,Srikakulam,AP,water_conservation_structures,,,618,504,201.0,43.6,52.7,True,True,,True,ambiguous_promoted:monitoring_column_3_field_photo,,18.748037,84.464791,project_level,farm_pond
SRIKAKULAM_IWMP-06_MUDDADA_p7_i5.jpg,SRIKAKULAM_IWMP-06_MUDDADA.pdf,7,Srikakulam,AP,water_conservation_structures,,,618,348,443.0,58.9,56.4,True,True,,True,ambiguous_promoted:monitoring_column_3_field_photo,,18.241821,83.828846,project_level,farm_pond
SRIKAKULAM_IWMP-06_MUDDADA_p8_i0.jpg,SRIKAKULAM_IWMP-06_MUDDADA.pdf,8,Srikakulam,AP,water_conservation_structures,,,618,348,273.0,54.5,67.4,True,True,,True,ambiguous_promoted:monitoring_column_3_field_photo,,18.241821,83.828846,project_level,farm_pond
SRIKAKULAM_IWMP-07_BIRLANGI_p7_i13.jpg,SRIKAKULAM_IWMP-07_BIRLANGI.pdf,7,Srikakulam,AP,water_conservation_structures,,,605,504,271.0,66.9,48.4,True,True,,True,ambiguous_promoted:monitoring_column_3_field_photo,,19.098786,84.644331,project_level,plantation
SRIKAKULAM_IWMP-07_BIRLANGI_p8_i9.jpg,SRIKAKULAM_IWMP-07_BIRLANGI.pdf,8,Srikakulam,AP,water_conservation_structures,,,618,464,279.0,48.7,54.5,True,True,,True,ambiguous_promoted:monitoring_column_3_field_photo,,19.098786,84.644331,project_level,farm_pond
SRIKAKULAM_IWMP-08_-SANCHAM_p7_i3.jpg,SRIKAKULAM_IWMP-08_-SANCHAM.pdf,7,Srikakulam,AP,water_conservation_structures,,,605,340,329.0,55.9,70.3,True,True,,True,ambiguous_promoted:monitoring_column_3_field_photo,,18.118591,83.647486,project_level,farm_pond
SRIKAKULAM_IWMP-08_-SANCHAM_p8_i0.jpg,SRIKAKULAM_IWMP-08_-SANCHAM.pdf,8,Srikakulam,AP,water_conservation_structures,,,618,348,269.0,59.9,24.3,True,True,,True,ambiguous_promoted:monitoring_column_3_field_photo,,18.118591,83.647486,project_level,percolation_tank
SRIKAKULAM_IWMP-09_PALAVALASA_p7_i3.jpg,SRIKAKULAM_IWMP-09_PALAVALASA.pdf,7,Srikakulam,AP,water_conservation_structures,,,618,464,269.0,50.0,41.6,True,True,,True,ambiguous_promoted:monitoring_column_3_field_photo,,18.952626,84.515092,project_level,farm_pond
SRIKAKULAM_IWMP-09_PALAVALASA_p8_i0.jpg,SRIKAKULAM_IWMP-09_PALAVALASA.pdf,8,Srikakulam,AP,water_conservation_structures,,,618,464,154.0,43.8,75.2,True,True,,True,ambiguous_promoted:monitoring_column_3_field_photo,,18.952626,84.515092,project_level,farm_pond
SRIKAKULAM_IWMP-10_AMBUGAM_p8_i13.jpg,SRIKAKULAM_IWMP-10_AMBUGAM.pdf,8,Srikakulam,AP,water_conservation_structures,,,615,502,350.0,68.1,32.6,True,True,,True,ambiguous_promoted:monitoring_column_3_field_photo,,18.824062,84.493524,project_level,check_dam
SRIKAKULAM_IWMP-10_AMBUGAM_p8_i6.jpg,SRIKAKULAM_IWMP-10_AMBUGAM.pdf,8,Srikakulam,AP,water_conservation_structures,,,615,369,348.0,54.3,35.7,True,True,,True,ambiguous_promoted:monitoring_column_3_field_photo,,18.824062,84.493524,project_level,check_dam
SRIKAKULAM_IWMP-10_AMBUGAM_p9_i9.jpg,SRIKAKULAM_IWMP-10_AMBUGAM.pdf,9,Srikakulam,AP,water_conservation_structures,,,615,502,162.0,61.4,36.4,True,True,,True,ambiguous_promoted:monitoring_column_3_field_photo,,18.824062,84.493524,project_level,check_dam
SRIKAKULAM_IWMP-11_TARLAKOTA_p8_i13.jpg,SRIKAKULAM_IWMP-11_TARLAKOTA.pdf,8,Srikakulam,AP,water_conservation_structures,,,615,502,376.0,44.5,38.4,True,True,,True,ambiguous_promoted:monitoring_column_3_field_photo,,18.821836,84.376456,project_level,farm_pond
SRIKAKULAM_IWMP-11_TARLAKOTA_p9_i0.jpg,SRIKAKULAM_IWMP-11_TARLAKOTA.pdf,9,Srikakulam,AP,water_conservation_structures,,,615,502,221.0,58.1,35.5,True,True,,True,ambiguous_promoted:monitoring_column_3_field_photo,,18.821836,84.376456,project_level,farm_pond
SRIKAKULAM_IWMP-11_TARLAKOTA_p9_i9.jpg,SRIKAKULAM_IWMP-11_TARLAKOTA.pdf,9,Srikakulam,AP,water_conservation_structures,,,615,502,169.0,36.4,37.4,True,True,,True,ambiguous_promoted:monitoring_column_3_field_photo,,18.821836,84.376456,project_level,farm_pond
SRIKAKULAM_IWMP-12_ADDANGI_p10_i9.jpg,SRIKAKULAM_IWMP-12_ADDANGI.pdf,10,Srikakulam,AP,water_conservation_structures,,,618,504,409.0,58.0,51.9,True,True,,True,ambiguous_promoted:monitoring_column_3_field_photo,,18.727034,83.926704,project_level,farm_pond
SRIKAKULAM_IWMP-13_MANDA_p9_i0.jpg,SRIKAKULAM_IWMP-13_MANDA.pdf,9,Srikakulam,AP,water_conservation_structures,,,618,504,409.0,63.5,42.1,True,True,,True,ambiguous_promoted:monitoring_column_3_field_photo,,18.677867,83.794763,project_level,percolation_tank
SRIKAKULAM_IWMP-13_MANDA_p9_i9.jpg,SRIKAKULAM_IWMP-13_MANDA.pdf,9,Srikakulam,AP,water_conservation_structures,,,618,504,478.0,83.4,32.1,True,True,,True,ambiguous_promoted:monitoring_column_3_field_photo,,18.677867,83.794763,project_level,percolation_tank
SRIKAKULAM_IWMP-14_JODURU_p10_i13.jpg,SRIKAKULAM_IWMP-14_JODURU.pdf,10,Srikakulam,AP,water_conservation_structures,,,605,504,194.0,71.1,31.9,True,True,,True,ambiguous_promoted:monitoring_column_3_field_photo,,18.749322,84.248746,project_level,percolation_tank
SRIKAKULAM_IWMP-14_JODURU_p10_i5.jpg,SRIKAKULAM_IWMP-14_JODURU.pdf,10,Srikakulam,AP,water_conservation_structures,,,618,464,367.0,58.0,52.3,True,True,,True,ambiguous_promoted:monitoring_column_3_field_photo,,18.749322,84.248746,project_level,percolation_tank
SRIKAKULAM_IWMP-14_JODURU_p8_i18.jpg,SRIKAKULAM_IWMP-14_JODURU.pdf,8,Srikakulam,AP,water_conservation_structures,,,692,519,343.0,67.3,50.2,True,True,,True,ambiguous_promoted:monitoring_column_3_field_photo,,18.749322,84.248746,project_level,farm_pond
SRIKAKULAM_IWMP_16_JAMPARAKOTA_p9_i13.jpg,SRIKAKULAM_IWMP_16_JAMPARAKOTA.pdf,9,Srikakulam,AP,water_conservation_structures,,,615,502,410.0,52.1,38.0,True,True,,True,ambiguous_promoted:monitoring_column_3_field_photo,,18.619927,83.752589,project_level,check_dam
SRIKAKULAM_IWMP_18_POLLA_p8_i13.jpg,SRIKAKULAM_IWMP_18_POLLA.pdf,8,Srikakulam,AP,water_conservation_structures,,,615,502,406.0,51.6,37.1,True,True,,True,ambiguous_promoted:monitoring_column_3_field_photo,,18.762238,83.665542,project_level,check_dam
SRIKAKULAM_IWMP_18_POLLA_p8_i6.jpg,SRIKAKULAM_IWMP_18_POLLA.pdf,8,Srikakulam,AP,water_conservation_structures,,,615,502,358.0,52.8,34.7,True,True,,True,ambiguous_promoted:monitoring_column_3_field_photo,,18.762238,83.665542,project_level,check_dam
SRIKAKULAM_IWMP_19_PEDDASUNNAPURAM_p8_i6.jpg,SRIKAKULAM_IWMP_19_PEDDASUNNAPURAM.pdf,8,Srikakulam,AP,water_conservation_structures,,,615,502,697.0,54.0,53.3,True,True,,True,ambiguous_promoted:monitoring_column_3_field_photo,,14.355432,77.84741,project_level,check_dam
SRIKAKULAM_IWMP_20_NALLARAIGUDA_p8_i13.jpg,SRIKAKULAM_IWMP_20_NALLARAIGUDA.pdf,8,Srikakulam,AP,water_conservation_structures,,,615,502,244.0,48.6,52.5,True,True,,True,ambiguous_promoted:monitoring_column_3_field_photo,,18.909474,83.840906,project_level,farm_pond
SRIKAKULAM_IWMP_20_NALLARAIGUDA_p8_i6.jpg,SRIKAKULAM_IWMP_20_NALLARAIGUDA.pdf,8,Srikakulam,AP,water_conservation_structures,,,615,502,173.0,40.9,71.4,True,True,,True,ambiguous_promoted:monitoring_column_3_field_photo,,18.909474,83.840906,project_level,farm_pond
SRIKAKULAM_IWMP_20_NALLARAIGUDA_p9_i13.jpg,SRIKAKULAM_IWMP_20_NALLARAIGUDA.pdf,9,Srikakulam,AP,water_conservation_structures,,,615,502,344.0,49.1,67.9,True,True,,True,ambiguous_promoted:monitoring_column_3_field_photo,,18.909474,83.840906,project_level,farm_pond
SRIKAKULAM_IWMP_21_RAYALA_p10_i13.jpg,SRIKAKULAM_IWMP_21_RAYALA.pdf,10,Srikakulam,AP,water_conservation_structures,,,615,502,305.0,49.7,80.6,True,True,,True,ambiguous_promoted:monitoring_column_3_field_photo,,18.762211,83.981508,project_level,percolation_tank
SRIKAKULAM_IWMP_21_RAYALA_p10_i6.jpg,SRIKAKULAM_IWMP_21_RAYALA.pdf,10,Srikakulam,AP,water_conservation_structures,,,615,502,287.0,69.7,44.5,True,True,,True,ambiguous_promoted:monitoring_column_3_field_photo,,18.762211,83.981508,project_level,percolation_tank
SRIKAKULAM_IWMP_21_RAYALA_p9_i6.jpg,SRIKAKULAM_IWMP_21_RAYALA.pdf,9,Srikakulam,AP,water_conservation_structures,,,615,502,449.0,68.6,38.6,True,True,,True,ambiguous_promoted:monitoring_column_3_field_photo,,18.762211,83.981508,project_level,check_dam
SRIKAKULAM_IWMP_22_KONCHA_p10_i13.jpg,SRIKAKULAM_IWMP_22_KONCHA.pdf,10,Srikakulam,AP,water_conservation_structures,,,615,502,425.0,59.0,36.9,True,True,,True,ambiguous_promoted:monitoring_column_3_field_photo,,18.683432,83.673878,project_level,percolation_tank
SRIKAKULAM_IWMP_22_KONCHA_p10_i6.jpg,SRIKAKULAM_IWMP_22_KONCHA.pdf,10,Srikakulam,AP,water_conservation_structures,,,615,502,336.0,65.5,60.7,True,True,,True,ambiguous_promoted:monitoring_column_3_field_photo,,18.683432,83.673878,project_level,percolation_tank
SRIKAKULAM_IWMP_23_GOWDAGURANTI_p8_i6.jpg,SRIKAKULAM_IWMP_23_GOWDAGURANTI.pdf,8,Srikakulam,AP,water_conservation_structures,,,615,502,118.0,74.1,48.7,True,True,,True,ambiguous_promoted:monitoring_column_3_field_photo,,18.908539,84.440353,project_level,percolation_tank
SRIKAKULAM_IWMP_23_GOWDAGURANTI_p9_i13.jpg,SRIKAKULAM_IWMP_23_GOWDAGURANTI.pdf,9,Srikakulam,AP,water_conservation_structures,,,615,502,301.0,74.7,39.5,True,True,,True,ambiguous_promoted:monitoring_column_3_field_photo,,18.908539,84.440353,project_level,percolation_tank
SRIKAKULAM_IWMP_23_GOWDAGURANTI_p9_i6.jpg,SRIKAKULAM_IWMP_23_GOWDAGURANTI.pdf,9,Srikakulam,AP,water_conservation_structures,,,615,502,339.0,47.5,45.4,True,True,,True,ambiguous_promoted:monitoring_column_3_field_photo,,18.908539,84.440353,project_level,percolation_tank
SRIKAKULAM_IWMP_24_CHINNAGORA_p10_i6.jpg,SRIKAKULAM_IWMP_24_CHINNAGORA.pdf,10,Srikakulam,AP,water_conservation_structures,,,615,502,394.0,54.2,48.6,True,True,,True,ambiguous_promoted:monitoring_column_3_field_photo,,18.742049,83.591736,project_level,percolation_tank
SRIKAKULAM_IWMP_24_CHINNAGORA_p9_i6.jpg,SRIKAKULAM_IWMP_24_CHINNAGORA.pdf,9,Srikakulam,AP,vegetation_changes,,,615,502,656.0,54.0,34.2,True,True,,True,ambiguous_promoted:monitoring_column_3_field_photo,,18.742049,83.591736,project_level,plantation
VIZIANAGARAM_IWMP_02_THONAMMicro_p8_i13.jpg,VIZIANAGARAM_IWMP_02_THONAMMicro.pdf,8,Vizianagaram,AP,water_conservation_structures,,,618,504,377.0,76.5,19.5,True,True,,True,ambiguous_promoted:monitoring_column_3_field_photo,,18.651897,83.128415,project_level,water_structure_other
VIZIANAGARAM_IWMP_04_VANAJAMicro_p8_i13.jpg,VIZIANAGARAM_IWMP_04_VANAJAMicro.pdf,8,Vizianagaram,AP,water_conservation_structures,,,618,464,269.0,43.7,80.9,True,True,,True,ambiguous_promoted:monitoring_column_3_field_photo,,18.824931,83.60306,project_level,farm_pond
VIZIANAGARAM_IWMP_04_VANAJAMicro_p8_i5.jpg,VIZIANAGARAM_IWMP_04_VANAJAMicro.pdf,8,Vizianagaram,AP,water_conservation_structures,,,618,504,550.0,41.7,49.8,True,True,,True,ambiguous_promoted:monitoring_column_3_field_photo,,18.824931,83.60306,project_level,farm_pond
VIZIANAGARAM_IWMP_04_VANAJAMicro_p9_i0.jpg,VIZIANAGARAM_IWMP_04_VANAJAMicro.pdf,9,Vizianagaram,AP,water_conservation_structures,,,618,504,316.0,38.8,83.8,True,True,,True,ambiguous_promoted:monitoring_column_3_field_photo,,18.824931,83.60306,project_level,farm_pond
VIZIANAGARAM_IWMP_04_VANAJAMicro_p9_i9.jpg,VIZIANAGARAM_IWMP_04_VANAJAMicro.pdf,9,Vizianagaram,AP,water_conservation_structures,,,618,464,201.0,46.7,46.8,True,True,,True,ambiguous_promoted:monitoring_column_3_field_photo,,18.824931,83.60306,project_level,farm_pond
VIZIANAGARAM_IWMP_10_DOKISEELA_p8_i11.jpg,VIZIANAGARAM_IWMP_10_DOKISEELA.pdf,8,Vizianagaram,AP,water_conservation_structures,,,618,464,448.0,68.1,37.9,True,True,,True,ambiguous_promoted:monitoring_column_3_field_photo,,18.76143,83.264458,project_level,check_dam
VIZIANAGARAM_IWMP_10_DOKISEELA_p8_i3.jpg,VIZIANAGARAM_IWMP_10_DOKISEELA.pdf,8,Vizianagaram,AP,water_conservation_structures,,,618,348,496.0,68.8,32.1,True,True,,True,ambiguous_promoted:monitoring_column_3_field_photo,,18.76143,83.264458,project_level,check_dam
VIZIANAGARAM_IWMP_6_DUGGERU_p8_i13.jpg,VIZIANAGARAM_IWMP_6_DUGGERU.pdf,8,Vizianagaram,AP,water_conservation_structures,,,618,504,253.0,75.9,31.4,True,True,,True,ambiguous_promoted:monitoring_column_3_field_photo,,18.76901,83.174276,project_level,farm_pond
VIZIANAGARAM_IWMP_6_DUGGERU_p8_i5.jpg,VIZIANAGARAM_IWMP_6_DUGGERU.pdf,8,Vizianagaram,AP,water_conservation_structures,,,618,504,316.0,72.2,23.9,True,True,,True,ambiguous_promoted:monitoring_column_3_field_photo,,18.76901,83.174276,project_level,farm_pond
VIZIANAGARAM_IWMP_6_DUGGERU_p9_i9.jpg,VIZIANAGARAM_IWMP_6_DUGGERU.pdf,9,Vizianagaram,AP,water_conservation_structures,,,618,504,265.0,79.7,35.1,True,True,,True,ambiguous_promoted:monitoring_column_3_field_photo,,18.76901,83.174276,project_level,farm_pond
VIZIANAGARAM_IWMP_7_PUDI_p8_i13.jpg,VIZIANAGARAM_IWMP_7_PUDI.pdf,8,Vizianagaram,AP,water_conservation_structures,,,618,504,294.0,73.3,63.8,True,True,,True,ambiguous_promoted:monitoring_column_3_field_photo,,18.446384,83.146324,project_level,percolation_tank
VIZIANAGARAM_IWMP_7_PUDI_p8_i5.jpg,VIZIANAGARAM_IWMP_7_PUDI.pdf,8,Vizianagaram,AP,water_conservation_structures,,,618,504,402.0,68.3,44.5,True,True,,True,ambiguous_promoted:monitoring_column_3_field_photo,,18.446384,83.146324,project_level,percolation_tank
VIZIANAGARAM_IWMP_7_PUDI_p9_i0.jpg,VIZIANAGARAM_IWMP_7_PUDI.pdf,9,Vizianagaram,AP,water_conservation_structures,,,618,504,281.0,80.8,45.8,True,True,,True,ambiguous_promoted:monitoring_column_3_field_photo,,18.446384,83.146324,project_level,percolation_tank
VIZIANAGARAM_IWMP_7_PUDI_p9_i9.jpg,VIZIANAGARAM_IWMP_7_PUDI.pdf,9,Vizianagaram,AP,water_conservation_structures,,,618,504,352.0,54.6,55.7,True,True,,True,ambiguous_promoted:monitoring_column_3_field_photo,,18.446384,83.146324,project_level,percolation_tank
VIZIANAGARAM_IWMP_8_NEELAKANTAPURAM_p8_i13.jpg,VIZIANAGARAM_IWMP_8_NEELAKANTAPURAM.pdf,8,Vizianagaram,AP,water_conservation_structures,,,618,504,291.0,63.4,66.9,True,True,,True,ambiguous_promoted:monitoring_column_3_field_photo,,18.877878,83.675412,project_level,percolation_tank
VIZIANAGARAM_IWMP_8_NEELAKANTAPURAM_p8_i5.jpg,VIZIANAGARAM_IWMP_8_NEELAKANTAPURAM.pdf,8,Vizianagaram,AP,water_conservation_structures,,,618,504,278.0,55.2,50.3,True,True,,True,ambiguous_promoted:monitoring_column_3_field_photo,,18.877878,83.675412,project_level,percolation_tank
VIZIANAGARAM_IWMP_8_NEELAKANTAPURAM_p9_i0.jpg,VIZIANAGARAM_IWMP_8_NEELAKANTAPURAM.pdf,9,Vizianagaram,AP,water_conservation_structures,,,618,504,491.0,45.0,62.9,True,True,,True,ambiguous_promoted:monitoring_column_3_field_photo,,18.877878,83.675412,project_level,farm_pond
VIZIANAGARAM_IWMP_8_NEELAKANTAPURAM_p9_i9.jpg,VIZIANAGARAM_IWMP_8_NEELAKANTAPURAM.pdf,9,Vizianagaram,AP,water_conservation_structures,,,618,504,334.0,66.3,61.3,True,True,,True,ambiguous_promoted:monitoring_column_3_field_photo,,18.877878,83.675412,project_level,farm_pond
Visakhapatnam_IWMP_01_SANTHARI_p9_i9.jpg,Visakhapatnam_IWMP_01_SANTHARI.pdf,9,Visakhapatnam,AP,unspecified,,,615,502,1366.0,67.9,29.5,True,True,,True,ambiguous_promoted:monitoring_column_3_field_photo,,18.160648,82.784138,project_level,water_structure_other
Visakhapatnam_IWMP_02_GEMMILI_p8_i13.jpg,Visakhapatnam_IWMP_02_GEMMILI.pdf,8,Visakhapatnam,AP,vegetation_changes,,,559,456,400.0,50.1,30.7,True,True,,True,ambiguous_promoted:monitoring_column_3_field_photo,,17.99546,82.557876,project_level,plantation
Visakhapatnam_IWMP_02_GEMMILI_p8_i6.jpg,Visakhapatnam_IWMP_02_GEMMILI.pdf,8,Visakhapatnam,AP,vegetation_changes,,,559,456,513.0,69.9,28.3,True,True,,True,ambiguous_promoted:monitoring_column_3_field_photo,,17.99546,82.557876,project_level,plantation
Visakhapatnam_IWMP_02_GEMMILI_p9_i9.jpg,Visakhapatnam_IWMP_02_GEMMILI.pdf,9,Visakhapatnam,AP,water_conservation_structures,,,559,456,244.0,39.4,79.3,True,True,,True,ambiguous_promoted:monitoring_column_3_field_photo,,17.99546,82.557876,project_level,farm_pond
Visakhapatnam_IWMP_04_BARISINGI_p8_i13.jpg,Visakhapatnam_IWMP_04_BARISINGI.pdf,8,Visakhapatnam,AP,water_conservation_structures,,,615,502,403.0,49.5,38.2,True,True,,True,ambiguous_promoted:monitoring_column_3_field_photo,,18.064357,82.637833,project_level,farm_pond
Visakhapatnam_IWMP_04_BARISINGI_p8_i6.jpg,Visakhapatnam_IWMP_04_BARISINGI.pdf,8,Visakhapatnam,AP,water_conservation_structures,,,615,502,350.0,56.0,44.7,True,True,,True,ambiguous_promoted:monitoring_column_3_field_photo,,18.064357,82.637833,project_level,farm_pond
Visakhapatnam_IWMP_05_LINGETI_p8_i13.jpg,Visakhapatnam_IWMP_05_LINGETI.pdf,8,Visakhapatnam,AP,water_conservation_structures,,,615,502,506.0,71.8,59.1,True,True,,True,ambiguous_promoted:monitoring_column_3_field_photo,,18.157151,82.433601,project_level,farm_pond
Visakhapatnam_IWMP_06_SARIYAGUDA_p8_i13.jpg,Visakhapatnam_IWMP_06_SARIYAGUDA.pdf,8,Visakhapatnam,AP,water_conservation_structures,,,559,456,465.0,42.0,47.6,True,True,,True,ambiguous_promoted:monitoring_column_3_field_photo,,18.299801,82.705504,project_level,water_structure_other
Visakhapatnam_IWMP_06_SARIYAGUDA_p8_i6.jpg,Visakhapatnam_IWMP_06_SARIYAGUDA.pdf,8,Visakhapatnam,AP,water_conservation_structures,,,559,456,289.0,50.7,41.1,True,True,,True,ambiguous_promoted:monitoring_column_3_field_photo,,18.299801,82.705504,project_level,farm_pond
Visakhapatnam_IWMP_08_GUMMAKOTA_SEETHAMPETA_p8_i6.jpg,Visakhapatnam_IWMP_08_GUMMAKOTA_SEETHAMPETA.pdf,8,Visakhapatnam,AP,water_conservation_structures,,,615,502,297.0,68.7,26.7,True,True,,True,ambiguous_promoted:monitoring_column_3_field_photo,,18.26816,83.109072,project_level,check_dam
Visakhapatnam_IWMP_08_GUMMAKOTA_SEETHAMPETA_p9_i13.jpg,Visakhapatnam_IWMP_08_GUMMAKOTA_SEETHAMPETA.pdf,9,Visakhapatnam,AP,water_conservation_structures,,,615,502,335.0,47.4,66.0,True,True,,True,ambiguous_promoted:monitoring_column_3_field_photo,,18.26816,83.109072,project_level,percolation_tank
Visakhapatnam_IWMP_08_GUMMAKOTA_SEETHAMPETA_p9_i6.jpg,Visakhapatnam_IWMP_08_GUMMAKOTA_SEETHAMPETA.pdf,9,Visakhapatnam,AP,water_conservation_structures,,,615,502,369.0,74.4,15.9,True,True,,True,ambiguous_promoted:monitoring_column_3_field_photo,,18.26816,83.109072,project_level,percolation_tank
Visakhapatnam_IWMP_09_LUNGAPARTHI_p8_i13.jpg,Visakhapatnam_IWMP_09_LUNGAPARTHI.pdf,8,Visakhapatnam,AP,water_conservation_structures,,,615,502,405.0,57.6,36.2,True,True,,True,ambiguous_promoted:monitoring_column_3_field_photo,,18.205394,82.969147,project_level,check_dam
Visakhapatnam_IWMP_10_JERRILA_p8_i13.jpg,Visakhapatnam_IWMP_10_JERRILA.pdf,8,Visakhapatnam,AP,water_conservation_structures,,,615,502,219.0,31.7,95.7,True,True,,True,ambiguous_promoted:monitoring_column_3_field_photo,,17.952578,82.25993,project_level,farm_pond
Visakhapatnam_IWMP_10_JERRILA_p8_i6.jpg,Visakhapatnam_IWMP_10_JERRILA.pdf,8,Visakhapatnam,AP,water_conservation_structures,,,615,369,176.0,32.2,71.3,True,True,,True,ambiguous_promoted:monitoring_column_3_field_photo,,17.952578,82.25993,project_level,farm_pond
Visakhapatnam_IWMP_10_JERRILA_p9_i13.jpg,Visakhapatnam_IWMP_10_JERRILA.pdf,9,Visakhapatnam,AP,water_conservation_structures,,,615,502,557.0,70.4,52.5,True,True,,True,ambiguous_promoted:monitoring_column_3_field_photo,,17.952578,82.25993,project_level,percolation_tank
Visakhapatnam_IWMP_11_SAMPANGIPUTTU_p8_i13.jpg,Visakhapatnam_IWMP_11_SAMPANGIPUTTU.pdf,8,Visakhapatnam,AP,water_conservation_structures,,,559,456,575.0,58.1,52.2,True,True,,True,ambiguous_promoted:monitoring_column_3_field_photo,,18.185137,82.687042,project_level,farm_pond
Visakhapatnam_IWMP_11_SAMPANGIPUTTU_p8_i6.jpg,Visakhapatnam_IWMP_11_SAMPANGIPUTTU.pdf,8,Visakhapatnam,AP,water_conservation_structures,,,559,419,303.0,71.1,44.0,True,True,,True,ambiguous_promoted:monitoring_column_3_field_photo,,18.185137,82.687042,project_level,farm_pond
Visakhapatnam_IWMP_11_SAMPANGIPUTTU_p9_i13.jpg,Visakhapatnam_IWMP_11_SAMPANGIPUTTU.pdf,9,Visakhapatnam,AP,water_conservation_structures,,,559,456,312.0,46.1,78.0,True,True,,True,ambiguous_promoted:monitoring_column_3_field_photo,,18.185137,82.687042,project_level,farm_pond
Visakhapatnam_IWMP_11_SAMPANGIPUTTU_p9_i6.jpg,Visakhapatnam_IWMP_11_SAMPANGIPUTTU.pdf,9,Visakhapatnam,AP,water_conservation_structures,,,559,456,259.0,55.6,50.1,True,True,,True,ambiguous_promoted:monitoring_column_3_field_photo,,18.185137,82.687042,project_level,farm_pond
Visakhapatnam_IWMP_13_PEDAGARUVU_p8_i13.jpg,Visakhapatnam_IWMP_13_PEDAGARUVU.pdf,8,Visakhapatnam,AP,water_conservation_structures,,,615,502,287.0,79.7,26.2,True,True,,True,ambiguous_promoted:monitoring_column_3_field_photo,,18.046892,82.434653,project_level,percolation_tank
Visakhapatnam_IWMP_13_PEDAGARUVU_p8_i6.jpg,Visakhapatnam_IWMP_13_PEDAGARUVU.pdf,8,Visakhapatnam,AP,water_conservation_structures,,,615,502,452.0,40.6,58.0,True,True,,True,ambiguous_promoted:monitoring_column_3_field_photo,,18.046892,82.434653,project_level,percolation_tank
Visakhapatnam_IWMP_15_KINCHUMANDA_p8_i6.jpg,Visakhapatnam_IWMP_15_KINCHUMANDA.pdf,8,Visakhapatnam,AP,water_conservation_structures,,,615,502,410.0,65.6,59.8,True,True,,True,ambiguous_promoted:monitoring_column_3_field_photo,,18.207038,82.841585,project_level,farm_pond
WEST-GODAVARI_IWMP_01_GANAPAVARAM_p8_i13.jpg,WEST-GODAVARI_IWMP_01_GANAPAVARAM.pdf,8,West Godavari,AP,water_conservation_structures,,,615,502,431.0,64.3,30.3,True,True,,True,ambiguous_promoted:monitoring_column_3_field_photo,,17.22127,81.27024,project_level,check_dam
WEST-GODAVARI_IWMP_01_GANAPAVARAM_p8_i6.jpg,WEST-GODAVARI_IWMP_01_GANAPAVARAM.pdf,8,West Godavari,AP,water_conservation_structures,,,615,502,383.0,58.1,37.3,True,True,,True,ambiguous_promoted:monitoring_column_3_field_photo,,17.22127,81.27024,project_level,check_dam
WEST-GODAVARI_IWMP_01_GANAPAVARAM_p9_i13.jpg,WEST-GODAVARI_IWMP_01_GANAPAVARAM.pdf,9,West Godavari,AP,water_conservation_structures,,,615,502,302.0,47.4,60.1,True,True,,True,ambiguous_promoted:monitoring_column_3_field_photo,,17.22127,81.27024,project_level,check_dam
WEST-GODAVARI_IWMP_03_ALIVERU_p8_i6.jpg,WEST-GODAVARI_IWMP_03_ALIVERU.pdf,8,West Godavari,AP,water_conservation_structures,,,615,502,350.0,53.1,55.6,True,True,,True,ambiguous_promoted:monitoring_column_3_field_photo,,17.212813,81.325596,project_level,check_dam
WEST-GODAVARI_IWMP_03_ALIVERU_p9_i6.jpg,WEST-GODAVARI_IWMP_03_ALIVERU.pdf,9,West Godavari,AP,water_conservation_structures,,,615,502,549.0,53.5,39.3,True,True,,True,ambiguous_promoted:monitoring_column_3_field_photo,,17.212813,81.325596,project_level,check_dam
YSR-KADAPA_IWMP-13_ETIMAPURAM_p7_i0.jpg,YSR-KADAPA_IWMP-13_ETIMAPURAM.pdf,7,Ysr Kadapa,AP,water_conservation_structures,,,618,504,311.0,71.0,51.7,True,True,,True,ambiguous_promoted:monitoring_column_3_field_photo,,14.28699,79.303968,project_level,farm_pond
YSR-KADAPA_IWMP-13_ETIMAPURAM_p8_i9.jpg,YSR-KADAPA_IWMP-13_ETIMAPURAM.pdf,8,Ysr Kadapa,AP,water_conservation_structures,,,618,504,264.0,47.1,59.8,True,True,,True,ambiguous_promoted:monitoring_column_3_field_photo,,14.28699,79.303968,project_level,percolation_tank
YSR-KADAPA_IWMP-14_KODURU_IWMP_p7_i9.jpg,YSR-KADAPA_IWMP-14_KODURU_IWMP.pdf,7,Ysr Kadapa,AP,water_conservation_structures,,,618,504,233.0,73.4,48.9,True,True,,True,ambiguous_promoted:monitoring_column_3_field_photo,,13.974951,79.317893,project_level,farm_pond
YSR-KADAPA_IWMP-15_-MADAPUR_p7_i0.jpg,YSR-KADAPA_IWMP-15_-MADAPUR.pdf,7,Ysr Kadapa,AP,water_conservation_structures,,,618,372,380.0,50.1,38.6,True,True,,True,ambiguous_promoted:monitoring_column_3_field_photo,,14.620004,79.073884,project_level,farm_pond
YSR-KADAPA_IWMP-15_-MADAPUR_p7_i9.jpg,YSR-KADAPA_IWMP-15_-MADAPUR.pdf,7,Ysr Kadapa,AP,water_conservation_structures,,,618,348,612.0,57.9,21.4,True,True,,True,ambiguous_promoted:monitoring_column_3_field_photo,,14.620004,79.073884,project_level,farm_pond
YSR-KADAPA_IWMP-15_-MADAPUR_p8_i0.jpg,YSR-KADAPA_IWMP-15_-MADAPUR.pdf,8,Ysr Kadapa,AP,water_conservation_structures,,,618,348,373.0,66.4,35.2,True,True,,True,ambiguous_promoted:monitoring_column_3_field_photo,,14.620004,79.073884,project_level,farm_pond
YSR-KADAPA_IWMP-15_-MADAPUR_p8_i9.jpg,YSR-KADAPA_IWMP-15_-MADAPUR.pdf,8,Ysr Kadapa,AP,water_conservation_structures,,,618,348,437.0,56.0,45.4,True,True,,True,ambiguous_promoted:monitoring_column_3_field_photo,,14.620004,79.073884,project_level,farm_pond
YSR-KADAPA_IWMP-16_PEDDAJUTUR_p7_i0.jpg,YSR-KADAPA_IWMP-16_PEDDAJUTUR.pdf,7,Ysr Kadapa,AP,water_conservation_structures,,,618,504,293.0,49.2,40.2,True,True,,True,ambiguous_promoted:monitoring_column_3_field_photo,,14.389876,78.274068,project_level,farm_pond
YSR-KADAPA_IWMP-16_PEDDAJUTUR_p7_i9.jpg,YSR-KADAPA_IWMP-16_PEDDAJUTUR.pdf,7,Ysr Kadapa,AP,water_conservation_structures,,,618,504,267.0,34.7,41.4,True,True,,True,ambiguous_promoted:monitoring_column_3_field_photo,,14.389876,78.274068,project_level,farm_pond
YSR-KADAPA_IWMP-16_PEDDAJUTUR_p8_i9.jpg,YSR-KADAPA_IWMP-16_PEDDAJUTUR.pdf,8,Ysr Kadapa,AP,water_conservation_structures,,,618,504,178.0,41.5,90.0,True,True,,True,ambiguous_promoted:monitoring_column_3_field_photo,,14.389876,78.274068,project_level,farm_pond
YSR-KADAPA_IWMP-18_UTUKOOR_p7_i0.jpg,YSR-KADAPA_IWMP-18_UTUKOOR.pdf,7,Ysr Kadapa,AP,water_conservation_structures,,,618,464,326.0,48.8,52.7,True,True,,True,ambiguous_promoted:monitoring_column_3_field_photo,,14.592071,78.448557,project_level,check_dam
YSR-KADAPA_IWMP-18_UTUKOOR_p7_i9.jpg,YSR-KADAPA_IWMP-18_UTUKOOR.pdf,7,Ysr Kadapa,AP,water_conservation_structures,,,618,464,352.0,73.2,39.5,True,True,,True,ambiguous_promoted:monitoring_column_3_field_photo,,14.592071,78.448557,project_level,check_dam
YSR-KADAPA_IWMP-18_UTUKOOR_p8_i0.jpg,YSR-KADAPA_IWMP-18_UTUKOOR.pdf,8,Ysr Kadapa,AP,water_conservation_structures,,,618,504,134.0,64.7,42.0,True,True,,True,ambiguous_promoted:monitoring_column_3_field_photo,,14.592071,78.448557,project_level,farm_pond
YSR-KADAPA_IWMP-18_UTUKOOR_p8_i9.jpg,YSR-KADAPA_IWMP-18_UTUKOOR.pdf,8,Ysr Kadapa,AP,water_conservation_structures,,,618,464,298.0,63.9,34.8,True,True,,True,ambiguous_promoted:monitoring_column_3_field_photo,,14.592071,78.448557,project_level,farm_pond
YSR-KADAPA_IWMP-19_NOOLIVEEDU_p7_i0.jpg,YSR-KADAPA_IWMP-19_NOOLIVEEDU.pdf,7,Ysr Kadapa,AP,water_conservation_structures,,,618,504,171.0,53.4,56.3,True,True,,True,ambiguous_promoted:monitoring_column_3_field_photo,,14.073512,78.512662,project_level,plantation
YSR-KADAPA_IWMP-21_KURNOOTHALA_p7_i0.jpg,YSR-KADAPA_IWMP-21_KURNOOTHALA.pdf,7,Ysr Kadapa,AP,water_conservation_structures,,,618,347,252.0,54.6,56.6,True,True,,True,ambiguous_promoted:monitoring_column_3_field_photo,,14.128267,78.604322,project_level,farm_pond
YSR-KADAPA_IWMP-21_KURNOOTHALA_p7_i9.jpg,YSR-KADAPA_IWMP-21_KURNOOTHALA.pdf,7,Ysr Kadapa,AP,water_conservation_structures,,,618,347,160.0,38.7,52.3,True,True,,True,ambiguous_promoted:monitoring_column_3_field_photo,,14.128267,78.604322,project_level,farm_pond
YSR-KADAPA_IWMP-21_KURNOOTHALA_p8_i9.jpg,YSR-KADAPA_IWMP-21_KURNOOTHALA.pdf,8,Ysr Kadapa,AP,vegetation_changes,,,618,464,350.0,79.3,44.9,True,True,,True,ambiguous_promoted:monitoring_column_3_field_photo,,14.128267,78.604322,project_level,plantation
YSR-KADAPA_IWMP-22_MALLEMAPURAM_p7_i0.jpg,YSR-KADAPA_IWMP-22_MALLEMAPURAM.pdf,7,Ysr Kadapa,AP,water_conservation_structures,,,618,504,604.0,71.5,30.4,True,True,,True,ambiguous_promoted:monitoring_column_3_field_photo,,14.236271,79.347587,project_level,plantation
YSR-KADAPA_IWMP-22_MALLEMAPURAM_p7_i9.jpg,YSR-KADAPA_IWMP-22_MALLEMAPURAM.pdf,7,Ysr Kadapa,AP,water_conservation_structures,,,618,504,383.0,53.1,62.8,True,True,,True,ambiguous_promoted:monitoring_column_3_field_photo,,14.236271,79.347587,project_level,farm_pond
YSR-KADAPA_IWMP-22_MALLEMAPURAM_p8_i0.jpg,YSR-KADAPA_IWMP-22_MALLEMAPURAM.pdf,8,Ysr Kadapa,AP,water_conservation_structures,,,618,504,383.0,53.1,62.8,True,True,,True,ambiguous_promoted:monitoring_column_3_field_photo,,14.236271,79.347587,project_level,farm_pond
YSR-KADAPA_IWMP-23_ITUKULAPADU_p8_i0.jpg,YSR-KADAPA_IWMP-23_ITUKULAPADU.pdf,8,Ysr Kadapa,AP,water_conservation_structures,,,618,504,181.0,38.1,67.5,True,True,,True,ambiguous_promoted:monitoring_column_3_field_photo,,14.938914,78.905253,project_level,check_dam
YSR-KADAPA_IWMP-23_ITUKULAPADU_p8_i9.jpg,YSR-KADAPA_IWMP-23_ITUKULAPADU.pdf,8,Ysr Kadapa,AP,water_conservation_structures,,,618,504,478.0,55.7,46.1,True,True,,True,ambiguous_promoted:monitoring_column_3_field_photo,,14.938914,78.905253,project_level,check_dam
YSR-KADAPA_IWMP-24_YENAMALACHINTAL_p7_i0.jpg,YSR-KADAPA_IWMP-24_YENAMALACHINTAL.pdf,7,Ysr Kadapa,AP,water_conservation_structures,,,618,504,211.0,47.0,69.3,True,True,,True,ambiguous_promoted:monitoring_column_3_field_photo,,14.760349,78.08159,project_level,check_dam
YSR-KADAPA_IWMP-24_YENAMALACHINTAL_p7_i9.jpg,YSR-KADAPA_IWMP-24_YENAMALACHINTAL.pdf,7,Ysr Kadapa,AP,water_conservation_structures,,,618,371,167.0,56.2,47.9,True,True,,True,ambiguous_promoted:monitoring_column_3_field_photo,,14.760349,78.08159,project_level,check_dam
YSR-KADAPA_IWMP-24_YENAMALACHINTAL_p8_i0.jpg,YSR-KADAPA_IWMP-24_YENAMALACHINTAL.pdf,8,Ysr Kadapa,AP,water_conservation_structures,,,618,504,256.0,47.1,45.5,True,True,,True,ambiguous_promoted:monitoring_column_3_field_photo,,14.760349,78.08159,project_level,farm_pond
YSR-KADAPA_IWMP-24_YENAMALACHINTAL_p8_i9.jpg,YSR-KADAPA_IWMP-24_YENAMALACHINTAL.pdf,8,Ysr Kadapa,AP,water_conservation_structures,,,618,464,232.0,51.0,29.2,True,True,,True,ambiguous_promoted:monitoring_column_3_field_photo,,14.760349,78.08159,project_level,farm_pond
YSR-KADAPA_IWMP-25_E-NELATUR_p7_i0.jpg,YSR-KADAPA_IWMP-25_E-NELATUR.pdf,7,Ysr Kadapa,AP,water_conservation_structures,,,618,504,413.0,66.6,33.5,True,True,,True,ambiguous_promoted:monitoring_column_3_field_photo,,14.720727,79.012977,project_level,check_dam
YSR-KADAPA_IWMP-25_E-NELATUR_p7_i9.jpg,YSR-KADAPA_IWMP-25_E-NELATUR.pdf,7,Ysr Kadapa,AP,water_conservation_structures,,,618,504,346.0,36.7,71.9,True,True,,True,ambiguous_promoted:monitoring_column_3_field_photo,,14.720727,79.012977,project_level,check_dam
YSR-KADAPA_IWMP-25_E-NELATUR_p8_i0.jpg,YSR-KADAPA_IWMP-25_E-NELATUR.pdf,8,Ysr Kadapa,AP,water_conservation_structures,,,618,504,213.0,65.0,52.5,True,True,,True,ambiguous_promoted:monitoring_column_3_field_photo,,14.720727,79.012977,project_level,farm_pond
YSR-KADAPA_IWMP-25_E-NELATUR_p8_i9.jpg,YSR-KADAPA_IWMP-25_E-NELATUR.pdf,8,Ysr Kadapa,AP,water_conservation_structures,,,618,504,249.0,57.0,67.8,True,True,,True,ambiguous_promoted:monitoring_column_3_field_photo,,14.720727,79.012977,project_level,farm_pond
YSR-KADAPA_IWMP-26_DEVAPATLA_p8_i0.jpg,YSR-KADAPA_IWMP-26_DEVAPATLA.pdf,8,Ysr Kadapa,AP,water_conservation_structures,,,618,504,316.0,53.3,44.6,True,True,,True,ambiguous_promoted:monitoring_column_3_field_photo,,13.910671,78.735675,project_level,check_dam
YSR-KADAPA_IWMP-26_DEVAPATLA_p8_i9.jpg,YSR-KADAPA_IWMP-26_DEVAPATLA.pdf,8,Ysr Kadapa,AP,water_conservation_structures,,,618,464,210.0,52.0,54.6,True,True,,True,ambiguous_promoted:monitoring_column_3_field_photo,,13.910671,78.735675,project_level,check_dam
YSR-KADAPA_IWMP-26_DEVAPATLA_p9_i0.jpg,YSR-KADAPA_IWMP-26_DEVAPATLA.pdf,9,Ysr Kadapa,AP,water_conservation_structures,,,618,464,270.0,46.0,55.0,True,True,,True,ambiguous_promoted:monitoring_column_3_field_photo,,13.910671,78.735675,project_level,plantation
YSR-KADAPA_IWMP-26_DEVAPATLA_p9_i9.jpg,YSR-KADAPA_IWMP-26_DEVAPATLA.pdf,9,Ysr Kadapa,AP,water_conservation_structures,,,618,504,201.0,66.6,58.3,True,True,,True,ambiguous_promoted:monitoring_column_3_field_photo,,13.910671,78.735675,project_level,farm_pond
YSR-KADAPA_IWMP-27_Y-N-PALEM_IWMP_p9_i0.jpg,YSR-KADAPA_IWMP-27_Y-N-PALEM_IWMP.pdf,9,Ysr Kadapa,AP,water_conservation_structures,,,618,504,434.0,64.7,36.2,True,True,,True,ambiguous_promoted:monitoring_column_3_field_photo,,13.954581,78.935988,project_level,plantation
YSR-KADAPA_IWMP-27_Y-N-PALEM_IWMP_p9_i9.jpg,YSR-KADAPA_IWMP-27_Y-N-PALEM_IWMP.pdf,9,Ysr Kadapa,AP,water_conservation_structures,,,618,464,290.0,65.6,46.7,True,True,,True,ambiguous_promoted:monitoring_column_3_field_photo,,13.954581,78.935988,project_level,percolation_tank
YSR-KADAPA_IWMP-28_SANKAVARAM_p8_i9.jpg,YSR-KADAPA_IWMP-28_SANKAVARAM.pdf,8,Ysr Kadapa,AP,water_conservation_structures,,,618,371,204.0,36.5,80.1,True,True,,True,ambiguous_promoted:monitoring_column_3_field_photo,,15.080282,78.988715,project_level,farm_pond
YSR-KADAPA_IWMP-28_SANKAVARAM_p9_i0.jpg,YSR-KADAPA_IWMP-28_SANKAVARAM.pdf,9,Ysr Kadapa,AP,water_conservation_structures,,,618,371,303.0,48.7,66.4,True,True,,True,ambiguous_promoted:monitoring_column_3_field_photo,,15.080282,78.988715,project_level,farm_pond
YSR-KADAPA_IWMP-28_SANKAVARAM_p9_i9.jpg,YSR-KADAPA_IWMP-28_SANKAVARAM.pdf,9,Ysr Kadapa,AP,water_conservation_structures,,,618,504,292.0,70.5,29.4,True,True,,True,ambiguous_promoted:monitoring_column_3_field_photo,,15.080282,78.988715,project_level,farm_pond
YSR-KADAPA_IWMP-29_CHITLURU_p9_i0.jpg,YSR-KADAPA_IWMP-29_CHITLURU.pdf,9,Ysr Kadapa,AP,vegetation_changes,,,618,504,268.0,76.5,35.7,True,True,,True,ambiguous_promoted:monitoring_column_3_field_photo,,14.134686,78.797261,project_level,plantation
YSR-KADAPA_IWMP-29_CHITLURU_p9_i9.jpg,YSR-KADAPA_IWMP-29_CHITLURU.pdf,9,Ysr Kadapa,AP,vegetation_changes,,,618,504,465.0,67.7,43.3,True,True,,True,ambiguous_promoted:monitoring_column_3_field_photo,,14.134686,78.797261,project_level,plantation
YSR-KADAPA_IWMP-30_BALAPANUR_p10_i0.jpg,YSR-KADAPA_IWMP-30_BALAPANUR.pdf,10,Ysr Kadapa,AP,water_conservation_structures,,,618,372,127.0,34.5,97.8,True,True,,True,ambiguous_promoted:monitoring_column_3_field_photo,,14.553986,78.230098,project_level,farm_pond
YSR-KADAPA_IWMP-30_BALAPANUR_p11_i9.jpg,YSR-KADAPA_IWMP-30_BALAPANUR.pdf,11,Ysr Kadapa,AP,water_conservation_structures,,,618,504,267.0,42.6,81.5,True,True,,True,ambiguous_promoted:monitoring_column_3_field_photo,,14.553986,78.230098,project_level,farm_pond
YSR-KADAPA_IWMP-30_BALAPANUR_p8_i0.jpg,YSR-KADAPA_IWMP-30_BALAPANUR.pdf,8,Ysr Kadapa,AP,water_conservation_structures,,,618,504,327.0,53.0,49.0,True,True,,True,ambiguous_promoted:monitoring_column_3_field_photo,,14.553986,78.230098,project_level,check_dam
YSR-KADAPA_IWMP-30_BALAPANUR_p8_i9.jpg,YSR-KADAPA_IWMP-30_BALAPANUR.pdf,8,Ysr Kadapa,AP,water_conservation_structures,,,618,504,421.0,54.6,46.6,True,True,,True,ambiguous_promoted:monitoring_column_3_field_photo,,14.553986,78.230098,project_level,check_dam
YSR-KADAPA_IWMP-30_BALAPANUR_p9_i9.jpg,YSR-KADAPA_IWMP-30_BALAPANUR.pdf,9,Ysr Kadapa,AP,vegetation_changes,,,618,504,458.0,60.3,63.8,True,True,,True,ambiguous_promoted:monitoring_column_3_field_photo,,14.553986,78.230098,project_level,plantation
YSR-KADAPA_IWMP-31_PAMALURU_p10_i9.jpg,YSR-KADAPA_IWMP-31_PAMALURU.pdf,10,Ysr Kadapa,AP,water_conservation_structures,,,640,480,272.0,45.2,79.6,True,True,,True,ambiguous_promoted:monitoring_column_3_field_photo,,14.36795,78.409349,project_level,percolation_tank
YSR-KADAPA_IWMP-31_PAMALURU_p7_i0.jpg,YSR-KADAPA_IWMP-31_PAMALURU.pdf,7,Ysr Kadapa,AP,water_conservation_structures,,,618,504,297.0,42.0,40.9,True,True,,True,ambiguous_promoted:monitoring_column_3_field_photo,,14.36795,78.409349,project_level,farm_pond
YSR-KADAPA_IWMP-31_PAMALURU_p8_i0.jpg,YSR-KADAPA_IWMP-31_PAMALURU.pdf,8,Ysr Kadapa,AP,water_conservation_structures,,,618,464,193.0,60.4,47.2,True,True,,True,ambiguous_promoted:monitoring_column_3_field_photo,,14.36795,78.409349,project_level,farm_pond
YSR-KADAPA_IWMP-31_PAMALURU_p9_i0.jpg,YSR-KADAPA_IWMP-31_PAMALURU.pdf,9,Ysr Kadapa,AP,water_conservation_structures,,,618,348,321.0,46.8,47.9,True,True,,True,ambiguous_promoted:monitoring_column_3_field_photo,,14.36795,78.409349,project_level,check_dam
YSR-KADAPA_IWMP-32_DIGUVAGOTTIVEEDU_p7_i0.jpg,YSR-KADAPA_IWMP-32_DIGUVAGOTTIVEEDU.pdf,7,Ysr Kadapa,AP,vegetation_changes,,,618,371,263.0,38.9,51.6,True,True,,True,ambiguous_promoted:monitoring_column_3_field_photo,,13.982999,78.678901,project_level,plantation
YSR-KADAPA_IWMP-32_DIGUVAGOTTIVEEDU_p8_i0.jpg,YSR-KADAPA_IWMP-32_DIGUVAGOTTIVEEDU.pdf,8,Ysr Kadapa,AP,vegetation_changes,,,618,347,416.0,60.6,36.7,True,True,,True,ambiguous_promoted:monitoring_column_3_field_photo,,13.982999,78.678901,project_level,plantation
YSR-KADAPA_IWMP-32_DIGUVAGOTTIVEEDU_p8_i9.jpg,YSR-KADAPA_IWMP-32_DIGUVAGOTTIVEEDU.pdf,8,Ysr Kadapa,AP,vegetation_changes,,,618,464,332.0,71.0,20.7,True,True,,True,ambiguous_promoted:monitoring_column_3_field_photo,,13.982999,78.678901,project_level,plantation
YSR-KADAPA_IWMP-32_DIGUVAGOTTIVEEDU_p9_i0.jpg,YSR-KADAPA_IWMP-32_DIGUVAGOTTIVEEDU.pdf,9,Ysr Kadapa,AP,water_conservation_structures,,,618,347,573.0,52.8,32.0,True,True,,True,ambiguous_promoted:monitoring_column_3_field_photo,,13.982999,78.678901,project_level,farm_pond
YSR-KADAPA_IWMP-33_MUNELLIN_p10_i9.jpg,YSR-KADAPA_IWMP-33_MUNELLIN.pdf,10,Ysr Kadapa,AP,water_conservation_structures,,,618,464,303.0,63.2,40.8,True,True,,True,ambiguous_promoted:monitoring_column_3_field_photo,,14.860328,78.988784,project_level,farm_pond
YSR-KADAPA_IWMP-33_MUNELLIN_p7_i0.jpg,YSR-KADAPA_IWMP-33_MUNELLIN.pdf,7,Ysr Kadapa,AP,water_conservation_structures,,,618,371,249.0,51.2,42.9,True,True,,True,ambiguous_promoted:monitoring_column_3_field_photo,,14.860328,78.988784,project_level,check_dam
YSR-KADAPA_IWMP-33_MUNELLIN_p7_i9.jpg,YSR-KADAPA_IWMP-33_MUNELLIN.pdf,7,Ysr Kadapa,AP,water_conservation_structures,,,618,464,245.0,55.9,45.9,True,True,,True,ambiguous_promoted:monitoring_column_3_field_photo,,14.860328,78.988784,project_level,check_dam
YSR-KADAPA_IWMP-33_MUNELLIN_p8_i9.jpg,YSR-KADAPA_IWMP-33_MUNELLIN.pdf,8,Ysr Kadapa,AP,water_conservation_structures,,,618,371,200.0,73.9,35.4,True,True,,True,ambiguous_promoted:monitoring_column_3_field_photo,,14.860328,78.988784,project_level,farm_pond
YSR-KADAPA_IWMP-33_MUNELLIN_p9_i0.jpg,YSR-KADAPA_IWMP-33_MUNELLIN.pdf,9,Ysr Kadapa,AP,water_conservation_structures,,,618,371,328.0,57.6,34.9,True,True,,True,ambiguous_promoted:monitoring_column_3_field_photo,,14.860328,78.988784,project_level,farm_pond
YSR-KADAPA_IWMP-33_MUNELLIN_p9_i9.jpg,YSR-KADAPA_IWMP-33_MUNELLIN.pdf,9,Ysr Kadapa,AP,water_conservation_structures,,,618,464,285.0,64.1,52.2,True,True,,True,ambiguous_promoted:monitoring_column_3_field_photo,,14.860328,78.988784,project_level,farm_pond
YSR-KADAPA_IWMP-34_THORRIVEMULA_p10_i0.jpg,YSR-KADAPA_IWMP-34_THORRIVEMULA.pdf,10,Ysr Kadapa,AP,water_conservation_structures,,,618,371,217.0,44.0,67.4,True,True,,True,ambiguous_promoted:monitoring_column_3_field_photo,,14.911683,78.292442,project_level,water_structure_other
YSR-KADAPA_IWMP-34_THORRIVEMULA_p10_i9.jpg,YSR-KADAPA_IWMP-34_THORRIVEMULA.pdf,10,Ysr Kadapa,AP,water_conservation_structures,,,618,504,228.0,67.7,44.9,True,True,,True,ambiguous_promoted:monitoring_column_3_field_photo,,14.911683,78.292442,project_level,farm_pond
YSR-KADAPA_IWMP-34_THORRIVEMULA_p7_i0.jpg,YSR-KADAPA_IWMP-34_THORRIVEMULA.pdf,7,Ysr Kadapa,AP,water_conservation_structures,,,618,371,223.0,53.5,58.8,True,True,,True,ambiguous_promoted:monitoring_column_3_field_photo,,14.911683,78.292442,project_level,check_dam
YSR-KADAPA_IWMP-34_THORRIVEMULA_p7_i9.jpg,YSR-KADAPA_IWMP-34_THORRIVEMULA.pdf,7,Ysr Kadapa,AP,water_conservation_structures,,,618,371,272.0,57.8,64.5,True,True,,True,ambiguous_promoted:monitoring_column_3_field_photo,,14.911683,78.292442,project_level,check_dam
YSR-KADAPA_IWMP-34_THORRIVEMULA_p8_i0.jpg,YSR-KADAPA_IWMP-34_THORRIVEMULA.pdf,8,Ysr Kadapa,AP,water_conservation_structures,,,618,464,179.0,75.8,27.3,True,True,,True,ambiguous_promoted:monitoring_column_3_field_photo,,14.911683,78.292442,project_level,check_dam
YSR-KADAPA_IWMP-34_THORRIVEMULA_p8_i9.jpg,YSR-KADAPA_IWMP-34_THORRIVEMULA.pdf,8,Ysr Kadapa,AP,water_conservation_structures,,,618,464,337.0,77.9,63.2,True,True,,True,ambiguous_promoted:monitoring_column_3_field_photo,,14.911683,78.292442,project_level,check_dam
YSR-KADAPA_IWMP-34_THORRIVEMULA_p9_i0.jpg,YSR-KADAPA_IWMP-34_THORRIVEMULA.pdf,9,Ysr Kadapa,AP,water_conservation_structures,,,618,348,276.0,61.9,29.7,True,True,,True,ambiguous_promoted:monitoring_column_3_field_photo,,14.911683,78.292442,project_level,check_dam
YSR-KADAPA_IWMP-34_THORRIVEMULA_p9_i9.jpg,YSR-KADAPA_IWMP-34_THORRIVEMULA.pdf,9,Ysr Kadapa,AP,water_conservation_structures,,,618,464,340.0,63.7,42.1,True,True,,True,ambiguous_promoted:monitoring_column_3_field_photo,,14.911683,78.292442,project_level,check_dam
YSR-KADAPA_IWMP-35_KALAMALLA_p10_i0.jpg,YSR-KADAPA_IWMP-35_KALAMALLA.pdf,10,Ysr Kadapa,AP,water_conservation_structures,,,618,464,294.0,57.2,31.5,True,True,,True,ambiguous_promoted:monitoring_column_3_field_photo,,14.719016,78.480446,project_level,check_dam
YSR-KADAPA_IWMP-35_KALAMALLA_p10_i9.jpg,YSR-KADAPA_IWMP-35_KALAMALLA.pdf,10,Ysr Kadapa,AP,water_conservation_structures,,,618,350,256.0,56.3,51.7,True,True,,True,ambiguous_promoted:monitoring_column_3_field_photo,,14.719016,78.480446,project_level,water_structure_other
YSR-KADAPA_IWMP-35_KALAMALLA_p7_i0.jpg,YSR-KADAPA_IWMP-35_KALAMALLA.pdf,7,Ysr Kadapa,AP,water_conservation_structures,,,618,504,461.0,60.9,34.0,True,True,,True,ambiguous_promoted:monitoring_column_3_field_photo,,14.719016,78.480446,project_level,check_dam
YSR-KADAPA_IWMP-35_KALAMALLA_p7_i9.jpg,YSR-KADAPA_IWMP-35_KALAMALLA.pdf,7,Ysr Kadapa,AP,water_conservation_structures,,,618,464,362.0,63.4,32.6,True,True,,True,ambiguous_promoted:monitoring_column_3_field_photo,,14.719016,78.480446,project_level,check_dam
YSR-KADAPA_IWMP-35_KALAMALLA_p8_i0.jpg,YSR-KADAPA_IWMP-35_KALAMALLA.pdf,8,Ysr Kadapa,AP,water_conservation_structures,,,618,504,428.0,53.5,43.6,True,True,,True,ambiguous_promoted:monitoring_column_3_field_photo,,14.719016,78.480446,project_level,check_dam
YSR-KADAPA_IWMP-35_KALAMALLA_p8_i9.jpg,YSR-KADAPA_IWMP-35_KALAMALLA.pdf,8,Ysr Kadapa,AP,water_conservation_structures,,,618,504,250.0,55.2,64.1,True,True,,True,ambiguous_promoted:monitoring_column_3_field_photo,,14.719016,78.480446,project_level,check_dam
YSR-KADAPA_IWMP-35_KALAMALLA_p9_i0.jpg,YSR-KADAPA_IWMP-35_KALAMALLA.pdf,9,Ysr Kadapa,AP,water_conservation_structures,,,618,464,320.0,53.7,38.6,True,True,,True,ambiguous_promoted:monitoring_column_3_field_photo,,14.719016,78.480446,project_level,check_dam
YSR-KADAPA_IWMP-35_KALAMALLA_p9_i9.jpg,YSR-KADAPA_IWMP-35_KALAMALLA.pdf,9,Ysr Kadapa,AP,water_conservation_structures,,,618,464,408.0,45.8,65.8,True,True,,True,ambiguous_promoted:monitoring_column_3_field_photo,,14.719016,78.480446,project_level,check_dam
YSR-KADAPA_IWMP-36_SIBYALA_p10_i0.jpg,YSR-KADAPA_IWMP-36_SIBYALA.pdf,10,Ysr Kadapa,AP,water_conservation_structures,,,618,464,281.0,56.7,38.8,True,True,,True,ambiguous_promoted:monitoring_column_3_field_photo,,14.054421,78.78417,project_level,farm_pond
YSR-KADAPA_IWMP-36_SIBYALA_p7_i0.jpg,YSR-KADAPA_IWMP-36_SIBYALA.pdf,7,Ysr Kadapa,AP,water_conservation_structures,,,618,464,381.0,55.8,51.4,True,True,,True,ambiguous_promoted:monitoring_column_3_field_photo,,14.054421,78.78417,project_level,check_dam
YSR-KADAPA_IWMP-36_SIBYALA_p9_i0.jpg,YSR-KADAPA_IWMP-36_SIBYALA.pdf,9,Ysr Kadapa,AP,water_conservation_structures,,,618,464,273.0,71.5,23.4,True,True,,True,ambiguous_promoted:monitoring_column_3_field_photo,,14.054421,78.78417,project_level,check_dam
YSR-KADAPA_IWMP-36_SIBYALA_p9_i9.jpg,YSR-KADAPA_IWMP-36_SIBYALA.pdf,9,Ysr Kadapa,AP,water_conservation_structures,,,618,464,225.0,56.9,52.5,True,True,,True,ambiguous_promoted:monitoring_column_3_field_photo,,14.054421,78.78417,project_level,check_dam
YSR-KADAPA_IWMP-37_GANUGAPENTA_p10_i0.jpg,YSR-KADAPA_IWMP-37_GANUGAPENTA.pdf,10,Ysr Kadapa,AP,water_conservation_structures,,,618,504,301.0,49.4,75.3,True,True,,True,ambiguous_promoted:monitoring_column_3_field_photo,,14.931394,79.051817,project_level,farm_pond
YSR-KADAPA_IWMP-37_GANUGAPENTA_p10_i9.jpg,YSR-KADAPA_IWMP-37_GANUGAPENTA.pdf,10,Ysr Kadapa,AP,water_conservation_structures,,,618,504,246.0,45.0,68.4,True,True,,True,ambiguous_promoted:monitoring_column_3_field_photo,,14.931394,79.051817,project_level,farm_pond
YSR-KADAPA_IWMP-37_GANUGAPENTA_p7_i0.jpg,YSR-KADAPA_IWMP-37_GANUGAPENTA.pdf,7,Ysr Kadapa,AP,water_conservation_structures,,,618,464,351.0,66.7,38.3,True,True,,True,ambiguous_promoted:monitoring_column_3_field_photo,,14.931394,79.051817,project_level,check_dam
YSR-KADAPA_IWMP-37_GANUGAPENTA_p7_i9.jpg,YSR-KADAPA_IWMP-37_GANUGAPENTA.pdf,7,Ysr Kadapa,AP,water_conservation_structures,,,623,351,311.0,55.6,53.6,True,True,,True,ambiguous_promoted:monitoring_column_3_field_photo,,14.931394,79.051817,project_level,check_dam
YSR-KADAPA_IWMP-37_GANUGAPENTA_p8_i0.jpg,YSR-KADAPA_IWMP-37_GANUGAPENTA.pdf,8,Ysr Kadapa,AP,vegetation_changes,,,618,464,322.0,72.2,46.5,True,True,,True,ambiguous_promoted:monitoring_column_3_field_photo,,14.931394,79.051817,project_level,plantation
YSR-KADAPA_IWMP-37_GANUGAPENTA_p8_i9.jpg,YSR-KADAPA_IWMP-37_GANUGAPENTA.pdf,8,Ysr Kadapa,AP,vegetation_changes,,,618,348,276.0,63.2,58.7,True,True,,True,ambiguous_promoted:monitoring_column_3_field_photo,,14.931394,79.051817,project_level,plantation
YSR-KADAPA_IWMP-37_GANUGAPENTA_p9_i0.jpg,YSR-KADAPA_IWMP-37_GANUGAPENTA.pdf,9,Ysr Kadapa,AP,water_conservation_structures,,,618,504,393.0,53.1,35.3,True,True,,True,ambiguous_promoted:monitoring_column_3_field_photo,,14.931394,79.051817,project_level,check_dam
YSR-KADAPA_IWMP-37_GANUGAPENTA_p9_i9.jpg,YSR-KADAPA_IWMP-37_GANUGAPENTA.pdf,9,Ysr Kadapa,AP,water_conservation_structures,,,618,504,466.0,59.0,57.8,True,True,,True,ambiguous_promoted:monitoring_column_3_field_photo,,14.931394,79.051817,project_level,check_dam
YSR-KADAPA_IWMP-38_VELIDANDLA_p10_i9.jpg,YSR-KADAPA_IWMP-38_VELIDANDLA.pdf,10,Ysr Kadapa,AP,water_conservation_structures,,,618,504,321.0,44.6,56.4,True,True,,True,ambiguous_promoted:monitoring_column_3_field_photo,,14.543519,77.981569,project_level,check_dam
YSR-KADAPA_IWMP-38_VELIDANDLA_p9_i0.jpg,YSR-KADAPA_IWMP-38_VELIDANDLA.pdf,9,Ysr Kadapa,AP,water_conservation_structures,,,618,504,192.0,66.3,56.7,True,True,,True,ambiguous_promoted:monitoring_column_3_field_photo,,14.543519,77.981569,project_level,farm_pond
YSR-KADAPA_IWMP-38_VELIDANDLA_p9_i9.jpg,YSR-KADAPA_IWMP-38_VELIDANDLA.pdf,9,Ysr Kadapa,AP,water_conservation_structures,,,618,506,253.0,51.7,58.8,True,True,,True,ambiguous_promoted:monitoring_column_3_field_photo,,14.543519,77.981569,project_level,farm_pond
YSR-KADAPA_IWMP-39_KUPPAM_p10_i0.jpg,YSR-KADAPA_IWMP-39_KUPPAM.pdf,10,Ysr Kadapa,AP,water_conservation_structures,,,615,502,197.0,41.4,77.8,True,True,,True,ambiguous_promoted:monitoring_column_3_field_photo,,14.163486,78.536476,project_level,farm_pond
YSR-KADAPA_IWMP-39_KUPPAM_p10_i9.jpg,YSR-KADAPA_IWMP-39_KUPPAM.pdf,10,Ysr Kadapa,AP,water_conservation_structures,,,615,502,280.0,64.5,47.3,True,True,,True,ambiguous_promoted:monitoring_column_3_field_photo,,14.163486,78.536476,project_level,check_dam
YSR-KADAPA_IWMP-39_KUPPAM_p8_i18.jpg,YSR-KADAPA_IWMP-39_KUPPAM.pdf,8,Ysr Kadapa,AP,vegetation_changes,,,615,471,208.0,57.8,60.2,True,True,,True,ambiguous_promoted:monitoring_column_3_field_photo,,14.163486,78.536476,project_level,water_structure_other
YSR-KADAPA_IWMP-39_KUPPAM_p9_i0.jpg,YSR-KADAPA_IWMP-39_KUPPAM.pdf,9,Ysr Kadapa,AP,water_conservation_structures,,,615,502,140.0,73.4,43.3,True,True,,True,ambiguous_promoted:monitoring_column_3_field_photo,,14.163486,78.536476,project_level,farm_pond
YSR-KADAPA_IWMP-39_KUPPAM_p9_i9.jpg,YSR-KADAPA_IWMP-39_KUPPAM.pdf,9,Ysr Kadapa,AP,water_conservation_structures,,,615,502,315.0,64.7,47.3,True,True,,True,ambiguous_promoted:monitoring_column_3_field_photo,,14.163486,78.536476,project_level,farm_pond
YSR-KADAPA_IWMP-40_CHINNAMANDEM_p10_i0.jpg,YSR-KADAPA_IWMP-40_CHINNAMANDEM.pdf,10,Ysr Kadapa,AP,vegetation_changes,,,615,502,291.0,83.0,32.2,True,True,,True,ambiguous_promoted:monitoring_column_3_field_photo,,13.896181,78.671991,project_level,plantation
YSR-KADAPA_IWMP-40_CHINNAMANDEM_p10_i9.jpg,YSR-KADAPA_IWMP-40_CHINNAMANDEM.pdf,10,Ysr Kadapa,AP,vegetation_changes,,,615,502,277.0,50.7,66.5,True,True,,True,ambiguous_promoted:monitoring_column_3_field_photo,,13.896181,78.671991,project_level,plantation
YSR-KADAPA_IWMP-40_CHINNAMANDEM_p9_i0.jpg,YSR-KADAPA_IWMP-40_CHINNAMANDEM.pdf,9,Ysr Kadapa,AP,water_conservation_structures,,,615,502,245.0,51.0,57.6,True,True,,True,ambiguous_promoted:monitoring_column_3_field_photo,,13.896181,78.671991,project_level,check_dam
YSR-KADAPA_IWMP-42_GUNDAPURAM_p10_i0.jpg,YSR-KADAPA_IWMP-42_GUNDAPURAM.pdf,10,Ysr Kadapa,AP,water_conservation_structures,,,615,502,312.0,75.3,34.5,True,True,,True,ambiguous_promoted:monitoring_column_3_field_photo,,14.809466,78.964907,project_level,check_dam
YSR-KADAPA_IWMP-43_CHINNAORAMPADU_p10_i0.jpg,YSR-KADAPA_IWMP-43_CHINNAORAMPADU.pdf,10,Ysr Kadapa,AP,vegetation_changes,,,615,502,234.0,68.8,48.5,True,True,,True,ambiguous_promoted:monitoring_column_3_field_photo,,14.023866,79.220603,project_level,plantation
YSR-KADAPA_IWMP-43_CHINNAORAMPADU_p9_i0.jpg,YSR-KADAPA_IWMP-43_CHINNAORAMPADU.pdf,9,Ysr Kadapa,AP,unspecified,,,615,502,327.0,47.1,79.7,True,True,,True,ambiguous_promoted:monitoring_column_3_field_photo,,14.023866,79.220603,project_level,water_structure_other
YSR-KADAPA_IWMP-43_CHINNAORAMPADU_p9_i9.jpg,YSR-KADAPA_IWMP-43_CHINNAORAMPADU.pdf,9,Ysr Kadapa,AP,unspecified,,,615,502,248.0,72.1,47.4,True,True,,True,ambiguous_promoted:monitoring_column_3_field_photo,,14.023866,79.220603,project_level,water_structure_other
YSR-KADAPA_IWMP-44_ANIMELA_p10_i0.jpg,YSR-KADAPA_IWMP-44_ANIMELA.pdf,10,Ysr Kadapa,AP,water_conservation_structures,,,555,452,205.0,62.4,33.0,True,True,,True,ambiguous_promoted:monitoring_column_3_field_photo,,14.529581,78.526391,project_level,farm_pond
YSR-KADAPA_IWMP-44_ANIMELA_p10_i9.jpg,YSR-KADAPA_IWMP-44_ANIMELA.pdf,10,Ysr Kadapa,AP,water_conservation_structures,,,611,498,161.0,39.2,76.8,True,True,,True,ambiguous_promoted:monitoring_column_3_field_photo,,14.529581,78.526391,project_level,farm_pond
YSR-KADAPA_IWMP-44_ANIMELA_p9_i0.jpg,YSR-KADAPA_IWMP-44_ANIMELA.pdf,9,Ysr Kadapa,AP,water_conservation_structures,,,555,452,205.0,62.4,33.0,True,True,,True,ambiguous_promoted:monitoring_column_3_field_photo,,14.529581,78.526391,project_level,farm_pond
YSR-KADAPA_IWMP-44_ANIMELA_p9_i9.jpg,YSR-KADAPA_IWMP-44_ANIMELA.pdf,9,Ysr Kadapa,AP,water_conservation_structures,,,611,498,322.0,66.4,40.4,True,True,,True,ambiguous_promoted:monitoring_column_3_field_photo,,14.529581,78.526391,project_level,farm_pond
YSR-KADAPA_IWMP-45_RANGASAMUDRAM_p10_i0.jpg,YSR-KADAPA_IWMP-45_RANGASAMUDRAM.pdf,10,Ysr Kadapa,AP,vegetation_changes,,,615,498,143.0,75.5,30.4,True,True,,True,ambiguous_promoted:monitoring_column_3_field_photo,,14.966796,78.994871,project_level,plantation
YSR-KADAPA_IWMP-45_RANGASAMUDRAM_p10_i9.jpg,YSR-KADAPA_IWMP-45_RANGASAMUDRAM.pdf,10,Ysr Kadapa,AP,vegetation_changes,,,611,494,315.0,48.8,70.6,True,True,,True,ambiguous_promoted:monitoring_column_3_field_photo,,14.966796,78.994871,project_level,plantation
YSR-KADAPA_IWMP-45_RANGASAMUDRAM_p9_i9.jpg,YSR-KADAPA_IWMP-45_RANGASAMUDRAM.pdf,9,Ysr Kadapa,AP,vegetation_changes,,,615,494,310.0,76.1,52.6,True,True,,True,ambiguous_promoted:monitoring_column_3_field_photo,,14.966796,78.994871,project_level,plantation
YSR-KADAPA_IWMP_01_MALLELA_p10_i0.jpg,YSR-KADAPA_IWMP_01_MALLELA.pdf,10,Ysr Kadapa,AP,water_conservation_structures,,,618,504,177.0,46.4,82.8,True,True,,True,ambiguous_promoted:monitoring_column_3_field_photo,,,,no_coordinate_available,farm_pond
YSR-KADAPA_IWMP_01_MALLELA_p10_i9.jpg,YSR-KADAPA_IWMP_01_MALLELA.pdf,10,Ysr Kadapa,AP,water_conservation_structures,,,618,504,293.0,51.1,60.8,True,True,,True,ambiguous_promoted:monitoring_column_3_field_photo,,,,no_coordinate_available,farm_pond
YSR-KADAPA_IWMP_01_MALLELA_p11_i0.jpg,YSR-KADAPA_IWMP_01_MALLELA.pdf,11,Ysr Kadapa,AP,water_conservation_structures,,,618,504,200.0,36.6,74.9,True,True,,True,ambiguous_promoted:monitoring_column_3_field_photo,,,,no_coordinate_available,farm_pond
YSR-KADAPA_IWMP_01_MALLELA_p11_i9.jpg,YSR-KADAPA_IWMP_01_MALLELA.pdf,11,Ysr Kadapa,AP,water_conservation_structures,,,618,504,238.0,92.5,16.5,True,True,,True,ambiguous_promoted:monitoring_column_3_field_photo,,,,no_coordinate_available,farm_pond
YSR-KADAPA_IWMP_02_CHINNACHAPPALLI_p11_i13.jpg,YSR-KADAPA_IWMP_02_CHINNACHAPPALLI.pdf,11,Ysr Kadapa,AP,water_conservation_structures,,,618,504,190.0,61.7,31.7,True,True,,True,ambiguous_promoted:monitoring_column_3_field_photo,,,,no_coordinate_available,check_dam
YSR-KADAPA_IWMP_02_CHINNACHAPPALLI_p11_i5.jpg,YSR-KADAPA_IWMP_02_CHINNACHAPPALLI.pdf,11,Ysr Kadapa,AP,water_conservation_structures,,,618,504,236.0,78.4,32.0,True,True,,True,ambiguous_promoted:monitoring_column_3_field_photo,,,,no_coordinate_available,check_dam
YSR-KADAPA_IWMP_02_CHINNACHAPPALLI_p12_i0.jpg,YSR-KADAPA_IWMP_02_CHINNACHAPPALLI.pdf,12,Ysr Kadapa,AP,water_conservation_structures,,,618,464,164.0,65.3,20.6,True,True,,True,ambiguous_promoted:monitoring_column_3_field_photo,,,,no_coordinate_available,farm_pond
YSR-KADAPA_IWMP_02_CHINNACHAPPALLI_p12_i9.jpg,YSR-KADAPA_IWMP_02_CHINNACHAPPALLI.pdf,12,Ysr Kadapa,AP,water_conservation_structures,,,618,504,188.0,43.8,66.6,True,True,,True,ambiguous_promoted:monitoring_column_3_field_photo,,,,no_coordinate_available,farm_pond
YSR-KADAPA_IWMP_03_GOPAVARAM_p10_i0.jpg,YSR-KADAPA_IWMP_03_GOPAVARAM.pdf,10,Ysr Kadapa,AP,water_conservation_structures,,,618,504,200.0,36.6,74.9,True,True,,True,ambiguous_promoted:monitoring_column_3_field_photo,,,,no_coordinate_available,farm_pond
YSR-KADAPA_IWMP_03_GOPAVARAM_p10_i9.jpg,YSR-KADAPA_IWMP_03_GOPAVARAM.pdf,10,Ysr Kadapa,AP,water_conservation_structures,,,618,504,238.0,92.5,16.5,True,True,,True,ambiguous_promoted:monitoring_column_3_field_photo,,,,no_coordinate_available,farm_pond
YSR-KADAPA_IWMP_03_GOPAVARAM_p8_i5.jpg,YSR-KADAPA_IWMP_03_GOPAVARAM.pdf,8,Ysr Kadapa,AP,water_conservation_structures,,,618,504,141.0,58.7,62.9,True,True,,True,ambiguous_promoted:monitoring_column_3_field_photo,,,,no_coordinate_available,check_dam
YSR-KADAPA_IWMP_03_GOPAVARAM_p9_i0.jpg,YSR-KADAPA_IWMP_03_GOPAVARAM.pdf,9,Ysr Kadapa,AP,water_conservation_structures,,,618,504,177.0,46.4,82.8,True,True,,True,ambiguous_promoted:monitoring_column_3_field_photo,,,,no_coordinate_available,farm_pond
YSR-KADAPA_IWMP_03_GOPAVARAM_p9_i9.jpg,YSR-KADAPA_IWMP_03_GOPAVARAM.pdf,9,Ysr Kadapa,AP,water_conservation_structures,,,618,504,284.0,51.1,60.9,True,True,,True,ambiguous_promoted:monitoring_column_3_field_photo,,,,no_coordinate_available,farm_pond
YSR-KADAPA_IWMP_04_DHODIUM_p11_i11.jpg,YSR-KADAPA_IWMP_04_DHODIUM.pdf,11,Ysr Kadapa,AP,water_conservation_structures,,,618,504,280.0,31.8,44.7,True,True,,True,ambiguous_promoted:monitoring_column_3_field_photo,,,,no_coordinate_available,water_structure_other
YSR-KADAPA_IWMP_04_DHODIUM_p12_i0.jpg,YSR-KADAPA_IWMP_04_DHODIUM.pdf,12,Ysr Kadapa,AP,water_conservation_structures,,,618,504,235.0,44.3,44.2,True,True,,True,ambiguous_promoted:monitoring_column_3_field_photo,,,,no_coordinate_available,farm_pond
YSR-KADAPA_IWMP_04_DHODIUM_p12_i9.jpg,YSR-KADAPA_IWMP_04_DHODIUM.pdf,12,Ysr Kadapa,AP,water_conservation_structures,,,618,504,253.0,59.5,44.2,True,True,,True,ambiguous_promoted:monitoring_column_3_field_photo,,,,no_coordinate_available,farm_pond
YSR-KADAPA_IWMP_04_DHODIUM_p13_i9.jpg,YSR-KADAPA_IWMP_04_DHODIUM.pdf,13,Ysr Kadapa,AP,water_conservation_structures,,,618,504,438.0,64.7,36.3,True,True,,True,ambiguous_promoted:monitoring_column_3_field_photo,,,,no_coordinate_available,farm_pond
YSR-KADAPA_IWMP_05_K-YERRAGUDI_p8_i11.jpg,YSR-KADAPA_IWMP_05_K-YERRAGUDI.pdf,8,Ysr Kadapa,AP,water_conservation_structures,,,618,504,312.0,70.5,31.3,True,True,,True,ambiguous_promoted:monitoring_column_3_field_photo,,,,no_coordinate_available,check_dam
YSR-KADAPA_IWMP_05_K-YERRAGUDI_p8_i3.jpg,YSR-KADAPA_IWMP_05_K-YERRAGUDI.pdf,8,Ysr Kadapa,AP,water_conservation_structures,,,618,504,310.0,50.8,32.2,True,True,,True,ambiguous_promoted:monitoring_column_3_field_photo,,,,no_coordinate_available,check_dam
YSR-KADAPA_IWMP_05_K-YERRAGUDI_p9_i3.jpg,YSR-KADAPA_IWMP_05_K-YERRAGUDI.pdf,9,Ysr Kadapa,AP,water_conservation_structures,,,618,504,239.0,30.1,46.6,True,True,,True,ambiguous_promoted:monitoring_column_3_field_photo,,,,no_coordinate_available,check_dam
YSR-KADAPA_IWMP_06_VERRABELLI_p10_i13.jpg,YSR-KADAPA_IWMP_06_VERRABELLI.pdf,10,Ysr Kadapa,AP,water_conservation_structures,,,618,504,426.0,77.2,33.3,True,True,,True,ambiguous_promoted:monitoring_column_3_field_photo,,,,no_coordinate_available,check_dam
YSR-KADAPA_IWMP_06_VERRABELLI_p11_i0.jpg,YSR-KADAPA_IWMP_06_VERRABELLI.pdf,11,Ysr Kadapa,AP,vegetation_changes,,,618,505,513.0,56.4,54.0,True,True,,True,ambiguous_promoted:monitoring_column_3_field_photo,,,,no_coordinate_available,plantation
YSR-KADAPA_IWMP_06_VERRABELLI_p11_i9.jpg,YSR-KADAPA_IWMP_06_VERRABELLI.pdf,11,Ysr Kadapa,AP,vegetation_changes,,,618,504,344.0,73.5,47.5,True,True,,True,ambiguous_promoted:monitoring_column_3_field_photo,,,,no_coordinate_available,plantation
YSR-KADAPA_IWMP_07_UPPALUR_p10_i13.jpg,YSR-KADAPA_IWMP_07_UPPALUR.pdf,10,Ysr Kadapa,AP,water_conservation_structures,,,618,504,305.0,44.2,62.6,True,True,,True,ambiguous_promoted:monitoring_column_3_field_photo,,,,no_coordinate_available,check_dam
YSR-KADAPA_IWMP_07_UPPALUR_p10_i5.jpg,YSR-KADAPA_IWMP_07_UPPALUR.pdf,10,Ysr Kadapa,AP,water_conservation_structures,,,618,504,434.0,60.6,38.8,True,True,,True,ambiguous_promoted:monitoring_column_3_field_photo,,,,no_coordinate_available,check_dam
YSR-KADAPA_IWMP_07_UPPALUR_p12_i0.jpg,YSR-KADAPA_IWMP_07_UPPALUR.pdf,12,Ysr Kadapa,AP,vegetation_changes,,,640,480,456.0,50.8,63.1,True,True,,True,ambiguous_promoted:monitoring_column_3_field_photo,,,,no_coordinate_available,plantation
YSR-KADAPA_IWMP_07_UPPALUR_p12_i9.jpg,YSR-KADAPA_IWMP_07_UPPALUR.pdf,12,Ysr Kadapa,AP,vegetation_changes,,,618,504,330.0,75.7,55.6,True,True,,True,ambiguous_promoted:monitoring_column_3_field_photo,,,,no_coordinate_available,plantation
