filename,category,destination,district,structure_type,reason
ANANTAPURAMU_IWMP-01_BANDLAPALLI_p8_i5.jpg,ground_truth,c:\Users\Mohammed\Desktop\actual 26015\abc\ground_truth\Anantapuramu\check_dam\ANANTAPURAMU_IWMP-01_BANDLAPALLI_p8_i5.jpg,Anantapuramu,check_dam,monitoring_column_3_field_photo
ANANTAPURAMU_IWMP-01_BANDLAPALLI_p9_i0.jpg,ground_truth,c:\Users\Mohammed\Desktop\actual 26015\abc\ground_truth\Anantapuramu\boulder_structure\ANANTAPURAMU_IWMP-01_BANDLAPALLI_p9_i0.jpg,Anantapuramu,boulder_structure,monitoring_column_3_field_photo
ANANTAPURAMU_IWMP-01_BANDLAPALLI_p9_i9.jpg,ground_truth,c:\Users\Mohammed\Desktop\actual 26015\abc\ground_truth\Anantapuramu\farm_pond\ANANTAPURAMU_IWMP-01_BANDLAPALLI_p9_i9.jpg,Anantapuramu,farm_pond,monitoring_column_3_field_photo
ANANTAPURAMU_IWMP-02_TAVALAM_p11_i5.jpg,ground_truth,c:\Users\Mohammed\Desktop\actual 26015\abc\ground_truth\Anantapuramu\check_dam\ANANTAPURAMU_IWMP-02_TAVALAM_p11_i5.jpg,Anantapuramu,check_dam,monitoring_column_3_field_photo
ANANTAPURAMU_IWMP-02_TAVALAM_p12_i0.jpg,ground_truth,c:\Users\Mohammed\Desktop\actual 26015\abc\ground_truth\Anantapuramu\check_dam\ANANTAPURAMU_IWMP-02_TAVALAM_p12_i0.jpg,Anantapuramu,check_dam,monitoring_column_3_field_photo
ANANTAPURAMU_IWMP-04_VAJRAKARUR_p10_i5.jpg,ground_truth,c:\Users\Mohammed\Desktop\actual 26015\abc\ground_truth\Anantapuramu\check_dam\ANANTAPURAMU_IWMP-04_VAJRAKARUR_p10_i5.jpg,Anantapuramu,check_dam,monitoring_column_3_field_photo
ANANTAPURAMU_IWMP-04_VAJRAKARUR_p11_i0.jpg,ground_truth,c:\Users\Mohammed\Desktop\actual 26015\abc\ground_truth\Anantapuramu\farm_pond\ANANTAPURAMU_IWMP-04_VAJRAKARUR_p11_i0.jpg,Anantapuramu,farm_pond,monitoring_column_3_field_photo
ANANTAPURAMU_IWMP-04_VAJRAKARUR_p12_i11.jpg,ground_truth,c:\Users\Mohammed\Desktop\actual 26015\abc\ground_truth\Anantapuramu\boulder_structure\ANANTAPURAMU_IWMP-04_VAJRAKARUR_p12_i11.jpg,Anantapuramu,boulder_structure,monitoring_column_3_field_photo
ANANTAPURAMU_IWMP-04_VAJRAKARUR_p12_i3.jpg,ground_truth,c:\Users\Mohammed\Desktop\actual 26015\abc\ground_truth\Anantapuramu\boulder_structure\ANANTAPURAMU_IWMP-04_VAJRAKARUR_p12_i3.jpg,Anantapuramu,boulder_structure,monitoring_column_3_field_photo
ANANTAPURAMU_IWMP-05_NALLAMADA_p12_i0.jpg,ground_truth,c:\Users\Mohammed\Desktop\actual 26015\abc\ground_truth\Anantapuramu\plantation\ANANTAPURAMU_IWMP-05_NALLAMADA_p12_i0.jpg,Anantapuramu,plantation,monitoring_column_3_field_photo
ANANTAPURAMU_IWMP-05_NALLAMADA_p12_i9.jpg,ground_truth,c:\Users\Mohammed\Desktop\actual 26015\abc\ground_truth\Anantapuramu\plantation\ANANTAPURAMU_IWMP-05_NALLAMADA_p12_i9.jpg,Anantapuramu,plantation,monitoring_column_3_field_photo
ANANTAPURAMU_IWMP-06_RATNAGIRI_p7_i11.jpg,ground_truth,c:\Users\Mohammed\Desktop\actual 26015\abc\ground_truth\Anantapuramu\boulder_structure\ANANTAPURAMU_IWMP-06_RATNAGIRI_p7_i11.jpg,Anantapuramu,boulder_structure,monitoring_column_3_field_photo
ANANTAPURAMU_IWMP-06_RATNAGIRI_p7_i3.jpg,ground_truth,c:\Users\Mohammed\Desktop\actual 26015\abc\ground_truth\Anantapuramu\boulder_structure\ANANTAPURAMU_IWMP-06_RATNAGIRI_p7_i3.jpg,Anantapuramu,boulder_structure,monitoring_column_3_field_photo
ANANTAPURAMU_IWMP-06_RATNAGIRI_p8_i0.jpg,ground_truth,c:\Users\Mohammed\Desktop\actual 26015\abc\ground_truth\Anantapuramu\check_dam\ANANTAPURAMU_IWMP-06_RATNAGIRI_p8_i0.jpg,Anantapuramu,check_dam,monitoring_column_3_field_photo
ANANTAPURAMU_IWMP-07_GORANTLA_p10_i5.jpg,ground_truth,c:\Users\Mohammed\Desktop\actual 26015\abc\ground_truth\Anantapuramu\check_dam\ANANTAPURAMU_IWMP-07_GORANTLA_p10_i5.jpg,Anantapuramu,check_dam,monitoring_column_3_field_photo
ANANTAPURAMU_IWMP-08_PUTTAPARTHI_p10_i13.jpg,ground_truth,c:\Users\Mohammed\Desktop\actual 26015\abc\ground_truth\Anantapuramu\plantation\ANANTAPURAMU_IWMP-08_PUTTAPARTHI_p10_i13.jpg,Anantapuramu,plantation,monitoring_column_3_field_photo
ANANTAPURAMU_IWMP-08_PUTTAPARTHI_p10_i5.jpg,ground_truth,c:\Users\Mohammed\Desktop\actual 26015\abc\ground_truth\Anantapuramu\plantation\ANANTAPURAMU_IWMP-08_PUTTAPARTHI_p10_i5.jpg,Anantapuramu,plantation,monitoring_column_3_field_photo
ANANTAPURAMU_IWMP-09_VARADAYAPALLE_p11_i13.jpg,ground_truth,c:\Users\Mohammed\Desktop\actual 26015\abc\ground_truth\Anantapuramu\plantation\ANANTAPURAMU_IWMP-09_VARADAYAPALLE_p11_i13.jpg,Anantapuramu,plantation,monitoring_column_3_field_photo
ANANTAPURAMU_IWMP-09_VARADAYAPALLE_p11_i5.jpg,ground_truth,c:\Users\Mohammed\Desktop\actual 26015\abc\ground_truth\Anantapuramu\plantation\ANANTAPURAMU_IWMP-09_VARADAYAPALLE_p11_i5.jpg,Anantapuramu,plantation,monitoring_column_3_field_photo
ANANTAPURAMU_IWMP-09_VARADAYAPALLE_p12_i8.jpg,ground_truth,c:\Users\Mohammed\Desktop\actual 26015\abc\ground_truth\Anantapuramu\check_dam\ANANTAPURAMU_IWMP-09_VARADAYAPALLE_p12_i8.jpg,Anantapuramu,check_dam,monitoring_column_3_field_photo
ANANTAPURAMU_IWMP-09_VARADAYAPALLE_p12_i9.jpg,ground_truth,c:\Users\Mohammed\Desktop\actual 26015\abc\ground_truth\Anantapuramu\check_dam\ANANTAPURAMU_IWMP-09_VARADAYAPALLE_p12_i9.jpg,Anantapuramu,check_dam,monitoring_column_3_field_photo
ANANTAPURAMU_IWMP-10_MUTTALA_p11_i5.jpg,ground_truth,c:\Users\Mohammed\Desktop\actual 26015\abc\ground_truth\Anantapuramu\farm_pond\ANANTAPURAMU_IWMP-10_MUTTALA_p11_i5.jpg,Anantapuramu,farm_pond,monitoring_column_3_field_photo
ANANTAPURAMU_IWMP-10_MUTTALA_p12_i13.jpg,ground_truth,c:\Users\Mohammed\Desktop\actual 26015\abc\ground_truth\Anantapuramu\plantation\ANANTAPURAMU_IWMP-10_MUTTALA_p12_i13.jpg,Anantapuramu,plantation,monitoring_column_3_field_photo
ANANTAPURAMU_IWMP-10_MUTTALA_p12_i5.jpg,ground_truth,c:\Users\Mohammed\Desktop\actual 26015\abc\ground_truth\Anantapuramu\plantation\ANANTAPURAMU_IWMP-10_MUTTALA_p12_i5.jpg,Anantapuramu,plantation,monitoring_column_3_field_photo
ANANTAPURAMU_IWMP-11_M.N.PALLI__p10_i11.jpg,ground_truth,c:\Users\Mohammed\Desktop\actual 26015\abc\ground_truth\Anantapuramu\check_dam\ANANTAPURAMU_IWMP-11_M.N.PALLI__p10_i11.jpg,Anantapuramu,check_dam,monitoring_column_3_field_photo
ANANTAPURAMU_IWMP-11_M.N.PALLI__p10_i3.jpg,ground_truth,c:\Users\Mohammed\Desktop\actual 26015\abc\ground_truth\Anantapuramu\check_dam\ANANTAPURAMU_IWMP-11_M.N.PALLI__p10_i3.jpg,Anantapuramu,check_dam,monitoring_column_3_field_photo
ANANTAPURAMU_IWMP-11_M.N.PALLI__p11_i0.jpg,ground_truth,c:\Users\Mohammed\Desktop\actual 26015\abc\ground_truth\Anantapuramu\percolation_tank\ANANTAPURAMU_IWMP-11_M.N.PALLI__p11_i0.jpg,Anantapuramu,percolation_tank,monitoring_column_3_field_photo
ANANTAPURAMU_IWMP-11_M.N.PALLI__p11_i9.jpg,ground_truth,c:\Users\Mohammed\Desktop\actual 26015\abc\ground_truth\Anantapuramu\percolation_tank\ANANTAPURAMU_IWMP-11_M.N.PALLI__p11_i9.jpg,Anantapuramu,percolation_tank,monitoring_column_3_field_photo
ANANTAPURAMU_IWMP-12_THUMBIGANOOR_p10_i0.jpg,ground_truth,c:\Users\Mohammed\Desktop\actual 26015\abc\ground_truth\Anantapuramu\water_structure_other\ANANTAPURAMU_IWMP-12_THUMBIGANOOR_p10_i0.jpg,Anantapuramu,water_structure_other,monitoring_column_3_field_photo
ANANTAPURAMU_IWMP-12_THUMBIGANOOR_p10_i9.jpg,ground_truth,c:\Users\Mohammed\Desktop\actual 26015\abc\ground_truth\Anantapuramu\water_structure_other\ANANTAPURAMU_IWMP-12_THUMBIGANOOR_p10_i9.jpg,Anantapuramu,water_structure_other,monitoring_column_3_field_photo
ANANTAPURAMU_IWMP-12_THUMBIGANOOR_p9_i11.jpg,ground_truth,c:\Users\Mohammed\Desktop\actual 26015\abc\ground_truth\Anantapuramu\check_dam\ANANTAPURAMU_IWMP-12_THUMBIGANOOR_p9_i11.jpg,Anantapuramu,check_dam,monitoring_column_3_field_photo
ANANTAPURAMU_IWMP-12_THUMBIGANOOR_p9_i3.jpg,ground_truth,c:\Users\Mohammed\Desktop\actual 26015\abc\ground_truth\Anantapuramu\check_dam\ANANTAPURAMU_IWMP-12_THUMBIGANOOR_p9_i3.jpg,Anantapuramu,check_dam,monitoring_column_3_field_photo
ANANTAPURAMU_IWMP-14_MURADI_p11_i5.jpg,ground_truth,c:\Users\Mohammed\Desktop\actual 26015\abc\ground_truth\Anantapuramu\check_dam\ANANTAPURAMU_IWMP-14_MURADI_p11_i5.jpg,Anantapuramu,check_dam,monitoring_column_3_field_photo
ANANTAPURAMU_IWMP-14_MURADI_p12_i9.jpg,ground_truth,c:\Users\Mohammed\Desktop\actual 26015\abc\ground_truth\Anantapuramu\water_structure_other\ANANTAPURAMU_IWMP-14_MURADI_p12_i9.jpg,Anantapuramu,water_structure_other,monitoring_column_3_field_photo
ANANTAPURAMU_IWMP-15_LAKSHAMPALLI_p11_i6.jpg,ground_truth,c:\Users\Mohammed\Desktop\actual 26015\abc\ground_truth\Anantapuramu\check_dam\ANANTAPURAMU_IWMP-15_LAKSHAMPALLI_p11_i6.jpg,Anantapuramu,check_dam,monitoring_column_3_field_photo
ANANTAPURAMU_IWMP-16_GUGUDU_p8_i0.jpg,ground_truth,c:\Users\Mohammed\Desktop\actual 26015\abc\ground_truth\Anantapuramu\farm_pond\ANANTAPURAMU_IWMP-16_GUGUDU_p8_i0.jpg,Anantapuramu,farm_pond,monitoring_column_3_field_photo
ANANTAPURAMU_IWMP-16_GUGUDU_p8_i9.jpg,ground_truth,c:\Users\Mohammed\Desktop\actual 26015\abc\ground_truth\Anantapuramu\farm_pond\ANANTAPURAMU_IWMP-16_GUGUDU_p8_i9.jpg,Anantapuramu,farm_pond,monitoring_column_3_field_photo
ANANTAPURAMU_IWMP-17_BANDAMEEDIPALLE_p7_i0.jpg,ground_truth,c:\Users\Mohammed\Desktop\actual 26015\abc\ground_truth\Anantapuramu\check_dam\ANANTAPURAMU_IWMP-17_BANDAMEEDIPALLE_p7_i0.jpg,Anantapuramu,check_dam,page_water_structure_keywords
ANANTAPURAMU_IWMP-17_BANDAMEEDIPALLE_p8_i13.jpg,ground_truth,c:\Users\Mohammed\Desktop\actual 26015\abc\ground_truth\Anantapuramu\farm_pond\ANANTAPURAMU_IWMP-17_BANDAMEEDIPALLE_p8_i13.jpg,Anantapuramu,farm_pond,monitoring_column_3_field_photo
ANANTAPURAMU_IWMP-17_BANDAMEEDIPALLE_p8_i5.jpg,ground_truth,c:\Users\Mohammed\Desktop\actual 26015\abc\ground_truth\Anantapuramu\farm_pond\ANANTAPURAMU_IWMP-17_BANDAMEEDIPALLE_p8_i5.jpg,Anantapuramu,farm_pond,monitoring_column_3_field_photo
ANANTAPURAMU_IWMP-17_BANDAMEEDIPALLE_p9_i0.jpg,ground_truth,c:\Users\Mohammed\Desktop\actual 26015\abc\ground_truth\Anantapuramu\farm_pond\ANANTAPURAMU_IWMP-17_BANDAMEEDIPALLE_p9_i0.jpg,Anantapuramu,farm_pond,monitoring_column_3_field_photo
ANANTAPURAMU_IWMP-17_BANDAMEEDIPALLE_p9_i9.jpg,ground_truth,c:\Users\Mohammed\Desktop\actual 26015\abc\ground_truth\Anantapuramu\farm_pond\ANANTAPURAMU_IWMP-17_BANDAMEEDIPALLE_p9_i9.jpg,Anantapuramu,farm_pond,monitoring_column_3_field_photo
ANANTAPURAMU_IWMP-18_KODIPALLI_p8_i13.jpg,ground_truth,c:\Users\Mohammed\Desktop\actual 26015\abc\ground_truth\Anantapuramu\farm_pond\ANANTAPURAMU_IWMP-18_KODIPALLI_p8_i13.jpg,Anantapuramu,farm_pond,monitoring_column_3_field_photo
ANANTAPURAMU_IWMP-18_KODIPALLI_p8_i5.jpg,ground_truth,c:\Users\Mohammed\Desktop\actual 26015\abc\ground_truth\Anantapuramu\farm_pond\ANANTAPURAMU_IWMP-18_KODIPALLI_p8_i5.jpg,Anantapuramu,farm_pond,monitoring_column_3_field_photo
ANANTAPURAMU_IWMP-18_KODIPALLI_p9_i5.jpg,ground_truth,c:\Users\Mohammed\Desktop\actual 26015\abc\ground_truth\Anantapuramu\farm_pond\ANANTAPURAMU_IWMP-18_KODIPALLI_p9_i5.jpg,Anantapuramu,farm_pond,monitoring_column_3_field_photo
ANANTAPURAMU_IWMP-19_KANAGANAPALLE_p18_i0.jpg,satellite,c:\Users\Mohammed\Desktop\actual 26015\abc\satellite_images\ANANTAPURAMU_IWMP-19_KANAGANAPALLE_p18_i0.jpg,Anantapuramu,satellite_lulc,lulc_page_pre_post_treatment
ANANTAPURAMU_IWMP-19_KANAGANAPALLE_p18_i1.jpg,satellite,c:\Users\Mohammed\Desktop\actual 26015\abc\satellite_images\ANANTAPURAMU_IWMP-19_KANAGANAPALLE_p18_i1.jpg,Anantapuramu,satellite_lulc,lulc_page_pre_post_treatment
ANANTAPURAMU_IWMP-19_KANAGANAPALLE_p19_i1.jpg,satellite,c:\Users\Mohammed\Desktop\actual 26015\abc\satellite_images\ANANTAPURAMU_IWMP-19_KANAGANAPALLE_p19_i1.jpg,Anantapuramu,satellite_lulc,lulc_page_pre_post_treatment
ANANTAPURAMU_IWMP-19_KANAGANAPALLE_p7_i0.jpg,satellite,c:\Users\Mohammed\Desktop\actual 26015\abc\satellite_images\ANANTAPURAMU_IWMP-19_KANAGANAPALLE_p7_i0.jpg,Anantapuramu,satellite_other,no_monitoring_context
ANANTAPURAMU_IWMP-19_KANAGANAPALLE_p8_i13.jpg,ground_truth,c:\Users\Mohammed\Desktop\actual 26015\abc\ground_truth\Anantapuramu\farm_pond\ANANTAPURAMU_IWMP-19_KANAGANAPALLE_p8_i13.jpg,Anantapuramu,farm_pond,monitoring_column_3_field_photo
ANANTAPURAMU_IWMP-20_GANTHIMARRI_p18_i1.jpg,satellite,c:\Users\Mohammed\Desktop\actual 26015\abc\satellite_images\ANANTAPURAMU_IWMP-20_GANTHIMARRI_p18_i1.jpg,Anantapuramu,satellite_lulc,lulc_page_pre_post_treatment
ANANTAPURAMU_IWMP-20_GANTHIMARRI_p18_i2.jpg,satellite,c:\Users\Mohammed\Desktop\actual 26015\abc\satellite_images\ANANTAPURAMU_IWMP-20_GANTHIMARRI_p18_i2.jpg,Anantapuramu,satellite_lulc,lulc_page_pre_post_treatment
ANANTAPURAMU_IWMP-20_GANTHIMARRI_p9_i13.jpg,ground_truth,c:\Users\Mohammed\Desktop\actual 26015\abc\ground_truth\Anantapuramu\check_dam\ANANTAPURAMU_IWMP-20_GANTHIMARRI_p9_i13.jpg,Anantapuramu,check_dam,monitoring_column_3_field_photo
ANANTAPURAMU_IWMP-20_GANTHIMARRI_p9_i5.jpg,ground_truth,c:\Users\Mohammed\Desktop\actual 26015\abc\ground_truth\Anantapuramu\check_dam\ANANTAPURAMU_IWMP-20_GANTHIMARRI_p9_i5.jpg,Anantapuramu,check_dam,monitoring_column_3_field_photo
ANANTAPURAMU_IWMP-21_KOPPALAKONDA_p7_i0.jpg,ground_truth,c:\Users\Mohammed\Desktop\actual 26015\abc\ground_truth\Anantapuramu\farm_pond\ANANTAPURAMU_IWMP-21_KOPPALAKONDA_p7_i0.jpg,Anantapuramu,farm_pond,page_water_structure_keywords
ANANTAPURAMU_IWMP-21_KOPPALAKONDA_p8_i13.jpg,ground_truth,c:\Users\Mohammed\Desktop\actual 26015\abc\ground_truth\Anantapuramu\farm_pond\ANANTAPURAMU_IWMP-21_KOPPALAKONDA_p8_i13.jpg,Anantapuramu,farm_pond,monitoring_column_3_field_photo
ANANTAPURAMU_IWMP-21_KOPPALAKONDA_p8_i5.jpg,ground_truth,c:\Users\Mohammed\Desktop\actual 26015\abc\ground_truth\Anantapuramu\farm_pond\ANANTAPURAMU_IWMP-21_KOPPALAKONDA_p8_i5.jpg,Anantapuramu,farm_pond,monitoring_column_3_field_photo
ANANTAPURAMU_IWMP-21_KOPPALAKONDA_p9_i13.jpg,ground_truth,c:\Users\Mohammed\Desktop\actual 26015\abc\ground_truth\Anantapuramu\water_structure_other\ANANTAPURAMU_IWMP-21_KOPPALAKONDA_p9_i13.jpg,Anantapuramu,water_structure_other,monitoring_column_3_field_photo
ANANTAPURAMU_IWMP-22_KAMALAPADU_p8_i13.jpg,ground_truth,c:\Users\Mohammed\Desktop\actual 26015\abc\ground_truth\Anantapuramu\check_dam\ANANTAPURAMU_IWMP-22_KAMALAPADU_p8_i13.jpg,Anantapuramu,check_dam,monitoring_column_3_field_photo
ANANTAPURAMU_IWMP-22_KAMALAPADU_p8_i5.jpg,ground_truth,c:\Users\Mohammed\Desktop\actual 26015\abc\ground_truth\Anantapuramu\check_dam\ANANTAPURAMU_IWMP-22_KAMALAPADU_p8_i5.jpg,Anantapuramu,check_dam,monitoring_column_3_field_photo
ANANTAPURAMU_IWMP-22_KAMALAPADU_p9_i5.jpg,ground_truth,c:\Users\Mohammed\Desktop\actual 26015\abc\ground_truth\Anantapuramu\check_dam\ANANTAPURAMU_IWMP-22_KAMALAPADU_p9_i5.jpg,Anantapuramu,check_dam,monitoring_column_3_field_photo
ANANTAPURAMU_IWMP-23_GUDIBANDA_p8_i13.jpg,ground_truth,c:\Users\Mohammed\Desktop\actual 26015\abc\ground_truth\Anantapuramu\check_dam\ANANTAPURAMU_IWMP-23_GUDIBANDA_p8_i13.jpg,Anantapuramu,check_dam,monitoring_column_3_field_photo
ANANTAPURAMU_IWMP-23_GUDIBANDA_p8_i5.jpg,ground_truth,c:\Users\Mohammed\Desktop\actual 26015\abc\ground_truth\Anantapuramu\check_dam\ANANTAPURAMU_IWMP-23_GUDIBANDA_p8_i5.jpg,Anantapuramu,check_dam,monitoring_column_3_field_photo
ANANTAPURAMU_IWMP-23_GUDIBANDA_p9_i13.jpg,ground_truth,c:\Users\Mohammed\Desktop\actual 26015\abc\ground_truth\Anantapuramu\check_dam\ANANTAPURAMU_IWMP-23_GUDIBANDA_p9_i13.jpg,Anantapuramu,check_dam,monitoring_column_3_field_photo
ANANTAPURAMU_IWMP-23_GUDIBANDA_p9_i5.jpg,ground_truth,c:\Users\Mohammed\Desktop\actual 26015\abc\ground_truth\Anantapuramu\check_dam\ANANTAPURAMU_IWMP-23_GUDIBANDA_p9_i5.jpg,Anantapuramu,check_dam,monitoring_column_3_field_photo
ANANTAPURAMU_IWMP-24_ETHODU_p8_i5.jpg,ground_truth,c:\Users\Mohammed\Desktop\actual 26015\abc\ground_truth\Anantapuramu\check_dam\ANANTAPURAMU_IWMP-24_ETHODU_p8_i5.jpg,Anantapuramu,check_dam,monitoring_column_3_field_photo
ANANTAPURAMU_IWMP-24_ETHODU_p9_i0.jpg,ground_truth,c:\Users\Mohammed\Desktop\actual 26015\abc\ground_truth\Anantapuramu\check_dam\ANANTAPURAMU_IWMP-24_ETHODU_p9_i0.jpg,Anantapuramu,check_dam,monitoring_column_3_field_photo
ANANTAPURAMU_IWMP-24_ETHODU_p9_i9.jpg,ground_truth,c:\Users\Mohammed\Desktop\actual 26015\abc\ground_truth\Anantapuramu\check_dam\ANANTAPURAMU_IWMP-24_ETHODU_p9_i9.jpg,Anantapuramu,check_dam,monitoring_column_3_field_photo
ANANTAPURAMU_IWMP-25_NADIMPALLI_p8_i13.jpg,ground_truth,c:\Users\Mohammed\Desktop\actual 26015\abc\ground_truth\Anantapuramu\check_dam\ANANTAPURAMU_IWMP-25_NADIMPALLI_p8_i13.jpg,Anantapuramu,check_dam,monitoring_column_3_field_photo
ANANTAPURAMU_IWMP-25_NADIMPALLI_p8_i5.jpg,ground_truth,c:\Users\Mohammed\Desktop\actual 26015\abc\ground_truth\Anantapuramu\check_dam\ANANTAPURAMU_IWMP-25_NADIMPALLI_p8_i5.jpg,Anantapuramu,check_dam,monitoring_column_3_field_photo
ANANTAPURAMU_IWMP-25_NADIMPALLI_p9_i13.jpg,ground_truth,c:\Users\Mohammed\Desktop\actual 26015\abc\ground_truth\Anantapuramu\check_dam\ANANTAPURAMU_IWMP-25_NADIMPALLI_p9_i13.jpg,Anantapuramu,check_dam,monitoring_column_3_field_photo
ANANTAPURAMU_IWMP-26_KUMMETHA_p19_i1.jpg,satellite,c:\Users\Mohammed\Desktop\actual 26015\abc\satellite_images\ANANTAPURAMU_IWMP-26_KUMMETHA_p19_i1.jpg,Anantapuramu,satellite_lulc,lulc_page_pre_post_treatment
ANANTAPURAMU_IWMP-26_KUMMETHA_p8_i13.jpg,ground_truth,c:\Users\Mohammed\Desktop\actual 26015\abc\ground_truth\Anantapuramu\water_structure_other\ANANTAPURAMU_IWMP-26_KUMMETHA_p8_i13.jpg,Anantapuramu,water_structure_other,monitoring_column_3_field_photo
ANANTAPURAMU_IWMP-26_KUMMETHA_p8_i5.jpg,ground_truth,c:\Users\Mohammed\Desktop\actual 26015\abc\ground_truth\Anantapuramu\water_structure_other\ANANTAPURAMU_IWMP-26_KUMMETHA_p8_i5.jpg,Anantapuramu,water_structure_other,monitoring_column_3_field_photo
ANANTAPURAMU_IWMP-26_KUMMETHA_p9_i5.jpg,ground_truth,c:\Users\Mohammed\Desktop\actual 26015\abc\ground_truth\Anantapuramu\check_dam\ANANTAPURAMU_IWMP-26_KUMMETHA_p9_i5.jpg,Anantapuramu,check_dam,monitoring_column_3_field_photo
ANANTAPURAMU_IWMP-27_-ITIKALAPALLI_p8_i13.jpg,ground_truth,c:\Users\Mohammed\Desktop\actual 26015\abc\ground_truth\Anantapuramu\check_dam\ANANTAPURAMU_IWMP-27_-ITIKALAPALLI_p8_i13.jpg,Anantapuramu,check_dam,monitoring_column_3_field_photo
ANANTAPURAMU_IWMP-27_-ITIKALAPALLI_p9_i5.jpg,ground_truth,c:\Users\Mohammed\Desktop\actual 26015\abc\ground_truth\Anantapuramu\farm_pond\ANANTAPURAMU_IWMP-27_-ITIKALAPALLI_p9_i5.jpg,Anantapuramu,farm_pond,monitoring_column_3_field_photo
ANANTAPURAMU_IWMP-28_REDDYPALLY_p8_i5.jpg,ground_truth,c:\Users\Mohammed\Desktop\actual 26015\abc\ground_truth\Anantapuramu\farm_pond\ANANTAPURAMU_IWMP-28_REDDYPALLY_p8_i5.jpg,Anantapuramu,farm_pond,monitoring_column_3_field_photo
ANANTAPURAMU_IWMP-28_REDDYPALLY_p9_i13.jpg,ground_truth,c:\Users\Mohammed\Desktop\actual 26015\abc\ground_truth\Anantapuramu\plantation\ANANTAPURAMU_IWMP-28_REDDYPALLY_p9_i13.jpg,Anantapuramu,plantation,monitoring_column_3_field_photo
ANANTAPURAMU_IWMP-29_THIMMASAMUDRAM_p8_i13.jpg,ground_truth,c:\Users\Mohammed\Desktop\actual 26015\abc\ground_truth\Anantapuramu\check_dam\ANANTAPURAMU_IWMP-29_THIMMASAMUDRAM_p8_i13.jpg,Anantapuramu,check_dam,monitoring_column_3_field_photo
ANANTAPURAMU_IWMP-29_THIMMASAMUDRAM_p8_i5.jpg,ground_truth,c:\Users\Mohammed\Desktop\actual 26015\abc\ground_truth\Anantapuramu\check_dam\ANANTAPURAMU_IWMP-29_THIMMASAMUDRAM_p8_i5.jpg,Anantapuramu,check_dam,monitoring_column_3_field_photo
ANANTAPURAMU_IWMP-29_THIMMASAMUDRAM_p9_i13.jpg,ground_truth,c:\Users\Mohammed\Desktop\actual 26015\abc\ground_truth\Anantapuramu\plantation\ANANTAPURAMU_IWMP-29_THIMMASAMUDRAM_p9_i13.jpg,Anantapuramu,plantation,monitoring_column_3_field_photo
ANANTAPURAMU_IWMP-29_THIMMASAMUDRAM_p9_i5.jpg,ground_truth,c:\Users\Mohammed\Desktop\actual 26015\abc\ground_truth\Anantapuramu\plantation\ANANTAPURAMU_IWMP-29_THIMMASAMUDRAM_p9_i5.jpg,Anantapuramu,plantation,monitoring_column_3_field_photo
ANANTAPURAMU_IWMP-30_MALLEPALLE_p8_i13.jpg,ground_truth,c:\Users\Mohammed\Desktop\actual 26015\abc\ground_truth\Anantapuramu\check_dam\ANANTAPURAMU_IWMP-30_MALLEPALLE_p8_i13.jpg,Anantapuramu,check_dam,monitoring_column_3_field_photo
ANANTAPURAMU_IWMP-30_MALLEPALLE_p9_i13.jpg,ground_truth,c:\Users\Mohammed\Desktop\actual 26015\abc\ground_truth\Anantapuramu\farm_pond\ANANTAPURAMU_IWMP-30_MALLEPALLE_p9_i13.jpg,Anantapuramu,farm_pond,monitoring_column_3_field_photo
ANANTAPURAMU_IWMP-30_MALLEPALLE_p9_i5.jpg,ground_truth,c:\Users\Mohammed\Desktop\actual 26015\abc\ground_truth\Anantapuramu\farm_pond\ANANTAPURAMU_IWMP-30_MALLEPALLE_p9_i5.jpg,Anantapuramu,farm_pond,monitoring_column_3_field_photo
ANANTAPURAMU_IWMP-31_DAMPETLA_p8_i13.jpg,ground_truth,c:\Users\Mohammed\Desktop\actual 26015\abc\ground_truth\Anantapuramu\water_structure_other\ANANTAPURAMU_IWMP-31_DAMPETLA_p8_i13.jpg,Anantapuramu,water_structure_other,monitoring_column_3_field_photo
ANANTAPURAMU_IWMP-31_DAMPETLA_p8_i5.jpg,ground_truth,c:\Users\Mohammed\Desktop\actual 26015\abc\ground_truth\Anantapuramu\farm_pond\ANANTAPURAMU_IWMP-31_DAMPETLA_p8_i5.jpg,Anantapuramu,farm_pond,monitoring_column_3_field_photo
ANANTAPURAMU_IWMP-31_DAMPETLA_p9_i13.jpg,ground_truth,c:\Users\Mohammed\Desktop\actual 26015\abc\ground_truth\Anantapuramu\farm_pond\ANANTAPURAMU_IWMP-31_DAMPETLA_p9_i13.jpg,Anantapuramu,farm_pond,monitoring_column_3_field_photo
ANANTAPURAMU_IWMP-31_DAMPETLA_p9_i5.jpg,ground_truth,c:\Users\Mohammed\Desktop\actual 26015\abc\ground_truth\Anantapuramu\farm_pond\ANANTAPURAMU_IWMP-31_DAMPETLA_p9_i5.jpg,Anantapuramu,farm_pond,monitoring_column_3_field_photo
ANANTAPURAMU_IWMP-32_BETHAPALLE_p8_i13.jpg,ground_truth,c:\Users\Mohammed\Desktop\actual 26015\abc\ground_truth\Anantapuramu\check_dam\ANANTAPURAMU_IWMP-32_BETHAPALLE_p8_i13.jpg,Anantapuramu,check_dam,monitoring_column_3_field_photo
ANANTAPURAMU_IWMP-32_BETHAPALLE_p9_i13.jpg,ground_truth,c:\Users\Mohammed\Desktop\actual 26015\abc\ground_truth\Anantapuramu\plantation\ANANTAPURAMU_IWMP-32_BETHAPALLE_p9_i13.jpg,Anantapuramu,plantation,monitoring_column_3_field_photo
ANANTAPURAMU_IWMP-33_BANDLAPALL_p19_i2.jpg,satellite,c:\Users\Mohammed\Desktop\actual 26015\abc\satellite_images\ANANTAPURAMU_IWMP-33_BANDLAPALL_p19_i2.jpg,Anantapuramu,satellite_lulc,lulc_page_pre_post_treatment
ANANTAPURAMU_IWMP-33_BANDLAPALL_p8_i13.jpg,ground_truth,c:\Users\Mohammed\Desktop\actual 26015\abc\ground_truth\Anantapuramu\water_structure_other\ANANTAPURAMU_IWMP-33_BANDLAPALL_p8_i13.jpg,Anantapuramu,water_structure_other,monitoring_column_3_field_photo
ANANTAPURAMU_IWMP-33_BANDLAPALL_p9_i13.jpg,ground_truth,c:\Users\Mohammed\Desktop\actual 26015\abc\ground_truth\Anantapuramu\check_dam\ANANTAPURAMU_IWMP-33_BANDLAPALL_p9_i13.jpg,Anantapuramu,check_dam,monitoring_column_3_field_photo
ANANTAPURAMU_IWMP-33_BANDLAPALL_p9_i5.jpg,ground_truth,c:\Users\Mohammed\Desktop\actual 26015\abc\ground_truth\Anantapuramu\check_dam\ANANTAPURAMU_IWMP-33_BANDLAPALL_p9_i5.jpg,Anantapuramu,check_dam,monitoring_column_3_field_photo
ANANTAPURAMU_IWMP-34_S.-KONDAPURAM_p17_i0.jpg,satellite,c:\Users\Mohammed\Desktop\actual 26015\abc\satellite_images\ANANTAPURAMU_IWMP-34_S.-KONDAPURAM_p17_i0.jpg,Anantapuramu,satellite_lulc,lulc_page_pre_post_treatment
ANANTAPURAMU_IWMP-34_S.-KONDAPURAM_p17_i1.jpg,satellite,c:\Users\Mohammed\Desktop\actual 26015\abc\satellite_images\ANANTAPURAMU_IWMP-34_S.-KONDAPURAM_p17_i1.jpg,Anantapuramu,satellite_lulc,lulc_page_pre_post_treatment
ANANTAPURAMU_IWMP-34_S.-KONDAPURAM_p17_i2.jpg,satellite,c:\Users\Mohammed\Desktop\actual 26015\abc\satellite_images\ANANTAPURAMU_IWMP-34_S.-KONDAPURAM_p17_i2.jpg,Anantapuramu,satellite_lulc,lulc_page_pre_post_treatment
ANANTAPURAMU_IWMP-34_S.-KONDAPURAM_p17_i3.jpg,satellite,c:\Users\Mohammed\Desktop\actual 26015\abc\satellite_images\ANANTAPURAMU_IWMP-34_S.-KONDAPURAM_p17_i3.jpg,Anantapuramu,satellite_lulc,lulc_page_pre_post_treatment
ANANTAPURAMU_IWMP-34_S.-KONDAPURAM_p18_i0.jpg,satellite,c:\Users\Mohammed\Desktop\actual 26015\abc\satellite_images\ANANTAPURAMU_IWMP-34_S.-KONDAPURAM_p18_i0.jpg,Anantapuramu,satellite_lulc,lulc_page_pre_post_treatment
ANANTAPURAMU_IWMP-34_S.-KONDAPURAM_p18_i2.jpg,satellite,c:\Users\Mohammed\Desktop\actual 26015\abc\satellite_images\ANANTAPURAMU_IWMP-34_S.-KONDAPURAM_p18_i2.jpg,Anantapuramu,satellite_lulc,lulc_page_pre_post_treatment
ANANTAPURAMU_IWMP-34_S.-KONDAPURAM_p19_i0.jpg,satellite,c:\Users\Mohammed\Desktop\actual 26015\abc\satellite_images\ANANTAPURAMU_IWMP-34_S.-KONDAPURAM_p19_i0.jpg,Anantapuramu,satellite_lulc,lulc_page_pre_post_treatment
ANANTAPURAMU_IWMP-34_S.-KONDAPURAM_p19_i1.jpg,satellite,c:\Users\Mohammed\Desktop\actual 26015\abc\satellite_images\ANANTAPURAMU_IWMP-34_S.-KONDAPURAM_p19_i1.jpg,Anantapuramu,satellite_lulc,lulc_page_pre_post_treatment
ANANTAPURAMU_IWMP-34_S.-KONDAPURAM_p19_i2.jpg,satellite,c:\Users\Mohammed\Desktop\actual 26015\abc\satellite_images\ANANTAPURAMU_IWMP-34_S.-KONDAPURAM_p19_i2.jpg,Anantapuramu,satellite_lulc,lulc_page_pre_post_treatment
ANANTAPURAMU_IWMP-34_S.-KONDAPURAM_p20_i1.jpg,satellite,c:\Users\Mohammed\Desktop\actual 26015\abc\satellite_images\ANANTAPURAMU_IWMP-34_S.-KONDAPURAM_p20_i1.jpg,Anantapuramu,satellite_lulc,lulc_page_pre_post_treatment
ANANTAPURAMU_IWMP-34_S.-KONDAPURAM_p20_i2.jpg,satellite,c:\Users\Mohammed\Desktop\actual 26015\abc\satellite_images\ANANTAPURAMU_IWMP-34_S.-KONDAPURAM_p20_i2.jpg,Anantapuramu,satellite_lulc,lulc_page_pre_post_treatment
ANANTAPURAMU_IWMP-34_S.-KONDAPURAM_p20_i3.jpg,satellite,c:\Users\Mohammed\Desktop\actual 26015\abc\satellite_images\ANANTAPURAMU_IWMP-34_S.-KONDAPURAM_p20_i3.jpg,Anantapuramu,satellite_lulc,lulc_page_pre_post_treatment
ANANTAPURAMU_IWMP-34_S.-KONDAPURAM_p8_i13.jpg,ground_truth,c:\Users\Mohammed\Desktop\actual 26015\abc\ground_truth\Anantapuramu\check_dam\ANANTAPURAMU_IWMP-34_S.-KONDAPURAM_p8_i13.jpg,Anantapuramu,check_dam,monitoring_column_3_field_photo
ANANTAPURAMU_IWMP-34_S.-KONDAPURAM_p8_i5.jpg,ground_truth,c:\Users\Mohammed\Desktop\actual 26015\abc\ground_truth\Anantapuramu\check_dam\ANANTAPURAMU_IWMP-34_S.-KONDAPURAM_p8_i5.jpg,Anantapuramu,check_dam,monitoring_column_3_field_photo
ANANTAPURAMU_IWMP-34_S.-KONDAPURAM_p9_i13.jpg,ground_truth,c:\Users\Mohammed\Desktop\actual 26015\abc\ground_truth\Anantapuramu\check_dam\ANANTAPURAMU_IWMP-34_S.-KONDAPURAM_p9_i13.jpg,Anantapuramu,check_dam,monitoring_column_3_field_photo
ANANTAPURAMU_IWMP-34_S.-KONDAPURAM_p9_i5.jpg,ground_truth,c:\Users\Mohammed\Desktop\actual 26015\abc\ground_truth\Anantapuramu\check_dam\ANANTAPURAMU_IWMP-34_S.-KONDAPURAM_p9_i5.jpg,Anantapuramu,check_dam,monitoring_column_3_field_photo
ANANTAPURAMU_IWMP-35_MORASANIPALLI_p19_i1.jpg,satellite,c:\Users\Mohammed\Desktop\actual 26015\abc\satellite_images\ANANTAPURAMU_IWMP-35_MORASANIPALLI_p19_i1.jpg,Anantapuramu,satellite_lulc,lulc_page_pre_post_treatment
ANANTAPURAMU_IWMP-35_MORASANIPALLI_p9_i13.jpg,ground_truth,c:\Users\Mohammed\Desktop\actual 26015\abc\ground_truth\Anantapuramu\farm_pond\ANANTAPURAMU_IWMP-35_MORASANIPALLI_p9_i13.jpg,Anantapuramu,farm_pond,monitoring_column_3_field_photo
ANANTAPURAMU_IWMP-35_MORASANIPALLI_p9_i5.jpg,ground_truth,c:\Users\Mohammed\Desktop\actual 26015\abc\ground_truth\Anantapuramu\farm_pond\ANANTAPURAMU_IWMP-35_MORASANIPALLI_p9_i5.jpg,Anantapuramu,farm_pond,monitoring_column_3_field_photo
ANANTAPURAMU_IWMP-36_KUNTHURU_p20_i1.jpg,satellite,c:\Users\Mohammed\Desktop\actual 26015\abc\satellite_images\ANANTAPURAMU_IWMP-36_KUNTHURU_p20_i1.jpg,Anantapuramu,satellite_lulc,lulc_page_pre_post_treatment
ANANTAPURAMU_IWMP-36_KUNTHURU_p20_i2.jpg,satellite,c:\Users\Mohammed\Desktop\actual 26015\abc\satellite_images\ANANTAPURAMU_IWMP-36_KUNTHURU_p20_i2.jpg,Anantapuramu,satellite_lulc,lulc_page_pre_post_treatment
ANANTAPURAMU_IWMP-36_KUNTHURU_p8_i13.jpg,ground_truth,c:\Users\Mohammed\Desktop\actual 26015\abc\ground_truth\Anantapuramu\check_dam\ANANTAPURAMU_IWMP-36_KUNTHURU_p8_i13.jpg,Anantapuramu,check_dam,monitoring_column_3_field_photo
ANANTAPURAMU_IWMP-36_KUNTHURU_p8_i5.jpg,ground_truth,c:\Users\Mohammed\Desktop\actual 26015\abc\ground_truth\Anantapuramu\check_dam\ANANTAPURAMU_IWMP-36_KUNTHURU_p8_i5.jpg,Anantapuramu,check_dam,monitoring_column_3_field_photo
ANANTAPURAMU_IWMP-36_KUNTHURU_p9_i5.jpg,ground_truth,c:\Users\Mohammed\Desktop\actual 26015\abc\ground_truth\Anantapuramu\farm_pond\ANANTAPURAMU_IWMP-36_KUNTHURU_p9_i5.jpg,Anantapuramu,farm_pond,monitoring_column_3_field_photo
ANANTAPURAMU_IWMP-37_GARUDACHEDU_p20_i3.jpg,satellite,c:\Users\Mohammed\Desktop\actual 26015\abc\satellite_images\ANANTAPURAMU_IWMP-37_GARUDACHEDU_p20_i3.jpg,Anantapuramu,satellite_lulc,lulc_page_pre_post_treatment
ANANTAPURAMU_IWMP-37_GARUDACHEDU_p8_i13.jpg,ground_truth,c:\Users\Mohammed\Desktop\actual 26015\abc\ground_truth\Anantapuramu\check_dam\ANANTAPURAMU_IWMP-37_GARUDACHEDU_p8_i13.jpg,Anantapuramu,check_dam,monitoring_column_3_field_photo
ANANTAPURAMU_IWMP-37_GARUDACHEDU_p9_i5.jpg,ground_truth,c:\Users\Mohammed\Desktop\actual 26015\abc\ground_truth\Anantapuramu\farm_pond\ANANTAPURAMU_IWMP-37_GARUDACHEDU_p9_i5.jpg,Anantapuramu,farm_pond,monitoring_column_3_field_photo
ANANTAPURAMU_IWMP-38_D.HIREHAL-COMP_p8_i5.jpg,ground_truth,c:\Users\Mohammed\Desktop\actual 26015\abc\ground_truth\Anantapuramu\check_dam\ANANTAPURAMU_IWMP-38_D.HIREHAL-COMP_p8_i5.jpg,Anantapuramu,check_dam,monitoring_column_3_field_photo
ANANTAPURAMU_IWMP-38_D.HIREHAL-COMP_p9_i13.jpg,ground_truth,c:\Users\Mohammed\Desktop\actual 26015\abc\ground_truth\Anantapuramu\check_dam\ANANTAPURAMU_IWMP-38_D.HIREHAL-COMP_p9_i13.jpg,Anantapuramu,check_dam,monitoring_column_3_field_photo
ANANTAPURAMU_IWMP-38_D.HIREHAL-COMP_p9_i5.jpg,ground_truth,c:\Users\Mohammed\Desktop\actual 26015\abc\ground_truth\Anantapuramu\check_dam\ANANTAPURAMU_IWMP-38_D.HIREHAL-COMP_p9_i5.jpg,Anantapuramu,check_dam,monitoring_column_3_field_photo
ANANTAPURAMU_IWMP-39_AMIDALA_p8_i5.jpg,ground_truth,c:\Users\Mohammed\Desktop\actual 26015\abc\ground_truth\Anantapuramu\check_dam\ANANTAPURAMU_IWMP-39_AMIDALA_p8_i5.jpg,Anantapuramu,check_dam,monitoring_column_3_field_photo
ANANTAPURAMU_IWMP-39_AMIDALA_p9_i0.jpg,ground_truth,c:\Users\Mohammed\Desktop\actual 26015\abc\ground_truth\Anantapuramu\check_dam\ANANTAPURAMU_IWMP-39_AMIDALA_p9_i0.jpg,Anantapuramu,check_dam,monitoring_column_3_field_photo
ANANTAPURAMU_IWMP-39_AMIDALA_p9_i9.jpg,ground_truth,c:\Users\Mohammed\Desktop\actual 26015\abc\ground_truth\Anantapuramu\check_dam\ANANTAPURAMU_IWMP-39_AMIDALA_p9_i9.jpg,Anantapuramu,check_dam,monitoring_column_3_field_photo
ANANTAPURAMU_IWMP-40_-KONDIGATTUPALLI_p8_i5.jpg,ground_truth,c:\Users\Mohammed\Desktop\actual 26015\abc\ground_truth\Anantapuramu\check_dam\ANANTAPURAMU_IWMP-40_-KONDIGATTUPALLI_p8_i5.jpg,Anantapuramu,check_dam,monitoring_column_3_field_photo
ANANTAPURAMU_IWMP-40_-KONDIGATTUPALLI_p9_i0.jpg,ground_truth,c:\Users\Mohammed\Desktop\actual 26015\abc\ground_truth\Anantapuramu\check_dam\ANANTAPURAMU_IWMP-40_-KONDIGATTUPALLI_p9_i0.jpg,Anantapuramu,check_dam,monitoring_column_3_field_photo
ANANTAPURAMU_IWMP-40_-KONDIGATTUPALLI_p9_i9.jpg,ground_truth,c:\Users\Mohammed\Desktop\actual 26015\abc\ground_truth\Anantapuramu\check_dam\ANANTAPURAMU_IWMP-40_-KONDIGATTUPALLI_p9_i9.jpg,Anantapuramu,check_dam,monitoring_column_3_field_photo
ANANTAPURAMU_IWMP-41_PULAKUNTA_p8_i13.jpg,ground_truth,c:\Users\Mohammed\Desktop\actual 26015\abc\ground_truth\Anantapuramu\water_structure_other\ANANTAPURAMU_IWMP-41_PULAKUNTA_p8_i13.jpg,Anantapuramu,water_structure_other,monitoring_column_3_field_photo
ANANTAPURAMU_IWMP-41_PULAKUNTA_p8_i5.jpg,ground_truth,c:\Users\Mohammed\Desktop\actual 26015\abc\ground_truth\Anantapuramu\water_structure_other\ANANTAPURAMU_IWMP-41_PULAKUNTA_p8_i5.jpg,Anantapuramu,water_structure_other,monitoring_column_3_field_photo
ANANTAPURAMU_IWMP-41_PULAKUNTA_p9_i13.jpg,ground_truth,c:\Users\Mohammed\Desktop\actual 26015\abc\ground_truth\Anantapuramu\farm_pond\ANANTAPURAMU_IWMP-41_PULAKUNTA_p9_i13.jpg,Anantapuramu,farm_pond,monitoring_column_3_field_photo
ANANTAPURAMU_IWMP-41_PULAKUNTA_p9_i5.jpg,ground_truth,c:\Users\Mohammed\Desktop\actual 26015\abc\ground_truth\Anantapuramu\check_dam\ANANTAPURAMU_IWMP-41_PULAKUNTA_p9_i5.jpg,Anantapuramu,check_dam,monitoring_column_3_field_photo
ANANTAPURAMU_IWMP-42_MARURU_p8_i13.jpg,ground_truth,c:\Users\Mohammed\Desktop\actual 26015\abc\ground_truth\Anantapuramu\check_dam\ANANTAPURAMU_IWMP-42_MARURU_p8_i13.jpg,Anantapuramu,check_dam,monitoring_column_3_field_photo
ANANTAPURAMU_IWMP-42_MARURU_p8_i6.jpg,ground_truth,c:\Users\Mohammed\Desktop\actual 26015\abc\ground_truth\Anantapuramu\check_dam\ANANTAPURAMU_IWMP-42_MARURU_p8_i6.jpg,Anantapuramu,check_dam,monitoring_column_3_field_photo
ANANTAPURAMU_IWMP-42_MARURU_p9_i0.jpg,ground_truth,c:\Users\Mohammed\Desktop\actual 26015\abc\ground_truth\Anantapuramu\farm_pond\ANANTAPURAMU_IWMP-42_MARURU_p9_i0.jpg,Anantapuramu,farm_pond,monitoring_column_3_field_photo
ANANTAPURAMU_IWMP-42_MARURU_p9_i9.jpg,ground_truth,c:\Users\Mohammed\Desktop\actual 26015\abc\ground_truth\Anantapuramu\farm_pond\ANANTAPURAMU_IWMP-42_MARURU_p9_i9.jpg,Anantapuramu,farm_pond,monitoring_column_3_field_photo
ANANTAPURAMU_IWMP-43_NASANAKOTA_p8_i13.jpg,ground_truth,c:\Users\Mohammed\Desktop\actual 26015\abc\ground_truth\Anantapuramu\water_structure_other\ANANTAPURAMU_IWMP-43_NASANAKOTA_p8_i13.jpg,Anantapuramu,water_structure_other,monitoring_column_3_field_photo
ANANTAPURAMU_IWMP-43_NASANAKOTA_p8_i6.jpg,ground_truth,c:\Users\Mohammed\Desktop\actual 26015\abc\ground_truth\Anantapuramu\water_structure_other\ANANTAPURAMU_IWMP-43_NASANAKOTA_p8_i6.jpg,Anantapuramu,water_structure_other,monitoring_column_3_field_photo
ANANTAPURAMU_IWMP-43_NASANAKOTA_p9_i0.jpg,ground_truth,c:\Users\Mohammed\Desktop\actual 26015\abc\ground_truth\Anantapuramu\farm_pond\ANANTAPURAMU_IWMP-43_NASANAKOTA_p9_i0.jpg,Anantapuramu,farm_pond,monitoring_column_3_field_photo
ANANTAPURAMU_IWMP-43_NASANAKOTA_p9_i9.jpg,ground_truth,c:\Users\Mohammed\Desktop\actual 26015\abc\ground_truth\Anantapuramu\farm_pond\ANANTAPURAMU_IWMP-43_NASANAKOTA_p9_i9.jpg,Anantapuramu,farm_pond,monitoring_column_3_field_photo
ANANTAPURAMU_IWMP-44_MUSTIKOVELA_p8_i13.jpg,ground_truth,c:\Users\Mohammed\Desktop\actual 26015\abc\ground_truth\Anantapuramu\check_dam\ANANTAPURAMU_IWMP-44_MUSTIKOVELA_p8_i13.jpg,Anantapuramu,check_dam,monitoring_column_3_field_photo
ANANTAPURAMU_IWMP-44_MUSTIKOVELA_p8_i6.jpg,ground_truth,c:\Users\Mohammed\Desktop\actual 26015\abc\ground_truth\Anantapuramu\check_dam\ANANTAPURAMU_IWMP-44_MUSTIKOVELA_p8_i6.jpg,Anantapuramu,check_dam,monitoring_column_3_field_photo
ANANTAPURAMU_IWMP-45_PALAVAI_p8_i12.jpg,ground_truth,c:\Users\Mohammed\Desktop\actual 26015\abc\ground_truth\Anantapuramu\farm_pond\ANANTAPURAMU_IWMP-45_PALAVAI_p8_i12.jpg,Anantapuramu,farm_pond,monitoring_column_3_field_photo
ANANTAPURAMU_IWMP-45_PALAVAI_p8_i6.jpg,ground_truth,c:\Users\Mohammed\Desktop\actual 26015\abc\ground_truth\Anantapuramu\farm_pond\ANANTAPURAMU_IWMP-45_PALAVAI_p8_i6.jpg,Anantapuramu,farm_pond,monitoring_column_3_field_photo
ANANTAPURAMU_IWMP-46_MELAVOI_p9_i9.jpg,ground_truth,c:\Users\Mohammed\Desktop\actual 26015\abc\ground_truth\Anantapuramu\farm_pond\ANANTAPURAMU_IWMP-46_MELAVOI_p9_i9.jpg,Anantapuramu,farm_pond,monitoring_column_3_field_photo
ANANTAPURAMU_IWMP-47_BODIGANIDODDI_p8_i13.jpg,ground_truth,c:\Users\Mohammed\Desktop\actual 26015\abc\ground_truth\Anantapuramu\farm_pond\ANANTAPURAMU_IWMP-47_BODIGANIDODDI_p8_i13.jpg,Anantapuramu,farm_pond,monitoring_column_3_field_photo
ANANTAPURAMU_IWMP-47_BODIGANIDODDI_p8_i6.jpg,ground_truth,c:\Users\Mohammed\Desktop\actual 26015\abc\ground_truth\Anantapuramu\farm_pond\ANANTAPURAMU_IWMP-47_BODIGANIDODDI_p8_i6.jpg,Anantapuramu,farm_pond,monitoring_column_3_field_photo
ANANTAPURAMU_IWMP-47_BODIGANIDODDI_p9_i0.jpg,ground_truth,c:\Users\Mohammed\Desktop\actual 26015\abc\ground_truth\Anantapuramu\farm_pond\ANANTAPURAMU_IWMP-47_BODIGANIDODDI_p9_i0.jpg,Anantapuramu,farm_pond,monitoring_column_3_field_photo
ANANTAPURAMU_IWMP-48_BUDIGUMMA_p9_i0.jpg,ground_truth,c:\Users\Mohammed\Desktop\actual 26015\abc\ground_truth\Anantapuramu\farm_pond\ANANTAPURAMU_IWMP-48_BUDIGUMMA_p9_i0.jpg,Anantapuramu,farm_pond,monitoring_column_3_field_photo
ANANTAPURAMU_IWMP-48_BUDIGUMMA_p9_i9.jpg,ground_truth,c:\Users\Mohammed\Desktop\actual 26015\abc\ground_truth\Anantapuramu\farm_pond\ANANTAPURAMU_IWMP-48_BUDIGUMMA_p9_i9.jpg,Anantapuramu,farm_pond,monitoring_column_3_field_photo
ANANTAPURAMU_IWMP-49_KUNDURPI_p8_i13.jpg,ground_truth,c:\Users\Mohammed\Desktop\actual 26015\abc\ground_truth\Anantapuramu\check_dam\ANANTAPURAMU_IWMP-49_KUNDURPI_p8_i13.jpg,Anantapuramu,check_dam,monitoring_column_3_field_photo
ANANTAPURAMU_IWMP-49_KUNDURPI_p8_i6.jpg,ground_truth,c:\Users\Mohammed\Desktop\actual 26015\abc\ground_truth\Anantapuramu\check_dam\ANANTAPURAMU_IWMP-49_KUNDURPI_p8_i6.jpg,Anantapuramu,check_dam,monitoring_column_3_field_photo
ANANTAPURAMU_IWMP-49_KUNDURPI_p9_i0.jpg,ground_truth,c:\Users\Mohammed\Desktop\actual 26015\abc\ground_truth\Anantapuramu\check_dam\ANANTAPURAMU_IWMP-49_KUNDURPI_p9_i0.jpg,Anantapuramu,check_dam,monitoring_column_3_field_photo
ANANTAPURAMU_IWMP-49_KUNDURPI_p9_i9.jpg,ground_truth,c:\Users\Mohammed\Desktop\actual 26015\abc\ground_truth\Anantapuramu\check_dam\ANANTAPURAMU_IWMP-49_KUNDURPI_p9_i9.jpg,Anantapuramu,check_dam,monitoring_column_3_field_photo
ANANTAPURAMU_IWMP-50_SALAKAMCHERUVU_p8_i6.jpg,ground_truth,c:\Users\Mohammed\Desktop\actual 26015\abc\ground_truth\Anantapuramu\farm_pond\ANANTAPURAMU_IWMP-50_SALAKAMCHERUVU_p8_i6.jpg,Anantapuramu,farm_pond,monitoring_column_3_field_photo
ANANTAPURAMU_IWMP-50_SALAKAMCHERUVU_p9_i0.jpg,ground_truth,c:\Users\Mohammed\Desktop\actual 26015\abc\ground_truth\Anantapuramu\plantation\ANANTAPURAMU_IWMP-50_SALAKAMCHERUVU_p9_i0.jpg,Anantapuramu,plantation,monitoring_column_3_field_photo
ANANTAPURAMU_IWMP-50_SALAKAMCHERUVU_p9_i9.jpg,ground_truth,c:\Users\Mohammed\Desktop\actual 26015\abc\ground_truth\Anantapuramu\plantation\ANANTAPURAMU_IWMP-50_SALAKAMCHERUVU_p9_i9.jpg,Anantapuramu,plantation,monitoring_column_3_field_photo
ANANTAPURAMU_IWMP-51_KUDAIR_p8_i13.jpg,ground_truth,c:\Users\Mohammed\Desktop\actual 26015\abc\ground_truth\Anantapuramu\farm_pond\ANANTAPURAMU_IWMP-51_KUDAIR_p8_i13.jpg,Anantapuramu,farm_pond,monitoring_column_3_field_photo
ANANTAPURAMU_IWMP-51_KUDAIR_p8_i6.jpg,ground_truth,c:\Users\Mohammed\Desktop\actual 26015\abc\ground_truth\Anantapuramu\farm_pond\ANANTAPURAMU_IWMP-51_KUDAIR_p8_i6.jpg,Anantapuramu,farm_pond,monitoring_column_3_field_photo
ANANTAPURAMU_IWMP-51_KUDAIR_p9_i0.jpg,ground_truth,c:\Users\Mohammed\Desktop\actual 26015\abc\ground_truth\Anantapuramu\plantation\ANANTAPURAMU_IWMP-51_KUDAIR_p9_i0.jpg,Anantapuramu,plantation,monitoring_column_3_field_photo
ANANTAPURAMU_IWMP-51_KUDAIR_p9_i9.jpg,ground_truth,c:\Users\Mohammed\Desktop\actual 26015\abc\ground_truth\Anantapuramu\plantation\ANANTAPURAMU_IWMP-51_KUDAIR_p9_i9.jpg,Anantapuramu,plantation,monitoring_column_3_field_photo
ANANTAPURAMU_IWMP-52_KOGIRA_p8_i13.jpg,ground_truth,c:\Users\Mohammed\Desktop\actual 26015\abc\ground_truth\Anantapuramu\check_dam\ANANTAPURAMU_IWMP-52_KOGIRA_p8_i13.jpg,Anantapuramu,check_dam,monitoring_column_3_field_photo
ANANTAPURAMU_IWMP-52_KOGIRA_p8_i6.jpg,ground_truth,c:\Users\Mohammed\Desktop\actual 26015\abc\ground_truth\Anantapuramu\check_dam\ANANTAPURAMU_IWMP-52_KOGIRA_p8_i6.jpg,Anantapuramu,check_dam,monitoring_column_3_field_photo
ANANTAPURAMU_IWMP-52_KOGIRA_p9_i0.jpg,ground_truth,c:\Users\Mohammed\Desktop\actual 26015\abc\ground_truth\Anantapuramu\plantation\ANANTAPURAMU_IWMP-52_KOGIRA_p9_i0.jpg,Anantapuramu,plantation,monitoring_column_3_field_photo
ANANTAPURAMU_IWMP-52_KOGIRA_p9_i9.jpg,ground_truth,c:\Users\Mohammed\Desktop\actual 26015\abc\ground_truth\Anantapuramu\plantation\ANANTAPURAMU_IWMP-52_KOGIRA_p9_i9.jpg,Anantapuramu,plantation,monitoring_column_3_field_photo
ANANTAPURAMU_IWMP-53_DARSIMALA_p8_i13.jpg,ground_truth,c:\Users\Mohammed\Desktop\actual 26015\abc\ground_truth\Anantapuramu\check_dam\ANANTAPURAMU_IWMP-53_DARSIMALA_p8_i13.jpg,Anantapuramu,check_dam,monitoring_column_3_field_photo
ANANTAPURAMU_IWMP-53_DARSIMALA_p9_i0.jpg,ground_truth,c:\Users\Mohammed\Desktop\actual 26015\abc\ground_truth\Anantapuramu\farm_pond\ANANTAPURAMU_IWMP-53_DARSIMALA_p9_i0.jpg,Anantapuramu,farm_pond,monitoring_column_3_field_photo
ANANTAPURAMU_IWMP-54_TALUPULA_p8_i6.jpg,ground_truth,c:\Users\Mohammed\Desktop\actual 26015\abc\ground_truth\Anantapuramu\farm_pond\ANANTAPURAMU_IWMP-54_TALUPULA_p8_i6.jpg,Anantapuramu,farm_pond,monitoring_column_3_field_photo
ANANTAPURAMU_IWMP-54_TALUPULA_p9_i0.jpg,ground_truth,c:\Users\Mohammed\Desktop\actual 26015\abc\ground_truth\Anantapuramu\plantation\ANANTAPURAMU_IWMP-54_TALUPULA_p9_i0.jpg,Anantapuramu,plantation,monitoring_column_3_field_photo
ANANTAPURAMU_IWMP-54_TALUPULA_p9_i9.jpg,ground_truth,c:\Users\Mohammed\Desktop\actual 26015\abc\ground_truth\Anantapuramu\plantation\ANANTAPURAMU_IWMP-54_TALUPULA_p9_i9.jpg,Anantapuramu,plantation,monitoring_column_3_field_photo
ANANTAPURAMU_IWMP-55_GANIGERA_p8_i13.jpg,ground_truth,c:\Users\Mohammed\Desktop\actual 26015\abc\ground_truth\Anantapuramu\check_dam\ANANTAPURAMU_IWMP-55_GANIGERA_p8_i13.jpg,Anantapuramu,check_dam,monitoring_column_3_field_photo
ANANTAPURAMU_IWMP-55_GANIGERA_p8_i6.jpg,ground_truth,c:\Users\Mohammed\Desktop\actual 26015\abc\ground_truth\Anantapuramu\check_dam\ANANTAPURAMU_IWMP-55_GANIGERA_p8_i6.jpg,Anantapuramu,check_dam,monitoring_column_3_field_photo
ANANTAPURAMU_IWMP-55_GANIGERA_p9_i0.jpg,ground_truth,c:\Users\Mohammed\Desktop\actual 26015\abc\ground_truth\Anantapuramu\check_dam\ANANTAPURAMU_IWMP-55_GANIGERA_p9_i0.jpg,Anantapuramu,check_dam,monitoring_column_3_field_photo
ANANTAPURAMU_IWMP-55_GANIGERA_p9_i9.jpg,ground_truth,c:\Users\Mohammed\Desktop\actual 26015\abc\ground_truth\Anantapuramu\check_dam\ANANTAPURAMU_IWMP-55_GANIGERA_p9_i9.jpg,Anantapuramu,check_dam,monitoring_column_3_field_photo
ANANTAPURAMU_IWMP-56_APPECHERLA_p8_i13.jpg,ground_truth,c:\Users\Mohammed\Desktop\actual 26015\abc\ground_truth\Anantapuramu\farm_pond\ANANTAPURAMU_IWMP-56_APPECHERLA_p8_i13.jpg,Anantapuramu,farm_pond,monitoring_column_3_field_photo
ANANTAPURAMU_IWMP-56_APPECHERLA_p8_i6.jpg,ground_truth,c:\Users\Mohammed\Desktop\actual 26015\abc\ground_truth\Anantapuramu\farm_pond\ANANTAPURAMU_IWMP-56_APPECHERLA_p8_i6.jpg,Anantapuramu,farm_pond,monitoring_column_3_field_photo
ANANTAPURAMU_IWMP-56_APPECHERLA_p9_i0.jpg,ground_truth,c:\Users\Mohammed\Desktop\actual 26015\abc\ground_truth\Anantapuramu\farm_pond\ANANTAPURAMU_IWMP-56_APPECHERLA_p9_i0.jpg,Anantapuramu,farm_pond,monitoring_column_3_field_photo
ANANTAPURAMU_IWMP-56_APPECHERLA_p9_i9.jpg,ground_truth,c:\Users\Mohammed\Desktop\actual 26015\abc\ground_truth\Anantapuramu\farm_pond\ANANTAPURAMU_IWMP-56_APPECHERLA_p9_i9.jpg,Anantapuramu,farm_pond,monitoring_column_3_field_photo
ANANTAPURAMU_IWMP-57_GUNJEPALLI_p8_i13.jpg,ground_truth,c:\Users\Mohammed\Desktop\actual 26015\abc\ground_truth\Anantapuramu\check_dam\ANANTAPURAMU_IWMP-57_GUNJEPALLI_p8_i13.jpg,Anantapuramu,check_dam,monitoring_column_3_field_photo
ANANTAPURAMU_IWMP-57_GUNJEPALLI_p8_i6.jpg,ground_truth,c:\Users\Mohammed\Desktop\actual 26015\abc\ground_truth\Anantapuramu\check_dam\ANANTAPURAMU_IWMP-57_GUNJEPALLI_p8_i6.jpg,Anantapuramu,check_dam,monitoring_column_3_field_photo
ANANTAPURAMU_IWMP-57_GUNJEPALLI_p9_i0.jpg,ground_truth,c:\Users\Mohammed\Desktop\actual 26015\abc\ground_truth\Anantapuramu\farm_pond\ANANTAPURAMU_IWMP-57_GUNJEPALLI_p9_i0.jpg,Anantapuramu,farm_pond,monitoring_column_3_field_photo
ANANTAPURAMU_IWMP-57_GUNJEPALLI_p9_i9.jpg,ground_truth,c:\Users\Mohammed\Desktop\actual 26015\abc\ground_truth\Anantapuramu\farm_pond\ANANTAPURAMU_IWMP-57_GUNJEPALLI_p9_i9.jpg,Anantapuramu,farm_pond,monitoring_column_3_field_photo
ANANTAPURAMU_IWMP-58_MULAKANURU_p8_i6.jpg,ground_truth,c:\Users\Mohammed\Desktop\actual 26015\abc\ground_truth\Anantapuramu\plantation\ANANTAPURAMU_IWMP-58_MULAKANURU_p8_i6.jpg,Anantapuramu,plantation,monitoring_column_3_field_photo
ANANTAPURAMU_IWMP-58_MULAKANURU_p9_i0.jpg,ground_truth,c:\Users\Mohammed\Desktop\actual 26015\abc\ground_truth\Anantapuramu\plantation\ANANTAPURAMU_IWMP-58_MULAKANURU_p9_i0.jpg,Anantapuramu,plantation,monitoring_column_3_field_photo
ANANTAPURAMU_IWMP-58_MULAKANURU_p9_i9.jpg,ground_truth,c:\Users\Mohammed\Desktop\actual 26015\abc\ground_truth\Anantapuramu\plantation\ANANTAPURAMU_IWMP-58_MULAKANURU_p9_i9.jpg,Anantapuramu,plantation,monitoring_column_3_field_photo
ANANTAPURAMU_IWMP-59_VIDAPANAKAL_p8_i13.jpg,ground_truth,c:\Users\Mohammed\Desktop\actual 26015\abc\ground_truth\Anantapuramu\farm_pond\ANANTAPURAMU_IWMP-59_VIDAPANAKAL_p8_i13.jpg,Anantapuramu,farm_pond,monitoring_column_3_field_photo
ANANTAPURAMU_IWMP-59_VIDAPANAKAL_p9_i0.jpg,ground_truth,c:\Users\Mohammed\Desktop\actual 26015\abc\ground_truth\Anantapuramu\farm_pond\ANANTAPURAMU_IWMP-59_VIDAPANAKAL_p9_i0.jpg,Anantapuramu,farm_pond,monitoring_column_3_field_photo
ANANTAPURAMU_IWMP-59_VIDAPANAKAL_p9_i9.jpg,ground_truth,c:\Users\Mohammed\Desktop\actual 26015\abc\ground_truth\Anantapuramu\farm_pond\ANANTAPURAMU_IWMP-59_VIDAPANAKAL_p9_i9.jpg,Anantapuramu,farm_pond,monitoring_column_3_field_photo
ANANTAPURAMU_IWMP-60_KUNUKUNTLA_p8_i13.jpg,ground_truth,c:\Users\Mohammed\Desktop\actual 26015\abc\ground_truth\Anantapuramu\farm_pond\ANANTAPURAMU_IWMP-60_KUNUKUNTLA_p8_i13.jpg,Anantapuramu,farm_pond,monitoring_column_3_field_photo
ANANTAPURAMU_IWMP-60_KUNUKUNTLA_p8_i6.jpg,ground_truth,c:\Users\Mohammed\Desktop\actual 26015\abc\ground_truth\Anantapuramu\farm_pond\ANANTAPURAMU_IWMP-60_KUNUKUNTLA_p8_i6.jpg,Anantapuramu,farm_pond,monitoring_column_3_field_photo
ANANTAPURAMU_IWMP-60_KUNUKUNTLA_p9_i0.jpg,ground_truth,c:\Users\Mohammed\Desktop\actual 26015\abc\ground_truth\Anantapuramu\farm_pond\ANANTAPURAMU_IWMP-60_KUNUKUNTLA_p9_i0.jpg,Anantapuramu,farm_pond,monitoring_column_3_field_photo
ANANTAPURAMU_IWMP-60_KUNUKUNTLA_p9_i9.jpg,ground_truth,c:\Users\Mohammed\Desktop\actual 26015\abc\ground_truth\Anantapuramu\farm_pond\ANANTAPURAMU_IWMP-60_KUNUKUNTLA_p9_i9.jpg,Anantapuramu,farm_pond,monitoring_column_3_field_photo
ANANTAPURAMU_IWMP-61_MALUGURU_p8_i13.jpg,ground_truth,c:\Users\Mohammed\Desktop\actual 26015\abc\ground_truth\Anantapuramu\farm_pond\ANANTAPURAMU_IWMP-61_MALUGURU_p8_i13.jpg,Anantapuramu,farm_pond,monitoring_column_3_field_photo
ANANTAPURAMU_IWMP-61_MALUGURU_p8_i6.jpg,ground_truth,c:\Users\Mohammed\Desktop\actual 26015\abc\ground_truth\Anantapuramu\farm_pond\ANANTAPURAMU_IWMP-61_MALUGURU_p8_i6.jpg,Anantapuramu,farm_pond,monitoring_column_3_field_photo
ANANTAPURAMU_IWMP-61_MALUGURU_p9_i0.jpg,ground_truth,c:\Users\Mohammed\Desktop\actual 26015\abc\ground_truth\Anantapuramu\farm_pond\ANANTAPURAMU_IWMP-61_MALUGURU_p9_i0.jpg,Anantapuramu,farm_pond,monitoring_column_3_field_photo
ANANTAPURAMU_IWMP-61_MALUGURU_p9_i9.jpg,ground_truth,c:\Users\Mohammed\Desktop\actual 26015\abc\ground_truth\Anantapuramu\farm_pond\ANANTAPURAMU_IWMP-61_MALUGURU_p9_i9.jpg,Anantapuramu,farm_pond,monitoring_column_3_field_photo
ANANTAPURAMU_IWMP-63_NEMAKAL_p8_i6.jpg,ground_truth,c:\Users\Mohammed\Desktop\actual 26015\abc\ground_truth\Anantapuramu\check_dam\ANANTAPURAMU_IWMP-63_NEMAKAL_p8_i6.jpg,Anantapuramu,check_dam,monitoring_column_3_field_photo
ANANTAPURAMU_IWMP-63_NEMAKAL_p9_i0.jpg,ground_truth,c:\Users\Mohammed\Desktop\actual 26015\abc\ground_truth\Anantapuramu\farm_pond\ANANTAPURAMU_IWMP-63_NEMAKAL_p9_i0.jpg,Anantapuramu,farm_pond,monitoring_column_3_field_photo
ANANTAPURAMU_IWMP-63_NEMAKAL_p9_i9.jpg,ground_truth,c:\Users\Mohammed\Desktop\actual 26015\abc\ground_truth\Anantapuramu\farm_pond\ANANTAPURAMU_IWMP-63_NEMAKAL_p9_i9.jpg,Anantapuramu,farm_pond,monitoring_column_3_field_photo
ANANTAPURAMU_IWMP-64_GALAGALA_p8_i13.jpg,ground_truth,c:\Users\Mohammed\Desktop\actual 26015\abc\ground_truth\Anantapuramu\check_dam\ANANTAPURAMU_IWMP-64_GALAGALA_p8_i13.jpg,Anantapuramu,check_dam,monitoring_column_3_field_photo
ANANTAPURAMU_IWMP-64_GALAGALA_p8_i6.jpg,ground_truth,c:\Users\Mohammed\Desktop\actual 26015\abc\ground_truth\Anantapuramu\check_dam\ANANTAPURAMU_IWMP-64_GALAGALA_p8_i6.jpg,Anantapuramu,check_dam,monitoring_column_3_field_photo
ANANTAPURAMU_IWMP-64_GALAGALA_p9_i0.jpg,ground_truth,c:\Users\Mohammed\Desktop\actual 26015\abc\ground_truth\Anantapuramu\farm_pond\ANANTAPURAMU_IWMP-64_GALAGALA_p9_i0.jpg,Anantapuramu,farm_pond,monitoring_column_3_field_photo
ANANTAPURAMU_IWMP-64_GALAGALA_p9_i9.jpg,ground_truth,c:\Users\Mohammed\Desktop\actual 26015\abc\ground_truth\Anantapuramu\farm_pond\ANANTAPURAMU_IWMP-64_GALAGALA_p9_i9.jpg,Anantapuramu,farm_pond,monitoring_column_3_field_photo
ANANTAPURAMU_IWMP-65_ELLUTLA_p8_i13.jpg,ground_truth,c:\Users\Mohammed\Desktop\actual 26015\abc\ground_truth\Anantapuramu\boulder_structure\ANANTAPURAMU_IWMP-65_ELLUTLA_p8_i13.jpg,Anantapuramu,boulder_structure,monitoring_column_3_field_photo
ANANTAPURAMU_IWMP-65_ELLUTLA_p8_i6.jpg,ground_truth,c:\Users\Mohammed\Desktop\actual 26015\abc\ground_truth\Anantapuramu\check_dam\ANANTAPURAMU_IWMP-65_ELLUTLA_p8_i6.jpg,Anantapuramu,check_dam,monitoring_column_3_field_photo
ANANTAPURAMU_IWMP-66_YELLANUR_p8_i6.jpg,ground_truth,c:\Users\Mohammed\Desktop\actual 26015\abc\ground_truth\Anantapuramu\farm_pond\ANANTAPURAMU_IWMP-66_YELLANUR_p8_i6.jpg,Anantapuramu,farm_pond,monitoring_column_3_field_photo
ANANTAPURAMU_IWMP-66_YELLANUR_p9_i0.jpg,ground_truth,c:\Users\Mohammed\Desktop\actual 26015\abc\ground_truth\Anantapuramu\farm_pond\ANANTAPURAMU_IWMP-66_YELLANUR_p9_i0.jpg,Anantapuramu,farm_pond,monitoring_column_3_field_photo
ANANTAPURAMU_IWMP-66_YELLANUR_p9_i9.jpg,ground_truth,c:\Users\Mohammed\Desktop\actual 26015\abc\ground_truth\Anantapuramu\farm_pond\ANANTAPURAMU_IWMP-66_YELLANUR_p9_i9.jpg,Anantapuramu,farm_pond,monitoring_column_3_field_photo
ANANTAPURAMU_IWMP-67_P.C.-PYAPILI_p8_i6.jpg,ground_truth,c:\Users\Mohammed\Desktop\actual 26015\abc\ground_truth\Anantapuramu\check_dam\ANANTAPURAMU_IWMP-67_P.C.-PYAPILI_p8_i6.jpg,Anantapuramu,check_dam,monitoring_column_3_field_photo
ANANTAPURAMU_IWMP-67_P.C.-PYAPILI_p9_i0.jpg,ground_truth,c:\Users\Mohammed\Desktop\actual 26015\abc\ground_truth\Anantapuramu\farm_pond\ANANTAPURAMU_IWMP-67_P.C.-PYAPILI_p9_i0.jpg,Anantapuramu,farm_pond,monitoring_column_3_field_photo
ANANTAPURAMU_IWMP-68_PANDIPARTHI_p8_i13.jpg,ground_truth,c:\Users\Mohammed\Desktop\actual 26015\abc\ground_truth\Anantapuramu\farm_pond\ANANTAPURAMU_IWMP-68_PANDIPARTHI_p8_i13.jpg,Anantapuramu,farm_pond,monitoring_column_3_field_photo
ANANTAPURAMU_IWMP-68_PANDIPARTHI_p8_i6.jpg,ground_truth,c:\Users\Mohammed\Desktop\actual 26015\abc\ground_truth\Anantapuramu\farm_pond\ANANTAPURAMU_IWMP-68_PANDIPARTHI_p8_i6.jpg,Anantapuramu,farm_pond,monitoring_column_3_field_photo
ANANTAPURAMU_IWMP-68_PANDIPARTHI_p9_i0.jpg,ground_truth,c:\Users\Mohammed\Desktop\actual 26015\abc\ground_truth\Anantapuramu\plantation\ANANTAPURAMU_IWMP-68_PANDIPARTHI_p9_i0.jpg,Anantapuramu,plantation,monitoring_column_3_field_photo
ANANTAPURAMU_IWMP-68_PANDIPARTHI_p9_i9.jpg,ground_truth,c:\Users\Mohammed\Desktop\actual 26015\abc\ground_truth\Anantapuramu\plantation\ANANTAPURAMU_IWMP-68_PANDIPARTHI_p9_i9.jpg,Anantapuramu,plantation,monitoring_column_3_field_photo
ANANTAPURAMU_IWMP-69_B.N.-HALLI_p8_i13.jpg,ground_truth,c:\Users\Mohammed\Desktop\actual 26015\abc\ground_truth\Anantapuramu\check_dam\ANANTAPURAMU_IWMP-69_B.N.-HALLI_p8_i13.jpg,Anantapuramu,check_dam,monitoring_column_3_field_photo
ANANTAPURAMU_IWMP-69_B.N.-HALLI_p8_i6.jpg,ground_truth,c:\Users\Mohammed\Desktop\actual 26015\abc\ground_truth\Anantapuramu\check_dam\ANANTAPURAMU_IWMP-69_B.N.-HALLI_p8_i6.jpg,Anantapuramu,check_dam,monitoring_column_3_field_photo
ANANTAPURAMU_IWMP-70_NELAGONDA_p8_i13.jpg,ground_truth,c:\Users\Mohammed\Desktop\actual 26015\abc\ground_truth\Anantapuramu\farm_pond\ANANTAPURAMU_IWMP-70_NELAGONDA_p8_i13.jpg,Anantapuramu,farm_pond,monitoring_column_3_field_photo
ANANTAPURAMU_IWMP-70_NELAGONDA_p8_i6.jpg,ground_truth,c:\Users\Mohammed\Desktop\actual 26015\abc\ground_truth\Anantapuramu\farm_pond\ANANTAPURAMU_IWMP-70_NELAGONDA_p8_i6.jpg,Anantapuramu,farm_pond,monitoring_column_3_field_photo
ANANTAPURAMU_IWMP-70_NELAGONDA_p9_i0.jpg,ground_truth,c:\Users\Mohammed\Desktop\actual 26015\abc\ground_truth\Anantapuramu\farm_pond\ANANTAPURAMU_IWMP-70_NELAGONDA_p9_i0.jpg,Anantapuramu,farm_pond,monitoring_column_3_field_photo
ANANTAPURAMU_IWMP-71_MUTHUVAKUNTLA_p10_i0.jpg,ground_truth,c:\Users\Mohammed\Desktop\actual 26015\abc\ground_truth\Anantapuramu\farm_pond\ANANTAPURAMU_IWMP-71_MUTHUVAKUNTLA_p10_i0.jpg,Anantapuramu,farm_pond,monitoring_column_3_field_photo
ANANTAPURAMU_IWMP-71_MUTHUVAKUNTLA_p8_i18.jpg,satellite,c:\Users\Mohammed\Desktop\actual 26015\abc\satellite_images\ANANTAPURAMU_IWMP-71_MUTHUVAKUNTLA_p8_i18.jpg,Anantapuramu,satellite_t0_t1,monitoring_column_1_or_2_satellite
ANANTAPURAMU_IWMP-71_MUTHUVAKUNTLA_p9_i5.jpg,ground_truth,c:\Users\Mohammed\Desktop\actual 26015\abc\ground_truth\Anantapuramu\check_dam\ANANTAPURAMU_IWMP-71_MUTHUVAKUNTLA_p9_i5.jpg,Anantapuramu,check_dam,monitoring_column_3_field_photo
ANANTAPURAMU_IWMP-72_KOTANKA_p10_i0.jpg,ground_truth,c:\Users\Mohammed\Desktop\actual 26015\abc\ground_truth\Anantapuramu\check_dam\ANANTAPURAMU_IWMP-72_KOTANKA_p10_i0.jpg,Anantapuramu,check_dam,monitoring_column_3_field_photo
ANANTAPURAMU_IWMP-72_KOTANKA_p10_i9.jpg,ground_truth,c:\Users\Mohammed\Desktop\actual 26015\abc\ground_truth\Anantapuramu\check_dam\ANANTAPURAMU_IWMP-72_KOTANKA_p10_i9.jpg,Anantapuramu,check_dam,monitoring_column_3_field_photo
ANANTAPURAMU_IWMP-72_KOTANKA_p8_i18.jpg,satellite,c:\Users\Mohammed\Desktop\actual 26015\abc\satellite_images\ANANTAPURAMU_IWMP-72_KOTANKA_p8_i18.jpg,Anantapuramu,satellite_t0_t1,monitoring_column_1_or_2_satellite
ANANTAPURAMU_IWMP-73_CHANDANA_p10_i0.jpg,ground_truth,c:\Users\Mohammed\Desktop\actual 26015\abc\ground_truth\Anantapuramu\farm_pond\ANANTAPURAMU_IWMP-73_CHANDANA_p10_i0.jpg,Anantapuramu,farm_pond,monitoring_column_3_field_photo
ANANTAPURAMU_IWMP-73_CHANDANA_p8_i18.jpg,satellite,c:\Users\Mohammed\Desktop\actual 26015\abc\satellite_images\ANANTAPURAMU_IWMP-73_CHANDANA_p8_i18.jpg,Anantapuramu,satellite_t0_t1,monitoring_column_1_or_2_satellite
ANANTAPURAMU_IWMP-73_CHANDANA_p9_i5.jpg,ground_truth,c:\Users\Mohammed\Desktop\actual 26015\abc\ground_truth\Anantapuramu\check_dam\ANANTAPURAMU_IWMP-73_CHANDANA_p9_i5.jpg,Anantapuramu,check_dam,monitoring_column_3_field_photo
ANANTAPURAMU_IWMP-74_KOKKANTI_p9_i13.jpg,ground_truth,c:\Users\Mohammed\Desktop\actual 26015\abc\ground_truth\Anantapuramu\check_dam\ANANTAPURAMU_IWMP-74_KOKKANTI_p9_i13.jpg,Anantapuramu,check_dam,monitoring_column_3_field_photo
ANANTAPURAMU_IWMP-74_KOKKANTI_p9_i5.jpg,ground_truth,c:\Users\Mohammed\Desktop\actual 26015\abc\ground_truth\Anantapuramu\check_dam\ANANTAPURAMU_IWMP-74_KOKKANTI_p9_i5.jpg,Anantapuramu,check_dam,monitoring_column_3_field_photo
ANANTAPURAMU_IWMP-75_GANGINEPALLI_p8_i18.jpg,satellite,c:\Users\Mohammed\Desktop\actual 26015\abc\satellite_images\ANANTAPURAMU_IWMP-75_GANGINEPALLI_p8_i18.jpg,Anantapuramu,satellite_t0_t1,monitoring_column_1_or_2_satellite
ANANTAPURAMU_IWMP-75_GANGINEPALLI_p9_i13.jpg,ground_truth,c:\Users\Mohammed\Desktop\actual 26015\abc\ground_truth\Anantapuramu\check_dam\ANANTAPURAMU_IWMP-75_GANGINEPALLI_p9_i13.jpg,Anantapuramu,check_dam,monitoring_column_3_field_photo
ANANTAPURAMU_IWMP-75_GANGINEPALLI_p9_i5.jpg,ground_truth,c:\Users\Mohammed\Desktop\actual 26015\abc\ground_truth\Anantapuramu\check_dam\ANANTAPURAMU_IWMP-75_GANGINEPALLI_p9_i5.jpg,Anantapuramu,check_dam,monitoring_column_3_field_photo
ANANTAPURAMU_IWMP-78_HEMAVATHI_p10_i0.jpg,ground_truth,c:\Users\Mohammed\Desktop\actual 26015\abc\ground_truth\Anantapuramu\farm_pond\ANANTAPURAMU_IWMP-78_HEMAVATHI_p10_i0.jpg,Anantapuramu,farm_pond,monitoring_column_3_field_photo
ANANTAPURAMU_IWMP-78_HEMAVATHI_p10_i9.jpg,ground_truth,c:\Users\Mohammed\Desktop\actual 26015\abc\ground_truth\Anantapuramu\farm_pond\ANANTAPURAMU_IWMP-78_HEMAVATHI_p10_i9.jpg,Anantapuramu,farm_pond,monitoring_column_3_field_photo
ANANTAPURAMU_IWMP-78_HEMAVATHI_p8_i15.jpg,satellite,c:\Users\Mohammed\Desktop\actual 26015\abc\satellite_images\ANANTAPURAMU_IWMP-78_HEMAVATHI_p8_i15.jpg,Anantapuramu,satellite_t0_t1,monitoring_column_1_or_2_satellite
ANANTAPURAMU_IWMP-78_HEMAVATHI_p9_i13.jpg,ground_truth,c:\Users\Mohammed\Desktop\actual 26015\abc\ground_truth\Anantapuramu\farm_pond\ANANTAPURAMU_IWMP-78_HEMAVATHI_p9_i13.jpg,Anantapuramu,farm_pond,monitoring_column_3_field_photo
ANANTAPURAMU_IWMP-78_HEMAVATHI_p9_i5.jpg,ground_truth,c:\Users\Mohammed\Desktop\actual 26015\abc\ground_truth\Anantapuramu\farm_pond\ANANTAPURAMU_IWMP-78_HEMAVATHI_p9_i5.jpg,Anantapuramu,farm_pond,monitoring_column_3_field_photo
ANANTAPURAMU_IWMP-79_P.YALERU_p10_i0.jpg,ground_truth,c:\Users\Mohammed\Desktop\actual 26015\abc\ground_truth\Anantapuramu\check_dam\ANANTAPURAMU_IWMP-79_P.YALERU_p10_i0.jpg,Anantapuramu,check_dam,monitoring_column_3_field_photo
ANANTAPURAMU_IWMP-79_P.YALERU_p10_i9.jpg,ground_truth,c:\Users\Mohammed\Desktop\actual 26015\abc\ground_truth\Anantapuramu\check_dam\ANANTAPURAMU_IWMP-79_P.YALERU_p10_i9.jpg,Anantapuramu,check_dam,monitoring_column_3_field_photo
ANANTAPURAMU_IWMP-79_P.YALERU_p17_i1.jpg,satellite,c:\Users\Mohammed\Desktop\actual 26015\abc\satellite_images\ANANTAPURAMU_IWMP-79_P.YALERU_p17_i1.jpg,Anantapuramu,satellite_lulc,lulc_page_pre_post_treatment
ANANTAPURAMU_IWMP-79_P.YALERU_p8_i18.jpg,satellite,c:\Users\Mohammed\Desktop\actual 26015\abc\satellite_images\ANANTAPURAMU_IWMP-79_P.YALERU_p8_i18.jpg,Anantapuramu,satellite_t0_t1,monitoring_column_1_or_2_satellite
ANANTAPURAMU_IWMP-79_P.YALERU_p9_i13.jpg,ground_truth,c:\Users\Mohammed\Desktop\actual 26015\abc\ground_truth\Anantapuramu\check_dam\ANANTAPURAMU_IWMP-79_P.YALERU_p9_i13.jpg,Anantapuramu,check_dam,monitoring_column_3_field_photo
ANANTAPURAMU_IWMP-79_P.YALERU_p9_i5.jpg,ground_truth,c:\Users\Mohammed\Desktop\actual 26015\abc\ground_truth\Anantapuramu\check_dam\ANANTAPURAMU_IWMP-79_P.YALERU_p9_i5.jpg,Anantapuramu,check_dam,monitoring_column_3_field_photo
ANANTAPURAMU_IWMP-80_PILLALAPALLI_p10_i0.jpg,ground_truth,c:\Users\Mohammed\Desktop\actual 26015\abc\ground_truth\Anantapuramu\farm_pond\ANANTAPURAMU_IWMP-80_PILLALAPALLI_p10_i0.jpg,Anantapuramu,farm_pond,monitoring_column_3_field_photo
ANANTAPURAMU_IWMP-80_PILLALAPALLI_p10_i9.jpg,ground_truth,c:\Users\Mohammed\Desktop\actual 26015\abc\ground_truth\Anantapuramu\farm_pond\ANANTAPURAMU_IWMP-80_PILLALAPALLI_p10_i9.jpg,Anantapuramu,farm_pond,monitoring_column_3_field_photo
ANANTAPURAMU_IWMP-80_PILLALAPALLI_p8_i18.jpg,satellite,c:\Users\Mohammed\Desktop\actual 26015\abc\satellite_images\ANANTAPURAMU_IWMP-80_PILLALAPALLI_p8_i18.jpg,Anantapuramu,satellite_t0_t1,monitoring_column_1_or_2_satellite
ANANTAPURAMU_IWMP-80_PILLALAPALLI_p9_i13.jpg,ground_truth,c:\Users\Mohammed\Desktop\actual 26015\abc\ground_truth\Anantapuramu\check_dam\ANANTAPURAMU_IWMP-80_PILLALAPALLI_p9_i13.jpg,Anantapuramu,check_dam,monitoring_column_3_field_photo
ANANTAPURAMU_IWMP-80_PILLALAPALLI_p9_i5.jpg,ground_truth,c:\Users\Mohammed\Desktop\actual 26015\abc\ground_truth\Anantapuramu\check_dam\ANANTAPURAMU_IWMP-80_PILLALAPALLI_p9_i5.jpg,Anantapuramu,check_dam,monitoring_column_3_field_photo
ANANTAPURAMU_IWMP-81_TALAMARLA_p10_i0.jpg,ground_truth,c:\Users\Mohammed\Desktop\actual 26015\abc\ground_truth\Anantapuramu\plantation\ANANTAPURAMU_IWMP-81_TALAMARLA_p10_i0.jpg,Anantapuramu,plantation,monitoring_column_3_field_photo
ANANTAPURAMU_IWMP-81_TALAMARLA_p10_i9.jpg,ground_truth,c:\Users\Mohammed\Desktop\actual 26015\abc\ground_truth\Anantapuramu\plantation\ANANTAPURAMU_IWMP-81_TALAMARLA_p10_i9.jpg,Anantapuramu,plantation,monitoring_column_3_field_photo
ANANTAPURAMU_IWMP-82_RAKETLA_p9_i13.jpg,ground_truth,c:\Users\Mohammed\Desktop\actual 26015\abc\ground_truth\Anantapuramu\boulder_structure\ANANTAPURAMU_IWMP-82_RAKETLA_p9_i13.jpg,Anantapuramu,boulder_structure,monitoring_column_3_field_photo
ANANTAPURAMU_IWMP-83_RAMAGIRI_p10_i0.jpg,ground_truth,c:\Users\Mohammed\Desktop\actual 26015\abc\ground_truth\Anantapuramu\plantation\ANANTAPURAMU_IWMP-83_RAMAGIRI_p10_i0.jpg,Anantapuramu,plantation,monitoring_column_3_field_photo
ANANTAPURAMU_IWMP-84_CHERLOPALLI_p10_i0.jpg,ground_truth,c:\Users\Mohammed\Desktop\actual 26015\abc\ground_truth\Anantapuramu\check_dam\ANANTAPURAMU_IWMP-84_CHERLOPALLI_p10_i0.jpg,Anantapuramu,check_dam,monitoring_column_3_field_photo
ANANTAPURAMU_IWMP-84_CHERLOPALLI_p8_i18.jpg,satellite,c:\Users\Mohammed\Desktop\actual 26015\abc\satellite_images\ANANTAPURAMU_IWMP-84_CHERLOPALLI_p8_i18.jpg,Anantapuramu,satellite_t0_t1,monitoring_column_1_or_2_satellite
ANANTAPURAMU_IWMP-84_CHERLOPALLI_p9_i13.jpg,ground_truth,c:\Users\Mohammed\Desktop\actual 26015\abc\ground_truth\Anantapuramu\check_dam\ANANTAPURAMU_IWMP-84_CHERLOPALLI_p9_i13.jpg,Anantapuramu,check_dam,monitoring_column_3_field_photo
ANANTAPURAMU_IWMP-85_MALLAPURAM_p10_i0.jpg,ground_truth,c:\Users\Mohammed\Desktop\actual 26015\abc\ground_truth\Anantapuramu\farm_pond\ANANTAPURAMU_IWMP-85_MALLAPURAM_p10_i0.jpg,Anantapuramu,farm_pond,monitoring_column_3_field_photo
ANANTAPURAMU_IWMP-85_MALLAPURAM_p10_i9.jpg,ground_truth,c:\Users\Mohammed\Desktop\actual 26015\abc\ground_truth\Anantapuramu\farm_pond\ANANTAPURAMU_IWMP-85_MALLAPURAM_p10_i9.jpg,Anantapuramu,farm_pond,monitoring_column_3_field_photo
ANANTAPURAMU_IWMP-85_MALLAPURAM_p8_i18.jpg,satellite,c:\Users\Mohammed\Desktop\actual 26015\abc\satellite_images\ANANTAPURAMU_IWMP-85_MALLAPURAM_p8_i18.jpg,Anantapuramu,satellite_t0_t1,monitoring_column_1_or_2_satellite
ANANTAPURAMU_IWMP-86_MUTHYALACHERUVU_p10_i9.jpg,ground_truth,c:\Users\Mohammed\Desktop\actual 26015\abc\ground_truth\Anantapuramu\check_dam\ANANTAPURAMU_IWMP-86_MUTHYALACHERUVU_p10_i9.jpg,Anantapuramu,check_dam,monitoring_column_3_field_photo
ANANTAPURAMU_IWMP-86_MUTHYALACHERUVU_p9_i5.jpg,ground_truth,c:\Users\Mohammed\Desktop\actual 26015\abc\ground_truth\Anantapuramu\check_dam\ANANTAPURAMU_IWMP-86_MUTHYALACHERUVU_p9_i5.jpg,Anantapuramu,check_dam,monitoring_column_3_field_photo
CHITTOOR_IWMP-10_DANDAPALLI_p17_i0.jpg,satellite,c:\Users\Mohammed\Desktop\actual 26015\abc\satellite_images\CHITTOOR_IWMP-10_DANDAPALLI_p17_i0.jpg,Chittoor,satellite_lulc,lulc_page_pre_post_treatment
CHITTOOR_IWMP-10_DANDAPALLI_p17_i1.jpg,satellite,c:\Users\Mohammed\Desktop\actual 26015\abc\satellite_images\CHITTOOR_IWMP-10_DANDAPALLI_p17_i1.jpg,Chittoor,satellite_lulc,lulc_page_pre_post_treatment
CHITTOOR_IWMP-10_DANDAPALLI_p17_i2.jpg,satellite,c:\Users\Mohammed\Desktop\actual 26015\abc\satellite_images\CHITTOOR_IWMP-10_DANDAPALLI_p17_i2.jpg,Chittoor,satellite_lulc,lulc_page_pre_post_treatment
CHITTOOR_IWMP-10_DANDAPALLI_p19_i0.jpg,satellite,c:\Users\Mohammed\Desktop\actual 26015\abc\satellite_images\CHITTOOR_IWMP-10_DANDAPALLI_p19_i0.jpg,Chittoor,satellite_lulc,lulc_page_pre_post_treatment
CHITTOOR_IWMP-10_DANDAPALLI_p19_i1.jpg,satellite,c:\Users\Mohammed\Desktop\actual 26015\abc\satellite_images\CHITTOOR_IWMP-10_DANDAPALLI_p19_i1.jpg,Chittoor,satellite_lulc,lulc_page_pre_post_treatment
CHITTOOR_IWMP-11_CHANDRAMAKULAPALLI_p8_i5.jpg,ground_truth,c:\Users\Mohammed\Desktop\actual 26015\abc\ground_truth\Chittoor\farm_pond\CHITTOOR_IWMP-11_CHANDRAMAKULAPALLI_p8_i5.jpg,Chittoor,farm_pond,monitoring_column_3_field_photo
CHITTOOR_IWMP-12_PULLURU_p7_i0.jpg,satellite,c:\Users\Mohammed\Desktop\actual 26015\abc\satellite_images\CHITTOOR_IWMP-12_PULLURU_p7_i0.jpg,Chittoor,satellite_other,no_monitoring_context
CHITTOOR_IWMP-12_PULLURU_p8_i5.jpg,ground_truth,c:\Users\Mohammed\Desktop\actual 26015\abc\ground_truth\Chittoor\check_dam\CHITTOOR_IWMP-12_PULLURU_p8_i5.jpg,Chittoor,check_dam,monitoring_column_3_field_photo
CHITTOOR_IWMP-12_PULLURU_p9_i0.jpg,ground_truth,c:\Users\Mohammed\Desktop\actual 26015\abc\ground_truth\Chittoor\plantation\CHITTOOR_IWMP-12_PULLURU_p9_i0.jpg,Chittoor,plantation,monitoring_column_3_field_photo
CHITTOOR_IWMP-12_PULLURU_p9_i9.jpg,ground_truth,c:\Users\Mohammed\Desktop\actual 26015\abc\ground_truth\Chittoor\plantation\CHITTOOR_IWMP-12_PULLURU_p9_i9.jpg,Chittoor,plantation,monitoring_column_3_field_photo
CHITTOOR_IWMP-13_THAMBALLAPALLE_p8_i13.jpg,ground_truth,c:\Users\Mohammed\Desktop\actual 26015\abc\ground_truth\Chittoor\check_dam\CHITTOOR_IWMP-13_THAMBALLAPALLE_p8_i13.jpg,Chittoor,check_dam,monitoring_column_3_field_photo
CHITTOOR_IWMP-13_THAMBALLAPALLE_p8_i5.jpg,ground_truth,c:\Users\Mohammed\Desktop\actual 26015\abc\ground_truth\Chittoor\check_dam\CHITTOOR_IWMP-13_THAMBALLAPALLE_p8_i5.jpg,Chittoor,check_dam,monitoring_column_3_field_photo
CHITTOOR_IWMP-13_THAMBALLAPALLE_p9_i0.jpg,ground_truth,c:\Users\Mohammed\Desktop\actual 26015\abc\ground_truth\Chittoor\farm_pond\CHITTOOR_IWMP-13_THAMBALLAPALLE_p9_i0.jpg,Chittoor,farm_pond,monitoring_column_3_field_photo
CHITTOOR_IWMP-13_THAMBALLAPALLE_p9_i9.jpg,ground_truth,c:\Users\Mohammed\Desktop\actual 26015\abc\ground_truth\Chittoor\check_dam\CHITTOOR_IWMP-13_THAMBALLAPALLE_p9_i9.jpg,Chittoor,check_dam,monitoring_column_3_field_photo
CHITTOOR_IWMP-14_CHAMBAKURU_p7_i0.jpg,ground_truth,c:\Users\Mohammed\Desktop\actual 26015\abc\ground_truth\Chittoor\farm_pond\CHITTOOR_IWMP-14_CHAMBAKURU_p7_i0.jpg,Chittoor,farm_pond,page_water_structure_keywords
CHITTOOR_IWMP-14_CHAMBAKURU_p9_i0.jpg,ground_truth,c:\Users\Mohammed\Desktop\actual 26015\abc\ground_truth\Chittoor\farm_pond\CHITTOOR_IWMP-14_CHAMBAKURU_p9_i0.jpg,Chittoor,farm_pond,monitoring_column_3_field_photo
CHITTOOR_IWMP-14_CHAMBAKURU_p9_i9.jpg,ground_truth,c:\Users\Mohammed\Desktop\actual 26015\abc\ground_truth\Chittoor\farm_pond\CHITTOOR_IWMP-14_CHAMBAKURU_p9_i9.jpg,Chittoor,farm_pond,monitoring_column_3_field_photo
CHITTOOR_IWMP-15_ADAVIBUDUGURU_p8_i13.jpg,ground_truth,c:\Users\Mohammed\Desktop\actual 26015\abc\ground_truth\Chittoor\check_dam\CHITTOOR_IWMP-15_ADAVIBUDUGURU_p8_i13.jpg,Chittoor,check_dam,monitoring_column_3_field_photo
CHITTOOR_IWMP-15_ADAVIBUDUGURU_p8_i5.jpg,ground_truth,c:\Users\Mohammed\Desktop\actual 26015\abc\ground_truth\Chittoor\check_dam\CHITTOOR_IWMP-15_ADAVIBUDUGURU_p8_i5.jpg,Chittoor,check_dam,monitoring_column_3_field_photo
CHITTOOR_IWMP-15_ADAVIBUDUGURU_p9_i0.jpg,ground_truth,c:\Users\Mohammed\Desktop\actual 26015\abc\ground_truth\Chittoor\check_dam\CHITTOOR_IWMP-15_ADAVIBUDUGURU_p9_i0.jpg,Chittoor,check_dam,monitoring_column_3_field_photo
CHITTOOR_IWMP-16_RALLABUDUGURU_p8_i13.jpg,ground_truth,c:\Users\Mohammed\Desktop\actual 26015\abc\ground_truth\Chittoor\plantation\CHITTOOR_IWMP-16_RALLABUDUGURU_p8_i13.jpg,Chittoor,plantation,monitoring_column_3_field_photo
CHITTOOR_IWMP-16_RALLABUDUGURU_p8_i5.jpg,ground_truth,c:\Users\Mohammed\Desktop\actual 26015\abc\ground_truth\Chittoor\check_dam\CHITTOOR_IWMP-16_RALLABUDUGURU_p8_i5.jpg,Chittoor,check_dam,monitoring_column_3_field_photo
CHITTOOR_IWMP-16_RALLABUDUGURU_p9_i9.jpg,ground_truth,c:\Users\Mohammed\Desktop\actual 26015\abc\ground_truth\Chittoor\check_dam\CHITTOOR_IWMP-16_RALLABUDUGURU_p9_i9.jpg,Chittoor,check_dam,monitoring_column_3_field_photo
CHITTOOR_IWMP-17_CHINTAKUNTA_p8_i13.jpg,ground_truth,c:\Users\Mohammed\Desktop\actual 26015\abc\ground_truth\Chittoor\plantation\CHITTOOR_IWMP-17_CHINTAKUNTA_p8_i13.jpg,Chittoor,plantation,monitoring_column_3_field_photo
CHITTOOR_IWMP-17_CHINTAKUNTA_p8_i5.jpg,ground_truth,c:\Users\Mohammed\Desktop\actual 26015\abc\ground_truth\Chittoor\check_dam\CHITTOOR_IWMP-17_CHINTAKUNTA_p8_i5.jpg,Chittoor,check_dam,monitoring_column_3_field_photo
CHITTOOR_IWMP-17_CHINTAKUNTA_p9_i0.jpg,ground_truth,c:\Users\Mohammed\Desktop\actual 26015\abc\ground_truth\Chittoor\farm_pond\CHITTOOR_IWMP-17_CHINTAKUNTA_p9_i0.jpg,Chittoor,farm_pond,monitoring_column_3_field_photo
CHITTOOR_IWMP-18_VASALAPALLI_p8_i5.jpg,ground_truth,c:\Users\Mohammed\Desktop\actual 26015\abc\ground_truth\Chittoor\check_dam\CHITTOOR_IWMP-18_VASALAPALLI_p8_i5.jpg,Chittoor,check_dam,monitoring_column_3_field_photo
CHITTOOR_IWMP-18_VASALAPALLI_p9_i0.jpg,ground_truth,c:\Users\Mohammed\Desktop\actual 26015\abc\ground_truth\Chittoor\percolation_tank\CHITTOOR_IWMP-18_VASALAPALLI_p9_i0.jpg,Chittoor,percolation_tank,monitoring_column_3_field_photo
CHITTOOR_IWMP-18_VASALAPALLI_p9_i9.jpg,ground_truth,c:\Users\Mohammed\Desktop\actual 26015\abc\ground_truth\Chittoor\percolation_tank\CHITTOOR_IWMP-18_VASALAPALLI_p9_i9.jpg,Chittoor,percolation_tank,monitoring_column_3_field_photo
CHITTOOR_IWMP-19_PULIKALLU_p8_i13.jpg,ground_truth,c:\Users\Mohammed\Desktop\actual 26015\abc\ground_truth\Chittoor\plantation\CHITTOOR_IWMP-19_PULIKALLU_p8_i13.jpg,Chittoor,plantation,monitoring_column_3_field_photo
CHITTOOR_IWMP-19_PULIKALLU_p8_i5.jpg,ground_truth,c:\Users\Mohammed\Desktop\actual 26015\abc\ground_truth\Chittoor\plantation\CHITTOOR_IWMP-19_PULIKALLU_p8_i5.jpg,Chittoor,plantation,monitoring_column_3_field_photo
CHITTOOR_IWMP-19_PULIKALLU_p9_i0.jpg,ground_truth,c:\Users\Mohammed\Desktop\actual 26015\abc\ground_truth\Chittoor\plantation\CHITTOOR_IWMP-19_PULIKALLU_p9_i0.jpg,Chittoor,plantation,monitoring_column_3_field_photo
CHITTOOR_IWMP-19_PULIKALLU_p9_i9.jpg,ground_truth,c:\Users\Mohammed\Desktop\actual 26015\abc\ground_truth\Chittoor\plantation\CHITTOOR_IWMP-19_PULIKALLU_p9_i9.jpg,Chittoor,plantation,monitoring_column_3_field_photo
CHITTOOR_IWMP-20_ERRATHIVARIPALLI_p10_i9.jpg,ground_truth,c:\Users\Mohammed\Desktop\actual 26015\abc\ground_truth\Chittoor\percolation_tank\CHITTOOR_IWMP-20_ERRATHIVARIPALLI_p10_i9.jpg,Chittoor,percolation_tank,monitoring_column_3_field_photo
CHITTOOR_IWMP-20_ERRATHIVARIPALLI_p8_i13.jpg,ground_truth,c:\Users\Mohammed\Desktop\actual 26015\abc\ground_truth\Chittoor\farm_pond\CHITTOOR_IWMP-20_ERRATHIVARIPALLI_p8_i13.jpg,Chittoor,farm_pond,monitoring_column_3_field_photo
CHITTOOR_IWMP-20_ERRATHIVARIPALLI_p9_i0.jpg,ground_truth,c:\Users\Mohammed\Desktop\actual 26015\abc\ground_truth\Chittoor\plantation\CHITTOOR_IWMP-20_ERRATHIVARIPALLI_p9_i0.jpg,Chittoor,plantation,monitoring_column_3_field_photo
CHITTOOR_IWMP-20_ERRATHIVARIPALLI_p9_i9.jpg,ground_truth,c:\Users\Mohammed\Desktop\actual 26015\abc\ground_truth\Chittoor\plantation\CHITTOOR_IWMP-20_ERRATHIVARIPALLI_p9_i9.jpg,Chittoor,plantation,monitoring_column_3_field_photo
CHITTOOR_IWMP-21_THETTU_p20_i2.jpg,satellite,c:\Users\Mohammed\Desktop\actual 26015\abc\satellite_images\CHITTOOR_IWMP-21_THETTU_p20_i2.jpg,Chittoor,satellite_lulc,lulc_page_pre_post_treatment
CHITTOOR_IWMP-21_THETTU_p20_i3.jpg,satellite,c:\Users\Mohammed\Desktop\actual 26015\abc\satellite_images\CHITTOOR_IWMP-21_THETTU_p20_i3.jpg,Chittoor,satellite_lulc,lulc_page_pre_post_treatment
CHITTOOR_IWMP-21_THETTU_p7_i0.jpg,ground_truth,c:\Users\Mohammed\Desktop\actual 26015\abc\ground_truth\Chittoor\check_dam\CHITTOOR_IWMP-21_THETTU_p7_i0.jpg,Chittoor,check_dam,page_water_structure_keywords
CHITTOOR_IWMP-21_THETTU_p8_i13.jpg,ground_truth,c:\Users\Mohammed\Desktop\actual 26015\abc\ground_truth\Chittoor\check_dam\CHITTOOR_IWMP-21_THETTU_p8_i13.jpg,Chittoor,check_dam,monitoring_column_3_field_photo
CHITTOOR_IWMP-21_THETTU_p8_i5.jpg,ground_truth,c:\Users\Mohammed\Desktop\actual 26015\abc\ground_truth\Chittoor\check_dam\CHITTOOR_IWMP-21_THETTU_p8_i5.jpg,Chittoor,check_dam,monitoring_column_3_field_photo
CHITTOOR_IWMP-22_KV-PALLE_p8_i13.jpg,ground_truth,c:\Users\Mohammed\Desktop\actual 26015\abc\ground_truth\Chittoor\check_dam\CHITTOOR_IWMP-22_KV-PALLE_p8_i13.jpg,Chittoor,check_dam,monitoring_column_3_field_photo
CHITTOOR_IWMP-22_KV-PALLE_p8_i5.jpg,ground_truth,c:\Users\Mohammed\Desktop\actual 26015\abc\ground_truth\Chittoor\check_dam\CHITTOOR_IWMP-22_KV-PALLE_p8_i5.jpg,Chittoor,check_dam,monitoring_column_3_field_photo
CHITTOOR_IWMP-22_KV-PALLE_p9_i0.jpg,ground_truth,c:\Users\Mohammed\Desktop\actual 26015\abc\ground_truth\Chittoor\percolation_tank\CHITTOOR_IWMP-22_KV-PALLE_p9_i0.jpg,Chittoor,percolation_tank,monitoring_column_3_field_photo
CHITTOOR_IWMP-22_KV-PALLE_p9_i9.jpg,ground_truth,c:\Users\Mohammed\Desktop\actual 26015\abc\ground_truth\Chittoor\percolation_tank\CHITTOOR_IWMP-22_KV-PALLE_p9_i9.jpg,Chittoor,percolation_tank,monitoring_column_3_field_photo
CHITTOOR_IWMP-23_JAKKIDONA_p8_i13.jpg,ground_truth,c:\Users\Mohammed\Desktop\actual 26015\abc\ground_truth\Chittoor\check_dam\CHITTOOR_IWMP-23_JAKKIDONA_p8_i13.jpg,Chittoor,check_dam,monitoring_column_3_field_photo
CHITTOOR_IWMP-23_JAKKIDONA_p9_i0.jpg,ground_truth,c:\Users\Mohammed\Desktop\actual 26015\abc\ground_truth\Chittoor\percolation_tank\CHITTOOR_IWMP-23_JAKKIDONA_p9_i0.jpg,Chittoor,percolation_tank,monitoring_column_3_field_photo
CHITTOOR_IWMP-24_GUTTAPALEM_p9_i0.jpg,ground_truth,c:\Users\Mohammed\Desktop\actual 26015\abc\ground_truth\Chittoor\plantation\CHITTOOR_IWMP-24_GUTTAPALEM_p9_i0.jpg,Chittoor,plantation,monitoring_column_3_field_photo
CHITTOOR_IWMP-24_GUTTAPALEM_p9_i9.jpg,ground_truth,c:\Users\Mohammed\Desktop\actual 26015\abc\ground_truth\Chittoor\plantation\CHITTOOR_IWMP-24_GUTTAPALEM_p9_i9.jpg,Chittoor,plantation,monitoring_column_3_field_photo
CHITTOOR_IWMP-25_PEDDAMALLELA_p8_i5.jpg,ground_truth,c:\Users\Mohammed\Desktop\actual 26015\abc\ground_truth\Chittoor\farm_pond\CHITTOOR_IWMP-25_PEDDAMALLELA_p8_i5.jpg,Chittoor,farm_pond,monitoring_column_3_field_photo
CHITTOOR_IWMP-25_PEDDAMALLELA_p9_i0.jpg,ground_truth,c:\Users\Mohammed\Desktop\actual 26015\abc\ground_truth\Chittoor\percolation_tank\CHITTOOR_IWMP-25_PEDDAMALLELA_p9_i0.jpg,Chittoor,percolation_tank,monitoring_column_3_field_photo
CHITTOOR_IWMP-25_PEDDAMALLELA_p9_i9.jpg,ground_truth,c:\Users\Mohammed\Desktop\actual 26015\abc\ground_truth\Chittoor\farm_pond\CHITTOOR_IWMP-25_PEDDAMALLELA_p9_i9.jpg,Chittoor,farm_pond,monitoring_column_3_field_photo
CHITTOOR_IWMP-26_KALAKADA_p8_i11.jpg,ground_truth,c:\Users\Mohammed\Desktop\actual 26015\abc\ground_truth\Chittoor\check_dam\CHITTOOR_IWMP-26_KALAKADA_p8_i11.jpg,Chittoor,check_dam,monitoring_column_3_field_photo
CHITTOOR_IWMP-26_KALAKADA_p9_i0.jpg,ground_truth,c:\Users\Mohammed\Desktop\actual 26015\abc\ground_truth\Chittoor\farm_pond\CHITTOOR_IWMP-26_KALAKADA_p9_i0.jpg,Chittoor,farm_pond,monitoring_column_3_field_photo
CHITTOOR_IWMP-26_KALAKADA_p9_i9.jpg,ground_truth,c:\Users\Mohammed\Desktop\actual 26015\abc\ground_truth\Chittoor\farm_pond\CHITTOOR_IWMP-26_KALAKADA_p9_i9.jpg,Chittoor,farm_pond,monitoring_column_3_field_photo
CHITTOOR_IWMP-27_NETHIKUPPAM_p8_i13.jpg,ground_truth,c:\Users\Mohammed\Desktop\actual 26015\abc\ground_truth\Chittoor\check_dam\CHITTOOR_IWMP-27_NETHIKUPPAM_p8_i13.jpg,Chittoor,check_dam,monitoring_column_3_field_photo
CHITTOOR_IWMP-27_NETHIKUPPAM_p8_i5.jpg,ground_truth,c:\Users\Mohammed\Desktop\actual 26015\abc\ground_truth\Chittoor\check_dam\CHITTOOR_IWMP-27_NETHIKUPPAM_p8_i5.jpg,Chittoor,check_dam,monitoring_column_3_field_photo
CHITTOOR_IWMP-27_NETHIKUPPAM_p9_i0.jpg,ground_truth,c:\Users\Mohammed\Desktop\actual 26015\abc\ground_truth\Chittoor\check_dam\CHITTOOR_IWMP-27_NETHIKUPPAM_p9_i0.jpg,Chittoor,check_dam,monitoring_column_3_field_photo
CHITTOOR_IWMP-27_NETHIKUPPAM_p9_i9.jpg,ground_truth,c:\Users\Mohammed\Desktop\actual 26015\abc\ground_truth\Chittoor\check_dam\CHITTOOR_IWMP-27_NETHIKUPPAM_p9_i9.jpg,Chittoor,check_dam,monitoring_column_3_field_photo
CHITTOOR_IWMP-28_CHOKKANDLAPALLE_p8_i13.jpg,ground_truth,c:\Users\Mohammed\Desktop\actual 26015\abc\ground_truth\Chittoor\water_structure_other\CHITTOOR_IWMP-28_CHOKKANDLAPALLE_p8_i13.jpg,Chittoor,water_structure_other,monitoring_column_3_field_photo
CHITTOOR_IWMP-28_CHOKKANDLAPALLE_p8_i5.jpg,ground_truth,c:\Users\Mohammed\Desktop\actual 26015\abc\ground_truth\Chittoor\farm_pond\CHITTOOR_IWMP-28_CHOKKANDLAPALLE_p8_i5.jpg,Chittoor,farm_pond,monitoring_column_3_field_photo
CHITTOOR_IWMP-28_CHOKKANDLAPALLE_p9_i0.jpg,ground_truth,c:\Users\Mohammed\Desktop\actual 26015\abc\ground_truth\Chittoor\plantation\CHITTOOR_IWMP-28_CHOKKANDLAPALLE_p9_i0.jpg,Chittoor,plantation,monitoring_column_3_field_photo
CHITTOOR_IWMP-28_CHOKKANDLAPALLE_p9_i9.jpg,ground_truth,c:\Users\Mohammed\Desktop\actual 26015\abc\ground_truth\Chittoor\percolation_tank\CHITTOOR_IWMP-28_CHOKKANDLAPALLE_p9_i9.jpg,Chittoor,percolation_tank,monitoring_column_3_field_photo
CHITTOOR_IWMP-29_VEPULABAILU_p8_i13.jpg,ground_truth,c:\Users\Mohammed\Desktop\actual 26015\abc\ground_truth\Chittoor\check_dam\CHITTOOR_IWMP-29_VEPULABAILU_p8_i13.jpg,Chittoor,check_dam,monitoring_column_3_field_photo
CHITTOOR_IWMP-29_VEPULABAILU_p8_i5.jpg,ground_truth,c:\Users\Mohammed\Desktop\actual 26015\abc\ground_truth\Chittoor\check_dam\CHITTOOR_IWMP-29_VEPULABAILU_p8_i5.jpg,Chittoor,check_dam,monitoring_column_3_field_photo
CHITTOOR_IWMP-30_TALUPULA_p8_i13.jpg,ground_truth,c:\Users\Mohammed\Desktop\actual 26015\abc\ground_truth\Chittoor\check_dam\CHITTOOR_IWMP-30_TALUPULA_p8_i13.jpg,Chittoor,check_dam,monitoring_column_3_field_photo
CHITTOOR_IWMP-30_TALUPULA_p8_i5.jpg,ground_truth,c:\Users\Mohammed\Desktop\actual 26015\abc\ground_truth\Chittoor\check_dam\CHITTOOR_IWMP-30_TALUPULA_p8_i5.jpg,Chittoor,check_dam,monitoring_column_3_field_photo
CHITTOOR_IWMP-30_TALUPULA_p9_i9.jpg,ground_truth,c:\Users\Mohammed\Desktop\actual 26015\abc\ground_truth\Chittoor\plantation\CHITTOOR_IWMP-30_TALUPULA_p9_i9.jpg,Chittoor,plantation,monitoring_column_3_field_photo
CHITTOOR_IWMP-31_REGALLU_p8_i13.jpg,ground_truth,c:\Users\Mohammed\Desktop\actual 26015\abc\ground_truth\Chittoor\plantation\CHITTOOR_IWMP-31_REGALLU_p8_i13.jpg,Chittoor,plantation,monitoring_column_3_field_photo
CHITTOOR_IWMP-31_REGALLU_p8_i5.jpg,ground_truth,c:\Users\Mohammed\Desktop\actual 26015\abc\ground_truth\Chittoor\check_dam\CHITTOOR_IWMP-31_REGALLU_p8_i5.jpg,Chittoor,check_dam,monitoring_column_3_field_photo
CHITTOOR_IWMP-31_REGALLU_p9_i0.jpg,ground_truth,c:\Users\Mohammed\Desktop\actual 26015\abc\ground_truth\Chittoor\farm_pond\CHITTOOR_IWMP-31_REGALLU_p9_i0.jpg,Chittoor,farm_pond,monitoring_column_3_field_photo
CHITTOOR_IWMP-31_REGALLU_p9_i9.jpg,ground_truth,c:\Users\Mohammed\Desktop\actual 26015\abc\ground_truth\Chittoor\farm_pond\CHITTOOR_IWMP-31_REGALLU_p9_i9.jpg,Chittoor,farm_pond,monitoring_column_3_field_photo
CHITTOOR_IWMP-32_MUDRAMODDI_p8_i5.jpg,ground_truth,c:\Users\Mohammed\Desktop\actual 26015\abc\ground_truth\Chittoor\farm_pond\CHITTOOR_IWMP-32_MUDRAMODDI_p8_i5.jpg,Chittoor,farm_pond,monitoring_column_3_field_photo
CHITTOOR_IWMP-32_MUDRAMODDI_p9_i0.jpg,ground_truth,c:\Users\Mohammed\Desktop\actual 26015\abc\ground_truth\Chittoor\plantation\CHITTOOR_IWMP-32_MUDRAMODDI_p9_i0.jpg,Chittoor,plantation,monitoring_column_3_field_photo
CHITTOOR_IWMP-32_MUDRAMODDI_p9_i9.jpg,ground_truth,c:\Users\Mohammed\Desktop\actual 26015\abc\ground_truth\Chittoor\plantation\CHITTOOR_IWMP-32_MUDRAMODDI_p9_i9.jpg,Chittoor,plantation,monitoring_column_3_field_photo
CHITTOOR_IWMP-33_GUDIPALLE_p8_i13.jpg,ground_truth,c:\Users\Mohammed\Desktop\actual 26015\abc\ground_truth\Chittoor\check_dam\CHITTOOR_IWMP-33_GUDIPALLE_p8_i13.jpg,Chittoor,check_dam,monitoring_column_3_field_photo
CHITTOOR_IWMP-33_GUDIPALLE_p8_i5.jpg,ground_truth,c:\Users\Mohammed\Desktop\actual 26015\abc\ground_truth\Chittoor\check_dam\CHITTOOR_IWMP-33_GUDIPALLE_p8_i5.jpg,Chittoor,check_dam,monitoring_column_3_field_photo
CHITTOOR_IWMP-33_GUDIPALLE_p9_i0.jpg,ground_truth,c:\Users\Mohammed\Desktop\actual 26015\abc\ground_truth\Chittoor\check_dam\CHITTOOR_IWMP-33_GUDIPALLE_p9_i0.jpg,Chittoor,check_dam,monitoring_column_3_field_photo
CHITTOOR_IWMP-34_BORLAPALLE_p8_i13.jpg,ground_truth,c:\Users\Mohammed\Desktop\actual 26015\abc\ground_truth\Chittoor\farm_pond\CHITTOOR_IWMP-34_BORLAPALLE_p8_i13.jpg,Chittoor,farm_pond,monitoring_column_3_field_photo
CHITTOOR_IWMP-34_BORLAPALLE_p8_i5.jpg,ground_truth,c:\Users\Mohammed\Desktop\actual 26015\abc\ground_truth\Chittoor\farm_pond\CHITTOOR_IWMP-34_BORLAPALLE_p8_i5.jpg,Chittoor,farm_pond,monitoring_column_3_field_photo
CHITTOOR_IWMP-34_BORLAPALLE_p9_i0.jpg,ground_truth,c:\Users\Mohammed\Desktop\actual 26015\abc\ground_truth\Chittoor\plantation\CHITTOOR_IWMP-34_BORLAPALLE_p9_i0.jpg,Chittoor,plantation,monitoring_column_3_field_photo
CHITTOOR_IWMP-34_BORLAPALLE_p9_i9.jpg,ground_truth,c:\Users\Mohammed\Desktop\actual 26015\abc\ground_truth\Chittoor\plantation\CHITTOOR_IWMP-34_BORLAPALLE_p9_i9.jpg,Chittoor,plantation,monitoring_column_3_field_photo
CHITTOOR_IWMP-35_THAVALAM_p8_i13.jpg,ground_truth,c:\Users\Mohammed\Desktop\actual 26015\abc\ground_truth\Chittoor\percolation_tank\CHITTOOR_IWMP-35_THAVALAM_p8_i13.jpg,Chittoor,percolation_tank,monitoring_column_3_field_photo
CHITTOOR_IWMP-35_THAVALAM_p8_i5.jpg,ground_truth,c:\Users\Mohammed\Desktop\actual 26015\abc\ground_truth\Chittoor\percolation_tank\CHITTOOR_IWMP-35_THAVALAM_p8_i5.jpg,Chittoor,percolation_tank,monitoring_column_3_field_photo
CHITTOOR_IWMP-35_THAVALAM_p9_i0.jpg,ground_truth,c:\Users\Mohammed\Desktop\actual 26015\abc\ground_truth\Chittoor\plantation\CHITTOOR_IWMP-35_THAVALAM_p9_i0.jpg,Chittoor,plantation,monitoring_column_3_field_photo
CHITTOOR_IWMP-35_THAVALAM_p9_i9.jpg,ground_truth,c:\Users\Mohammed\Desktop\actual 26015\abc\ground_truth\Chittoor\percolation_tank\CHITTOOR_IWMP-35_THAVALAM_p9_i9.jpg,Chittoor,percolation_tank,monitoring_column_3_field_photo
CHITTOOR_IWMP-36_KALUVAPALLE_p8_i13.jpg,ground_truth,c:\Users\Mohammed\Desktop\actual 26015\abc\ground_truth\Chittoor\check_dam\CHITTOOR_IWMP-36_KALUVAPALLE_p8_i13.jpg,Chittoor,check_dam,monitoring_column_3_field_photo
CHITTOOR_IWMP-36_KALUVAPALLE_p8_i5.jpg,ground_truth,c:\Users\Mohammed\Desktop\actual 26015\abc\ground_truth\Chittoor\check_dam\CHITTOOR_IWMP-36_KALUVAPALLE_p8_i5.jpg,Chittoor,check_dam,monitoring_column_3_field_photo
CHITTOOR_IWMP-36_KALUVAPALLE_p9_i0.jpg,ground_truth,c:\Users\Mohammed\Desktop\actual 26015\abc\ground_truth\Chittoor\farm_pond\CHITTOOR_IWMP-36_KALUVAPALLE_p9_i0.jpg,Chittoor,farm_pond,monitoring_column_3_field_photo
CHITTOOR_IWMP-36_KALUVAPALLE_p9_i9.jpg,ground_truth,c:\Users\Mohammed\Desktop\actual 26015\abc\ground_truth\Chittoor\farm_pond\CHITTOOR_IWMP-36_KALUVAPALLE_p9_i9.jpg,Chittoor,farm_pond,monitoring_column_3_field_photo
CHITTOOR_IWMP-37_SETTIVARIPALLI_p8_i13.jpg,ground_truth,c:\Users\Mohammed\Desktop\actual 26015\abc\ground_truth\Chittoor\check_dam\CHITTOOR_IWMP-37_SETTIVARIPALLI_p8_i13.jpg,Chittoor,check_dam,monitoring_column_3_field_photo
CHITTOOR_IWMP-37_SETTIVARIPALLI_p8_i5.jpg,ground_truth,c:\Users\Mohammed\Desktop\actual 26015\abc\ground_truth\Chittoor\check_dam\CHITTOOR_IWMP-37_SETTIVARIPALLI_p8_i5.jpg,Chittoor,check_dam,monitoring_column_3_field_photo
CHITTOOR_IWMP-37_SETTIVARIPALLI_p9_i0.jpg,ground_truth,c:\Users\Mohammed\Desktop\actual 26015\abc\ground_truth\Chittoor\plantation\CHITTOOR_IWMP-37_SETTIVARIPALLI_p9_i0.jpg,Chittoor,plantation,monitoring_column_3_field_photo
CHITTOOR_IWMP-37_SETTIVARIPALLI_p9_i9.jpg,ground_truth,c:\Users\Mohammed\Desktop\actual 26015\abc\ground_truth\Chittoor\plantation\CHITTOOR_IWMP-37_SETTIVARIPALLI_p9_i9.jpg,Chittoor,plantation,monitoring_column_3_field_photo
CHITTOOR_IWMP-38_THARIGONDA_p8_i13.jpg,ground_truth,c:\Users\Mohammed\Desktop\actual 26015\abc\ground_truth\Chittoor\check_dam\CHITTOOR_IWMP-38_THARIGONDA_p8_i13.jpg,Chittoor,check_dam,monitoring_column_3_field_photo
CHITTOOR_IWMP-38_THARIGONDA_p8_i5.jpg,ground_truth,c:\Users\Mohammed\Desktop\actual 26015\abc\ground_truth\Chittoor\check_dam\CHITTOOR_IWMP-38_THARIGONDA_p8_i5.jpg,Chittoor,check_dam,monitoring_column_3_field_photo
CHITTOOR_IWMP-38_THARIGONDA_p9_i0.jpg,ground_truth,c:\Users\Mohammed\Desktop\actual 26015\abc\ground_truth\Chittoor\farm_pond\CHITTOOR_IWMP-38_THARIGONDA_p9_i0.jpg,Chittoor,farm_pond,monitoring_column_3_field_photo
CHITTOOR_IWMP-38_THARIGONDA_p9_i9.jpg,ground_truth,c:\Users\Mohammed\Desktop\actual 26015\abc\ground_truth\Chittoor\farm_pond\CHITTOOR_IWMP-38_THARIGONDA_p9_i9.jpg,Chittoor,farm_pond,monitoring_column_3_field_photo
CHITTOOR_IWMP-39_NELLIMANDA_p8_i11.jpg,ground_truth,c:\Users\Mohammed\Desktop\actual 26015\abc\ground_truth\Chittoor\farm_pond\CHITTOOR_IWMP-39_NELLIMANDA_p8_i11.jpg,Chittoor,farm_pond,monitoring_column_3_field_photo
CHITTOOR_IWMP-39_NELLIMANDA_p8_i3.jpg,ground_truth,c:\Users\Mohammed\Desktop\actual 26015\abc\ground_truth\Chittoor\farm_pond\CHITTOOR_IWMP-39_NELLIMANDA_p8_i3.jpg,Chittoor,farm_pond,monitoring_column_3_field_photo
CHITTOOR_IWMP-39_NELLIMANDA_p9_i9.jpg,ground_truth,c:\Users\Mohammed\Desktop\actual 26015\abc\ground_truth\Chittoor\percolation_tank\CHITTOOR_IWMP-39_NELLIMANDA_p9_i9.jpg,Chittoor,percolation_tank,monitoring_column_3_field_photo
CHITTOOR_IWMP-40_GALIVARIPALLE_p8_i11.jpg,ground_truth,c:\Users\Mohammed\Desktop\actual 26015\abc\ground_truth\Chittoor\check_dam\CHITTOOR_IWMP-40_GALIVARIPALLE_p8_i11.jpg,Chittoor,check_dam,monitoring_column_3_field_photo
CHITTOOR_IWMP-40_GALIVARIPALLE_p9_i0.jpg,ground_truth,c:\Users\Mohammed\Desktop\actual 26015\abc\ground_truth\Chittoor\plantation\CHITTOOR_IWMP-40_GALIVARIPALLE_p9_i0.jpg,Chittoor,plantation,monitoring_column_3_field_photo
CHITTOOR_IWMP-40_GALIVARIPALLE_p9_i9.jpg,ground_truth,c:\Users\Mohammed\Desktop\actual 26015\abc\ground_truth\Chittoor\percolation_tank\CHITTOOR_IWMP-40_GALIVARIPALLE_p9_i9.jpg,Chittoor,percolation_tank,monitoring_column_3_field_photo
CHITTOOR_IWMP-41_BADIKAYALAPALLE_p8_i11.jpg,ground_truth,c:\Users\Mohammed\Desktop\actual 26015\abc\ground_truth\Chittoor\check_dam\CHITTOOR_IWMP-41_BADIKAYALAPALLE_p8_i11.jpg,Chittoor,check_dam,monitoring_column_3_field_photo
CHITTOOR_IWMP-41_BADIKAYALAPALLE_p8_i3.jpg,ground_truth,c:\Users\Mohammed\Desktop\actual 26015\abc\ground_truth\Chittoor\check_dam\CHITTOOR_IWMP-41_BADIKAYALAPALLE_p8_i3.jpg,Chittoor,check_dam,monitoring_column_3_field_photo
CHITTOOR_IWMP-41_BADIKAYALAPALLE_p9_i0.jpg,ground_truth,c:\Users\Mohammed\Desktop\actual 26015\abc\ground_truth\Chittoor\farm_pond\CHITTOOR_IWMP-41_BADIKAYALAPALLE_p9_i0.jpg,Chittoor,farm_pond,monitoring_column_3_field_photo
CHITTOOR_IWMP-41_BADIKAYALAPALLE_p9_i9.jpg,ground_truth,c:\Users\Mohammed\Desktop\actual 26015\abc\ground_truth\Chittoor\farm_pond\CHITTOOR_IWMP-41_BADIKAYALAPALLE_p9_i9.jpg,Chittoor,farm_pond,monitoring_column_3_field_photo
CHITTOOR_IWMP-42_EENNUGONDAPALEM_p8_i13.jpg,ground_truth,c:\Users\Mohammed\Desktop\actual 26015\abc\ground_truth\Chittoor\check_dam\CHITTOOR_IWMP-42_EENNUGONDAPALEM_p8_i13.jpg,Chittoor,check_dam,monitoring_column_3_field_photo
CHITTOOR_IWMP-42_EENNUGONDAPALEM_p8_i5.jpg,ground_truth,c:\Users\Mohammed\Desktop\actual 26015\abc\ground_truth\Chittoor\check_dam\CHITTOOR_IWMP-42_EENNUGONDAPALEM_p8_i5.jpg,Chittoor,check_dam,monitoring_column_3_field_photo
CHITTOOR_IWMP-42_EENNUGONDAPALEM_p9_i0.jpg,ground_truth,c:\Users\Mohammed\Desktop\actual 26015\abc\ground_truth\Chittoor\water_structure_other\CHITTOOR_IWMP-42_EENNUGONDAPALEM_p9_i0.jpg,Chittoor,water_structure_other,monitoring_column_3_field_photo
CHITTOOR_IWMP-42_EENNUGONDAPALEM_p9_i9.jpg,ground_truth,c:\Users\Mohammed\Desktop\actual 26015\abc\ground_truth\Chittoor\plantation\CHITTOOR_IWMP-42_EENNUGONDAPALEM_p9_i9.jpg,Chittoor,plantation,monitoring_column_3_field_photo
CHITTOOR_IWMP-43_KONA_p8_i11.jpg,ground_truth,c:\Users\Mohammed\Desktop\actual 26015\abc\ground_truth\Chittoor\check_dam\CHITTOOR_IWMP-43_KONA_p8_i11.jpg,Chittoor,check_dam,monitoring_column_3_field_photo
CHITTOOR_IWMP-43_KONA_p8_i3.jpg,ground_truth,c:\Users\Mohammed\Desktop\actual 26015\abc\ground_truth\Chittoor\check_dam\CHITTOOR_IWMP-43_KONA_p8_i3.jpg,Chittoor,check_dam,monitoring_column_3_field_photo
CHITTOOR_IWMP-43_KONA_p9_i0.jpg,ground_truth,c:\Users\Mohammed\Desktop\actual 26015\abc\ground_truth\Chittoor\farm_pond\CHITTOOR_IWMP-43_KONA_p9_i0.jpg,Chittoor,farm_pond,monitoring_column_3_field_photo
CHITTOOR_IWMP-43_KONA_p9_i9.jpg,ground_truth,c:\Users\Mohammed\Desktop\actual 26015\abc\ground_truth\Chittoor\farm_pond\CHITTOOR_IWMP-43_KONA_p9_i9.jpg,Chittoor,farm_pond,monitoring_column_3_field_photo
CHITTOOR_IWMP-44_GUNDLUR_p8_i13.jpg,ground_truth,c:\Users\Mohammed\Desktop\actual 26015\abc\ground_truth\Chittoor\check_dam\CHITTOOR_IWMP-44_GUNDLUR_p8_i13.jpg,Chittoor,check_dam,monitoring_column_3_field_photo
CHITTOOR_IWMP-44_GUNDLUR_p8_i5.jpg,ground_truth,c:\Users\Mohammed\Desktop\actual 26015\abc\ground_truth\Chittoor\check_dam\CHITTOOR_IWMP-44_GUNDLUR_p8_i5.jpg,Chittoor,check_dam,monitoring_column_3_field_photo
CHITTOOR_IWMP-44_GUNDLUR_p9_i0.jpg,ground_truth,c:\Users\Mohammed\Desktop\actual 26015\abc\ground_truth\Chittoor\plantation\CHITTOOR_IWMP-44_GUNDLUR_p9_i0.jpg,Chittoor,plantation,monitoring_column_3_field_photo
CHITTOOR_IWMP-44_GUNDLUR_p9_i9.jpg,ground_truth,c:\Users\Mohammed\Desktop\actual 26015\abc\ground_truth\Chittoor\percolation_tank\CHITTOOR_IWMP-44_GUNDLUR_p9_i9.jpg,Chittoor,percolation_tank,monitoring_column_3_field_photo
CHITTOOR_IWMP-45_MUNELLAPALLI_p8_i5.jpg,ground_truth,c:\Users\Mohammed\Desktop\actual 26015\abc\ground_truth\Chittoor\check_dam\CHITTOOR_IWMP-45_MUNELLAPALLI_p8_i5.jpg,Chittoor,check_dam,monitoring_column_3_field_photo
CHITTOOR_IWMP-45_MUNELLAPALLI_p9_i0.jpg,ground_truth,c:\Users\Mohammed\Desktop\actual 26015\abc\ground_truth\Chittoor\plantation\CHITTOOR_IWMP-45_MUNELLAPALLI_p9_i0.jpg,Chittoor,plantation,monitoring_column_3_field_photo
CHITTOOR_IWMP-45_MUNELLAPALLI_p9_i9.jpg,ground_truth,c:\Users\Mohammed\Desktop\actual 26015\abc\ground_truth\Chittoor\percolation_tank\CHITTOOR_IWMP-45_MUNELLAPALLI_p9_i9.jpg,Chittoor,percolation_tank,monitoring_column_3_field_photo
CHITTOOR_IWMP-46_THATIGUNTAPALLI_p8_i5.jpg,ground_truth,c:\Users\Mohammed\Desktop\actual 26015\abc\ground_truth\Chittoor\check_dam\CHITTOOR_IWMP-46_THATIGUNTAPALLI_p8_i5.jpg,Chittoor,check_dam,monitoring_column_3_field_photo
CHITTOOR_IWMP-46_THATIGUNTAPALLI_p9_i0.jpg,ground_truth,c:\Users\Mohammed\Desktop\actual 26015\abc\ground_truth\Chittoor\plantation\CHITTOOR_IWMP-46_THATIGUNTAPALLI_p9_i0.jpg,Chittoor,plantation,monitoring_column_3_field_photo
CHITTOOR_IWMP-46_THATIGUNTAPALLI_p9_i9.jpg,ground_truth,c:\Users\Mohammed\Desktop\actual 26015\abc\ground_truth\Chittoor\plantation\CHITTOOR_IWMP-46_THATIGUNTAPALLI_p9_i9.jpg,Chittoor,plantation,monitoring_column_3_field_photo
CHITTOOR_IWMP-47_CHINNAGOTTIGALLU_p8_i13.jpg,ground_truth,c:\Users\Mohammed\Desktop\actual 26015\abc\ground_truth\Chittoor\check_dam\CHITTOOR_IWMP-47_CHINNAGOTTIGALLU_p8_i13.jpg,Chittoor,check_dam,monitoring_column_3_field_photo
CHITTOOR_IWMP-47_CHINNAGOTTIGALLU_p9_i0.jpg,ground_truth,c:\Users\Mohammed\Desktop\actual 26015\abc\ground_truth\Chittoor\farm_pond\CHITTOOR_IWMP-47_CHINNAGOTTIGALLU_p9_i0.jpg,Chittoor,farm_pond,monitoring_column_3_field_photo
CHITTOOR_IWMP-48_THEERTHAM_p8_i18.jpg,satellite,c:\Users\Mohammed\Desktop\actual 26015\abc\satellite_images\CHITTOOR_IWMP-48_THEERTHAM_p8_i18.jpg,Chittoor,satellite_t0_t1,monitoring_column_1_or_2_satellite
CHITTOOR_IWMP-49_POLAKALA_p10_i0.jpg,ground_truth,c:\Users\Mohammed\Desktop\actual 26015\abc\ground_truth\Chittoor\plantation\CHITTOOR_IWMP-49_POLAKALA_p10_i0.jpg,Chittoor,plantation,monitoring_column_3_field_photo
CHITTOOR_IWMP-49_POLAKALA_p8_i18.jpg,satellite,c:\Users\Mohammed\Desktop\actual 26015\abc\satellite_images\CHITTOOR_IWMP-49_POLAKALA_p8_i18.jpg,Chittoor,satellite_t0_t1,monitoring_column_1_or_2_satellite
CHITTOOR_IWMP-49_POLAKALA_p9_i5.jpg,ground_truth,c:\Users\Mohammed\Desktop\actual 26015\abc\ground_truth\Chittoor\farm_pond\CHITTOOR_IWMP-49_POLAKALA_p9_i5.jpg,Chittoor,farm_pond,monitoring_column_3_field_photo
CHITTOOR_IWMP-50_KRISHNADASANAPALLE_p8_i5.jpg,ground_truth,c:\Users\Mohammed\Desktop\actual 26015\abc\ground_truth\Chittoor\farm_pond\CHITTOOR_IWMP-50_KRISHNADASANAPALLE_p8_i5.jpg,Chittoor,farm_pond,monitoring_column_3_field_photo
CHITTOOR_IWMP-50_KRISHNADASANAPALLE_p9_i0.jpg,ground_truth,c:\Users\Mohammed\Desktop\actual 26015\abc\ground_truth\Chittoor\plantation\CHITTOOR_IWMP-50_KRISHNADASANAPALLE_p9_i0.jpg,Chittoor,plantation,monitoring_column_3_field_photo
CHITTOOR_IWMP-51_PAMUGANIPALLE_p10_i9.jpg,ground_truth,c:\Users\Mohammed\Desktop\actual 26015\abc\ground_truth\Chittoor\farm_pond\CHITTOOR_IWMP-51_PAMUGANIPALLE_p10_i9.jpg,Chittoor,farm_pond,monitoring_column_3_field_photo
CHITTOOR_IWMP-51_PAMUGANIPALLE_p8_i18.jpg,satellite,c:\Users\Mohammed\Desktop\actual 26015\abc\satellite_images\CHITTOOR_IWMP-51_PAMUGANIPALLE_p8_i18.jpg,Chittoor,satellite_t0_t1,monitoring_column_1_or_2_satellite
CHITTOOR_IWMP-52_KONGATAM_p10_i0.jpg,ground_truth,c:\Users\Mohammed\Desktop\actual 26015\abc\ground_truth\Chittoor\farm_pond\CHITTOOR_IWMP-52_KONGATAM_p10_i0.jpg,Chittoor,farm_pond,monitoring_column_3_field_photo
CHITTOOR_IWMP-52_KONGATAM_p10_i9.jpg,ground_truth,c:\Users\Mohammed\Desktop\actual 26015\abc\ground_truth\Chittoor\farm_pond\CHITTOOR_IWMP-52_KONGATAM_p10_i9.jpg,Chittoor,farm_pond,monitoring_column_3_field_photo
CHITTOOR_IWMP-52_KONGATAM_p8_i18.jpg,satellite,c:\Users\Mohammed\Desktop\actual 26015\abc\satellite_images\CHITTOOR_IWMP-52_KONGATAM_p8_i18.jpg,Chittoor,satellite_t0_t1,monitoring_column_1_or_2_satellite
CHITTOOR_IWMP-52_KONGATAM_p9_i13.jpg,ground_truth,c:\Users\Mohammed\Desktop\actual 26015\abc\ground_truth\Chittoor\farm_pond\CHITTOOR_IWMP-52_KONGATAM_p9_i13.jpg,Chittoor,farm_pond,monitoring_column_3_field_photo
CHITTOOR_IWMP-52_KONGATAM_p9_i5.jpg,ground_truth,c:\Users\Mohammed\Desktop\actual 26015\abc\ground_truth\Chittoor\farm_pond\CHITTOOR_IWMP-52_KONGATAM_p9_i5.jpg,Chittoor,farm_pond,monitoring_column_3_field_photo
CHITTOOR_IWMP-53_VOOTUPALLE_p10_i9.jpg,ground_truth,c:\Users\Mohammed\Desktop\actual 26015\abc\ground_truth\Chittoor\farm_pond\CHITTOOR_IWMP-53_VOOTUPALLE_p10_i9.jpg,Chittoor,farm_pond,monitoring_column_3_field_photo
CHITTOOR_IWMP-53_VOOTUPALLE_p8_i18.jpg,ground_truth,c:\Users\Mohammed\Desktop\actual 26015\abc\ground_truth\Chittoor\water_structure_other\CHITTOOR_IWMP-53_VOOTUPALLE_p8_i18.jpg,Chittoor,water_structure_other,monitoring_column_3_field_photo
CHITTOOR_IWMP-53_VOOTUPALLE_p9_i5.jpg,ground_truth,c:\Users\Mohammed\Desktop\actual 26015\abc\ground_truth\Chittoor\check_dam\CHITTOOR_IWMP-53_VOOTUPALLE_p9_i5.jpg,Chittoor,check_dam,monitoring_column_3_field_photo
CHITTOOR_IWMP-55_YERRAVARIPALEM_p10_i9.jpg,ground_truth,c:\Users\Mohammed\Desktop\actual 26015\abc\ground_truth\Chittoor\percolation_tank\CHITTOOR_IWMP-55_YERRAVARIPALEM_p10_i9.jpg,Chittoor,percolation_tank,monitoring_column_3_field_photo
CHITTOOR_IWMP-55_YERRAVARIPALEM_p8_i18.jpg,ground_truth,c:\Users\Mohammed\Desktop\actual 26015\abc\ground_truth\Chittoor\water_structure_other\CHITTOOR_IWMP-55_YERRAVARIPALEM_p8_i18.jpg,Chittoor,water_structure_other,monitoring_column_3_field_photo
CHITTOOR_IWMP-55_YERRAVARIPALEM_p9_i13.jpg,ground_truth,c:\Users\Mohammed\Desktop\actual 26015\abc\ground_truth\Chittoor\check_dam\CHITTOOR_IWMP-55_YERRAVARIPALEM_p9_i13.jpg,Chittoor,check_dam,monitoring_column_3_field_photo
CHITTOOR_IWMP-55_YERRAVARIPALEM_p9_i5.jpg,ground_truth,c:\Users\Mohammed\Desktop\actual 26015\abc\ground_truth\Chittoor\check_dam\CHITTOOR_IWMP-55_YERRAVARIPALEM_p9_i5.jpg,Chittoor,check_dam,monitoring_column_3_field_photo
CHITTOOR_IWMP-56_CHINTHAPENTA_p10_i9.jpg,ground_truth,c:\Users\Mohammed\Desktop\actual 26015\abc\ground_truth\Chittoor\farm_pond\CHITTOOR_IWMP-56_CHINTHAPENTA_p10_i9.jpg,Chittoor,farm_pond,monitoring_column_3_field_photo
CHITTOOR_IWMP-56_CHINTHAPENTA_p8_i15.jpg,satellite,c:\Users\Mohammed\Desktop\actual 26015\abc\satellite_images\CHITTOOR_IWMP-56_CHINTHAPENTA_p8_i15.jpg,Chittoor,satellite_t0_t1,monitoring_column_1_or_2_satellite
CHITTOOR_IWMP-56_CHINTHAPENTA_p9_i13.jpg,ground_truth,c:\Users\Mohammed\Desktop\actual 26015\abc\ground_truth\Chittoor\farm_pond\CHITTOOR_IWMP-56_CHINTHAPENTA_p9_i13.jpg,Chittoor,farm_pond,monitoring_column_3_field_photo
CHITTOOR_IWMP-57_NOOTHANKALVA_p10_i0.jpg,ground_truth,c:\Users\Mohammed\Desktop\actual 26015\abc\ground_truth\Chittoor\farm_pond\CHITTOOR_IWMP-57_NOOTHANKALVA_p10_i0.jpg,Chittoor,farm_pond,monitoring_column_3_field_photo
CHITTOOR_IWMP-57_NOOTHANKALVA_p10_i9.jpg,ground_truth,c:\Users\Mohammed\Desktop\actual 26015\abc\ground_truth\Chittoor\farm_pond\CHITTOOR_IWMP-57_NOOTHANKALVA_p10_i9.jpg,Chittoor,farm_pond,monitoring_column_3_field_photo
CHITTOOR_IWMP-57_NOOTHANKALVA_p8_i15.jpg,satellite,c:\Users\Mohammed\Desktop\actual 26015\abc\satellite_images\CHITTOOR_IWMP-57_NOOTHANKALVA_p8_i15.jpg,Chittoor,satellite_t0_t1,monitoring_column_1_or_2_satellite
CHITTOOR_IWMP-57_NOOTHANKALVA_p9_i13.jpg,ground_truth,c:\Users\Mohammed\Desktop\actual 26015\abc\ground_truth\Chittoor\check_dam\CHITTOOR_IWMP-57_NOOTHANKALVA_p9_i13.jpg,Chittoor,check_dam,monitoring_column_3_field_photo
CHITTOOR_IWMP-57_NOOTHANKALVA_p9_i5.jpg,ground_truth,c:\Users\Mohammed\Desktop\actual 26015\abc\ground_truth\Chittoor\check_dam\CHITTOOR_IWMP-57_NOOTHANKALVA_p9_i5.jpg,Chittoor,check_dam,monitoring_column_3_field_photo
CHITTOOR_IWMP-58_AYYAVANDLAPALLE_p8_i18.jpg,satellite,c:\Users\Mohammed\Desktop\actual 26015\abc\satellite_images\CHITTOOR_IWMP-58_AYYAVANDLAPALLE_p8_i18.jpg,Chittoor,satellite_t0_t1,monitoring_column_1_or_2_satellite
CHITTOOR_IWMP_01_MUDDANAPALLE_p10_i13.jpg,ground_truth,c:\Users\Mohammed\Desktop\actual 26015\abc\ground_truth\Chittoor\check_dam\CHITTOOR_IWMP_01_MUDDANAPALLE_p10_i13.jpg,Chittoor,check_dam,monitoring_column_3_field_photo
CHITTOOR_IWMP_01_MUDDANAPALLE_p11_i13.jpg,ground_truth,c:\Users\Mohammed\Desktop\actual 26015\abc\ground_truth\Chittoor\farm_pond\CHITTOOR_IWMP_01_MUDDANAPALLE_p11_i13.jpg,Chittoor,farm_pond,monitoring_column_3_field_photo
CHITTOOR_IWMP_01_MUDDANAPALLE_p11_i5.jpg,ground_truth,c:\Users\Mohammed\Desktop\actual 26015\abc\ground_truth\Chittoor\farm_pond\CHITTOOR_IWMP_01_MUDDANAPALLE_p11_i5.jpg,Chittoor,farm_pond,monitoring_column_3_field_photo
CHITTOOR_IWMP_02_T.PASALAVANDLA-PALLE_p7_i3.jpg,ground_truth,c:\Users\Mohammed\Desktop\actual 26015\abc\ground_truth\Chittoor\check_dam\CHITTOOR_IWMP_02_T.PASALAVANDLA-PALLE_p7_i3.jpg,Chittoor,check_dam,monitoring_column_3_field_photo
CHITTOOR_IWMP_03_MUSALIKUNTA_p11_i13.jpg,ground_truth,c:\Users\Mohammed\Desktop\actual 26015\abc\ground_truth\Chittoor\check_dam\CHITTOOR_IWMP_03_MUSALIKUNTA_p11_i13.jpg,Chittoor,check_dam,monitoring_column_3_field_photo
CHITTOOR_IWMP_03_MUSALIKUNTA_p11_i5.jpg,ground_truth,c:\Users\Mohammed\Desktop\actual 26015\abc\ground_truth\Chittoor\check_dam\CHITTOOR_IWMP_03_MUSALIKUNTA_p11_i5.jpg,Chittoor,check_dam,monitoring_column_3_field_photo
CHITTOOR_IWMP_03_MUSALIKUNTA_p12_i0.jpg,ground_truth,c:\Users\Mohammed\Desktop\actual 26015\abc\ground_truth\Chittoor\check_dam\CHITTOOR_IWMP_03_MUSALIKUNTA_p12_i0.jpg,Chittoor,check_dam,monitoring_column_3_field_photo
CHITTOOR_IWMP_03_MUSALIKUNTA_p12_i9.jpg,ground_truth,c:\Users\Mohammed\Desktop\actual 26015\abc\ground_truth\Chittoor\check_dam\CHITTOOR_IWMP_03_MUSALIKUNTA_p12_i9.jpg,Chittoor,check_dam,monitoring_column_3_field_photo
CHITTOOR_IWMP_03_MUSALIKUNTA_p13_i0.jpg,ground_truth,c:\Users\Mohammed\Desktop\actual 26015\abc\ground_truth\Chittoor\percolation_tank\CHITTOOR_IWMP_03_MUSALIKUNTA_p13_i0.jpg,Chittoor,percolation_tank,monitoring_column_3_field_photo
CHITTOOR_IWMP_03_MUSALIKUNTA_p13_i9.jpg,ground_truth,c:\Users\Mohammed\Desktop\actual 26015\abc\ground_truth\Chittoor\percolation_tank\CHITTOOR_IWMP_03_MUSALIKUNTA_p13_i9.jpg,Chittoor,percolation_tank,monitoring_column_3_field_photo
CHITTOOR_IWMP_03_MUSALIKUNTA_p14_i11.jpg,ground_truth,c:\Users\Mohammed\Desktop\actual 26015\abc\ground_truth\Chittoor\check_dam\CHITTOOR_IWMP_03_MUSALIKUNTA_p14_i11.jpg,Chittoor,check_dam,monitoring_column_3_field_photo
CHITTOOR_IWMP_03_MUSALIKUNTA_p14_i3.jpg,ground_truth,c:\Users\Mohammed\Desktop\actual 26015\abc\ground_truth\Chittoor\check_dam\CHITTOOR_IWMP_03_MUSALIKUNTA_p14_i3.jpg,Chittoor,check_dam,monitoring_column_3_field_photo
CHITTOOR_IWMP_03_MUSALIKUNTA_p15_i0.jpg,ground_truth,c:\Users\Mohammed\Desktop\actual 26015\abc\ground_truth\Chittoor\percolation_tank\CHITTOOR_IWMP_03_MUSALIKUNTA_p15_i0.jpg,Chittoor,percolation_tank,monitoring_column_3_field_photo
CHITTOOR_IWMP_03_MUSALIKUNTA_p15_i9.jpg,ground_truth,c:\Users\Mohammed\Desktop\actual 26015\abc\ground_truth\Chittoor\percolation_tank\CHITTOOR_IWMP_03_MUSALIKUNTA_p15_i9.jpg,Chittoor,percolation_tank,monitoring_column_3_field_photo
CHITTOOR_IWMP_05_G.C.PALLE__p10_i13.jpg,ground_truth,c:\Users\Mohammed\Desktop\actual 26015\abc\ground_truth\Chittoor\check_dam\CHITTOOR_IWMP_05_G.C.PALLE__p10_i13.jpg,Chittoor,check_dam,monitoring_column_3_field_photo
CHITTOOR_IWMP_05_G.C.PALLE__p11_i0.jpg,ground_truth,c:\Users\Mohammed\Desktop\actual 26015\abc\ground_truth\Chittoor\plantation\CHITTOOR_IWMP_05_G.C.PALLE__p11_i0.jpg,Chittoor,plantation,monitoring_column_3_field_photo
CHITTOOR_IWMP_05_G.C.PALLE__p11_i9.jpg,ground_truth,c:\Users\Mohammed\Desktop\actual 26015\abc\ground_truth\Chittoor\plantation\CHITTOOR_IWMP_05_G.C.PALLE__p11_i9.jpg,Chittoor,plantation,monitoring_column_3_field_photo
CHITTOOR_IWMP_06_YELLAMANDA_p11_i5.jpg,ground_truth,c:\Users\Mohammed\Desktop\actual 26015\abc\ground_truth\Chittoor\check_dam\CHITTOOR_IWMP_06_YELLAMANDA_p11_i5.jpg,Chittoor,check_dam,monitoring_column_3_field_photo
CHITTOOR_IWMP_06_YELLAMANDA_p12_i0.jpg,ground_truth,c:\Users\Mohammed\Desktop\actual 26015\abc\ground_truth\Chittoor\water_structure_other\CHITTOOR_IWMP_06_YELLAMANDA_p12_i0.jpg,Chittoor,water_structure_other,monitoring_column_3_field_photo
CHITTOOR_IWMP_06_YELLAMANDA_p13_i9.jpg,ground_truth,c:\Users\Mohammed\Desktop\actual 26015\abc\ground_truth\Chittoor\farm_pond\CHITTOOR_IWMP_06_YELLAMANDA_p13_i9.jpg,Chittoor,farm_pond,monitoring_column_3_field_photo
CHITTOOR_IWMP_07_MC-PALLE_p11_i5.jpg,ground_truth,c:\Users\Mohammed\Desktop\actual 26015\abc\ground_truth\Chittoor\farm_pond\CHITTOOR_IWMP_07_MC-PALLE_p11_i5.jpg,Chittoor,farm_pond,monitoring_column_3_field_photo
CHITTOOR_IWMP_07_MC-PALLE_p12_i0.jpg,ground_truth,c:\Users\Mohammed\Desktop\actual 26015\abc\ground_truth\Chittoor\plantation\CHITTOOR_IWMP_07_MC-PALLE_p12_i0.jpg,Chittoor,plantation,monitoring_column_3_field_photo
CHITTOOR_IWMP_07_MC-PALLE_p12_i11.jpg,ground_truth,c:\Users\Mohammed\Desktop\actual 26015\abc\ground_truth\Chittoor\percolation_tank\CHITTOOR_IWMP_07_MC-PALLE_p12_i11.jpg,Chittoor,percolation_tank,monitoring_column_3_field_photo
CHITTOOR_IWMP_07_MC-PALLE_p13_i0.jpg,ground_truth,c:\Users\Mohammed\Desktop\actual 26015\abc\ground_truth\Chittoor\percolation_tank\CHITTOOR_IWMP_07_MC-PALLE_p13_i0.jpg,Chittoor,percolation_tank,monitoring_column_3_field_photo
CHITTOOR_IWMP_07_MC-PALLE_p13_i9.jpg,ground_truth,c:\Users\Mohammed\Desktop\actual 26015\abc\ground_truth\Chittoor\percolation_tank\CHITTOOR_IWMP_07_MC-PALLE_p13_i9.jpg,Chittoor,percolation_tank,monitoring_column_3_field_photo
CHITTOOR_IWMP_08_VEMPALLE_p12_i0.jpg,ground_truth,c:\Users\Mohammed\Desktop\actual 26015\abc\ground_truth\Chittoor\water_structure_other\CHITTOOR_IWMP_08_VEMPALLE_p12_i0.jpg,Chittoor,water_structure_other,monitoring_column_3_field_photo
CHITTOOR_IWMP_09_NAGIRIPALLE_p11_i0.jpg,ground_truth,c:\Users\Mohammed\Desktop\actual 26015\abc\ground_truth\Chittoor\water_structure_other\CHITTOOR_IWMP_09_NAGIRIPALLE_p11_i0.jpg,Chittoor,water_structure_other,monitoring_column_3_field_photo
CHITTOOR_IWMP_09_NAGIRIPALLE_p11_i11.jpg,ground_truth,c:\Users\Mohammed\Desktop\actual 26015\abc\ground_truth\Chittoor\water_structure_other\CHITTOOR_IWMP_09_NAGIRIPALLE_p11_i11.jpg,Chittoor,water_structure_other,monitoring_column_3_field_photo
CHITTOOR_IWMP_09_NAGIRIPALLE_p12_i0.jpg,ground_truth,c:\Users\Mohammed\Desktop\actual 26015\abc\ground_truth\Chittoor\plantation\CHITTOOR_IWMP_09_NAGIRIPALLE_p12_i0.jpg,Chittoor,plantation,monitoring_column_3_field_photo
CHITTOOR_IWMP_09_NAGIRIPALLE_p12_i9.jpg,ground_truth,c:\Users\Mohammed\Desktop\actual 26015\abc\ground_truth\Chittoor\plantation\CHITTOOR_IWMP_09_NAGIRIPALLE_p12_i9.jpg,Chittoor,plantation,monitoring_column_3_field_photo
EAST-GODAVARI_IWMP-11_VEDULLAPALLI_p8_i18.jpg,satellite,c:\Users\Mohammed\Desktop\actual 26015\abc\satellite_images\EAST-GODAVARI_IWMP-11_VEDULLAPALLI_p8_i18.jpg,East Godavari,satellite_t0_t1,monitoring_column_1_or_2_satellite
EAST-GODAVARI_IWMP-11_VEDULLAPALLI_p9_i13.jpg,ground_truth,c:\Users\Mohammed\Desktop\actual 26015\abc\ground_truth\East Godavari\farm_pond\EAST-GODAVARI_IWMP-11_VEDULLAPALLI_p9_i13.jpg,East Godavari,farm_pond,monitoring_column_3_field_photo
EAST-GODAVARI_IWMP-12_BANDAPALLI_p10_i13.jpg,ground_truth,c:\Users\Mohammed\Desktop\actual 26015\abc\ground_truth\East Godavari\percolation_tank\EAST-GODAVARI_IWMP-12_BANDAPALLI_p10_i13.jpg,East Godavari,percolation_tank,monitoring_column_3_field_photo
EAST-GODAVARI_IWMP-12_BANDAPALLI_p10_i6.jpg,ground_truth,c:\Users\Mohammed\Desktop\actual 26015\abc\ground_truth\East Godavari\percolation_tank\EAST-GODAVARI_IWMP-12_BANDAPALLI_p10_i6.jpg,East Godavari,percolation_tank,monitoring_column_3_field_photo
EAST-GODAVARI_IWMP-12_BANDAPALLI_p8_i18.jpg,satellite,c:\Users\Mohammed\Desktop\actual 26015\abc\satellite_images\EAST-GODAVARI_IWMP-12_BANDAPALLI_p8_i18.jpg,East Godavari,satellite_t0_t1,monitoring_column_1_or_2_satellite
EAST-GODAVARI_IWMP-13_PAMUGANDI_p9_i13.jpg,ground_truth,c:\Users\Mohammed\Desktop\actual 26015\abc\ground_truth\East Godavari\percolation_tank\EAST-GODAVARI_IWMP-13_PAMUGANDI_p9_i13.jpg,East Godavari,percolation_tank,monitoring_column_3_field_photo
EAST-GODAVARI_IWMP-13_PAMUGANDI_p9_i6.jpg,ground_truth,c:\Users\Mohammed\Desktop\actual 26015\abc\ground_truth\East Godavari\percolation_tank\EAST-GODAVARI_IWMP-13_PAMUGANDI_p9_i6.jpg,East Godavari,percolation_tank,monitoring_column_3_field_photo
EAST-GODAVARI_IWMP-14_VADAPALLI_p10_i6.jpg,ground_truth,c:\Users\Mohammed\Desktop\actual 26015\abc\ground_truth\East Godavari\percolation_tank\EAST-GODAVARI_IWMP-14_VADAPALLI_p10_i6.jpg,East Godavari,percolation_tank,monitoring_column_3_field_photo
EAST-GODAVARI_IWMP-14_VADAPALLI_p8_i18.jpg,satellite,c:\Users\Mohammed\Desktop\actual 26015\abc\satellite_images\EAST-GODAVARI_IWMP-14_VADAPALLI_p8_i18.jpg,East Godavari,satellite_t0_t1,monitoring_column_1_or_2_satellite
EAST-GODAVARI_IWMP-1_YERLAGADDA_p8_i18.jpg,satellite,c:\Users\Mohammed\Desktop\actual 26015\abc\satellite_images\EAST-GODAVARI_IWMP-1_YERLAGADDA_p8_i18.jpg,East Godavari,satellite_t0_t1,monitoring_column_1_or_2_satellite
EAST-GODAVARI_IWMP-1_YERLAGADDA_p9_i13.jpg,ground_truth,c:\Users\Mohammed\Desktop\actual 26015\abc\ground_truth\East Godavari\percolation_tank\EAST-GODAVARI_IWMP-1_YERLAGADDA_p9_i13.jpg,East Godavari,percolation_tank,monitoring_column_3_field_photo
EAST-GODAVARI_IWMP-2_DUCHERTHI_p9_i6.jpg,ground_truth,c:\Users\Mohammed\Desktop\actual 26015\abc\ground_truth\East Godavari\percolation_tank\EAST-GODAVARI_IWMP-2_DUCHERTHI_p9_i6.jpg,East Godavari,percolation_tank,monitoring_column_3_field_photo
EAST-GODAVARI_IWMP-3_PATHAKOTA_p9_i13.jpg,ground_truth,c:\Users\Mohammed\Desktop\actual 26015\abc\ground_truth\East Godavari\plantation\EAST-GODAVARI_IWMP-3_PATHAKOTA_p9_i13.jpg,East Godavari,plantation,monitoring_column_3_field_photo
EAST-GODAVARI_IWMP-3_PATHAKOTA_p9_i6.jpg,ground_truth,c:\Users\Mohammed\Desktop\actual 26015\abc\ground_truth\East Godavari\percolation_tank\EAST-GODAVARI_IWMP-3_PATHAKOTA_p9_i6.jpg,East Godavari,percolation_tank,monitoring_column_3_field_photo
EAST-GODAVARI_IWMP-4_TADEPALLI_p9_i13.jpg,ground_truth,c:\Users\Mohammed\Desktop\actual 26015\abc\ground_truth\East Godavari\percolation_tank\EAST-GODAVARI_IWMP-4_TADEPALLI_p9_i13.jpg,East Godavari,percolation_tank,monitoring_column_3_field_photo
EAST-GODAVARI_IWMP-5_CHINTALAPUDI_p8_i18.jpg,satellite,c:\Users\Mohammed\Desktop\actual 26015\abc\satellite_images\EAST-GODAVARI_IWMP-5_CHINTALAPUDI_p8_i18.jpg,East Godavari,satellite_t0_t1,monitoring_column_1_or_2_satellite
EAST-GODAVARI_IWMP-6_AKURU_p8_i13.jpg,ground_truth,c:\Users\Mohammed\Desktop\actual 26015\abc\ground_truth\East Godavari\check_dam\EAST-GODAVARI_IWMP-6_AKURU_p8_i13.jpg,East Godavari,check_dam,monitoring_column_3_field_photo
EAST-GODAVARI_IWMP-7_LAKKONDA_p8_i13.jpg,ground_truth,c:\Users\Mohammed\Desktop\actual 26015\abc\ground_truth\East Godavari\percolation_tank\EAST-GODAVARI_IWMP-7_LAKKONDA_p8_i13.jpg,East Godavari,percolation_tank,monitoring_column_3_field_photo
EAST-GODAVARI_IWMP-7_LAKKONDA_p8_i6.jpg,ground_truth,c:\Users\Mohammed\Desktop\actual 26015\abc\ground_truth\East Godavari\percolation_tank\EAST-GODAVARI_IWMP-7_LAKKONDA_p8_i6.jpg,East Godavari,percolation_tank,monitoring_column_3_field_photo
EAST-GODAVARI_IWMP-7_LAKKONDA_p9_i13.jpg,ground_truth,c:\Users\Mohammed\Desktop\actual 26015\abc\ground_truth\East Godavari\percolation_tank\EAST-GODAVARI_IWMP-7_LAKKONDA_p9_i13.jpg,East Godavari,percolation_tank,monitoring_column_3_field_photo
EAST-GODAVARI_IWMP-7_LAKKONDA_p9_i6.jpg,ground_truth,c:\Users\Mohammed\Desktop\actual 26015\abc\ground_truth\East Godavari\percolation_tank\EAST-GODAVARI_IWMP-7_LAKKONDA_p9_i6.jpg,East Godavari,percolation_tank,monitoring_column_3_field_photo
EAST-GODAVARI_IWMP-8_LAGARAI_p10_i13.jpg,ground_truth,c:\Users\Mohammed\Desktop\actual 26015\abc\ground_truth\East Godavari\percolation_tank\EAST-GODAVARI_IWMP-8_LAGARAI_p10_i13.jpg,East Godavari,percolation_tank,monitoring_column_3_field_photo
EAST-GODAVARI_IWMP-8_LAGARAI_p10_i6.jpg,ground_truth,c:\Users\Mohammed\Desktop\actual 26015\abc\ground_truth\East Godavari\percolation_tank\EAST-GODAVARI_IWMP-8_LAGARAI_p10_i6.jpg,East Godavari,percolation_tank,monitoring_column_3_field_photo
EAST-GODAVARI_IWMP-8_LAGARAI_p8_i18.jpg,satellite,c:\Users\Mohammed\Desktop\actual 26015\abc\satellite_images\EAST-GODAVARI_IWMP-8_LAGARAI_p8_i18.jpg,East Godavari,satellite_t0_t1,monitoring_column_1_or_2_satellite
EAST-GODAVARI_IWMP-8_LAGARAI_p9_i13.jpg,ground_truth,c:\Users\Mohammed\Desktop\actual 26015\abc\ground_truth\East Godavari\percolation_tank\EAST-GODAVARI_IWMP-8_LAGARAI_p9_i13.jpg,East Godavari,percolation_tank,monitoring_column_3_field_photo
EAST-GODAVARI_IWMP-8_LAGARAI_p9_i6.jpg,ground_truth,c:\Users\Mohammed\Desktop\actual 26015\abc\ground_truth\East Godavari\percolation_tank\EAST-GODAVARI_IWMP-8_LAGARAI_p9_i6.jpg,East Godavari,percolation_tank,monitoring_column_3_field_photo
EAST-GODAVARI_IWMP-9_CHOPPAKONDA_p10_i6.jpg,ground_truth,c:\Users\Mohammed\Desktop\actual 26015\abc\ground_truth\East Godavari\percolation_tank\EAST-GODAVARI_IWMP-9_CHOPPAKONDA_p10_i6.jpg,East Godavari,percolation_tank,monitoring_column_3_field_photo
EAST-GODAVARI_IWMP-9_CHOPPAKONDA_p8_i18.jpg,satellite,c:\Users\Mohammed\Desktop\actual 26015\abc\satellite_images\EAST-GODAVARI_IWMP-9_CHOPPAKONDA_p8_i18.jpg,East Godavari,satellite_t0_t1,monitoring_column_1_or_2_satellite
EAST-GODAVARI_IWMP-9_CHOPPAKONDA_p9_i6.jpg,ground_truth,c:\Users\Mohammed\Desktop\actual 26015\abc\ground_truth\East Godavari\farm_pond\EAST-GODAVARI_IWMP-9_CHOPPAKONDA_p9_i6.jpg,East Godavari,farm_pond,monitoring_column_3_field_photo
GUNTUR_IWMP_01_REMIDICHERLA_p8_i13.jpg,ground_truth,c:\Users\Mohammed\Desktop\actual 26015\abc\ground_truth\Guntur\water_structure_other\GUNTUR_IWMP_01_REMIDICHERLA_p8_i13.jpg,Guntur,water_structure_other,monitoring_column_3_field_photo
GUNTUR_IWMP_01_REMIDICHERLA_p8_i5.jpg,ground_truth,c:\Users\Mohammed\Desktop\actual 26015\abc\ground_truth\Guntur\water_structure_other\GUNTUR_IWMP_01_REMIDICHERLA_p8_i5.jpg,Guntur,water_structure_other,monitoring_column_3_field_photo
GUNTUR_IWMP_01_REMIDICHERLA_p9_i0.jpg,ground_truth,c:\Users\Mohammed\Desktop\actual 26015\abc\ground_truth\Guntur\water_structure_other\GUNTUR_IWMP_01_REMIDICHERLA_p9_i0.jpg,Guntur,water_structure_other,monitoring_column_3_field_photo
GUNTUR_IWMP_01_REMIDICHERLA_p9_i9.jpg,ground_truth,c:\Users\Mohammed\Desktop\actual 26015\abc\ground_truth\Guntur\water_structure_other\GUNTUR_IWMP_01_REMIDICHERLA_p9_i9.jpg,Guntur,water_structure_other,monitoring_column_3_field_photo
GUNTUR_IWMP_02_UPPALAPADU_p8_i13.jpg,ground_truth,c:\Users\Mohammed\Desktop\actual 26015\abc\ground_truth\Guntur\water_structure_other\GUNTUR_IWMP_02_UPPALAPADU_p8_i13.jpg,Guntur,water_structure_other,monitoring_column_3_field_photo
GUNTUR_IWMP_02_UPPALAPADU_p8_i5.jpg,ground_truth,c:\Users\Mohammed\Desktop\actual 26015\abc\ground_truth\Guntur\water_structure_other\GUNTUR_IWMP_02_UPPALAPADU_p8_i5.jpg,Guntur,water_structure_other,monitoring_column_3_field_photo
GUNTUR_IWMP_02_UPPALAPADU_p9_i0.jpg,ground_truth,c:\Users\Mohammed\Desktop\actual 26015\abc\ground_truth\Guntur\water_structure_other\GUNTUR_IWMP_02_UPPALAPADU_p9_i0.jpg,Guntur,water_structure_other,monitoring_column_3_field_photo
GUNTUR_IWMP_02_UPPALAPADU_p9_i9.jpg,ground_truth,c:\Users\Mohammed\Desktop\actual 26015\abc\ground_truth\Guntur\percolation_tank\GUNTUR_IWMP_02_UPPALAPADU_p9_i9.jpg,Guntur,percolation_tank,monitoring_column_3_field_photo
KURNOOL_IWMP-01_KOTA-KANDUKUR_p10_i12.jpg,ground_truth,c:\Users\Mohammed\Desktop\actual 26015\abc\ground_truth\Kurnool\check_dam\KURNOOL_IWMP-01_KOTA-KANDUKUR_p10_i12.jpg,Kurnool,check_dam,monitoring_column_3_field_photo
KURNOOL_IWMP-01_KOTA-KANDUKUR_p10_i5.jpg,ground_truth,c:\Users\Mohammed\Desktop\actual 26015\abc\ground_truth\Kurnool\check_dam\KURNOOL_IWMP-01_KOTA-KANDUKUR_p10_i5.jpg,Kurnool,check_dam,monitoring_column_3_field_photo
KURNOOL_IWMP-01_KOTA-KANDUKUR_p11_i9.jpg,ground_truth,c:\Users\Mohammed\Desktop\actual 26015\abc\ground_truth\Kurnool\check_dam\KURNOOL_IWMP-01_KOTA-KANDUKUR_p11_i9.jpg,Kurnool,check_dam,monitoring_column_3_field_photo
KURNOOL_IWMP-01_KOTA-KANDUKUR_p12_i3.jpg,ground_truth,c:\Users\Mohammed\Desktop\actual 26015\abc\ground_truth\Kurnool\farm_pond\KURNOOL_IWMP-01_KOTA-KANDUKUR_p12_i3.jpg,Kurnool,farm_pond,monitoring_column_3_field_photo
KURNOOL_IWMP-02_INDIRESWARAM_p10_i0.jpg,ground_truth,c:\Users\Mohammed\Desktop\actual 26015\abc\ground_truth\Kurnool\farm_pond\KURNOOL_IWMP-02_INDIRESWARAM_p10_i0.jpg,Kurnool,farm_pond,monitoring_column_3_field_photo
KURNOOL_IWMP-02_INDIRESWARAM_p10_i9.jpg,ground_truth,c:\Users\Mohammed\Desktop\actual 26015\abc\ground_truth\Kurnool\farm_pond\KURNOOL_IWMP-02_INDIRESWARAM_p10_i9.jpg,Kurnool,farm_pond,monitoring_column_3_field_photo
KURNOOL_IWMP-02_INDIRESWARAM_p8_i5.jpg,ground_truth,c:\Users\Mohammed\Desktop\actual 26015\abc\ground_truth\Kurnool\check_dam\KURNOOL_IWMP-02_INDIRESWARAM_p8_i5.jpg,Kurnool,check_dam,monitoring_column_3_field_photo
KURNOOL_IWMP-02_INDIRESWARAM_p9_i9.jpg,ground_truth,c:\Users\Mohammed\Desktop\actual 26015\abc\ground_truth\Kurnool\check_dam\KURNOOL_IWMP-02_INDIRESWARAM_p9_i9.jpg,Kurnool,check_dam,monitoring_column_3_field_photo
KURNOOL_IWMP-03_GUTUPALLI_p11_i0.jpg,ground_truth,c:\Users\Mohammed\Desktop\actual 26015\abc\ground_truth\Kurnool\water_structure_other\KURNOOL_IWMP-03_GUTUPALLI_p11_i0.jpg,Kurnool,water_structure_other,monitoring_column_3_field_photo
KURNOOL_IWMP-04_BILEHAL_p10_i0.jpg,ground_truth,c:\Users\Mohammed\Desktop\actual 26015\abc\ground_truth\Kurnool\farm_pond\KURNOOL_IWMP-04_BILEHAL_p10_i0.jpg,Kurnool,farm_pond,monitoring_column_3_field_photo
KURNOOL_IWMP-04_BILEHAL_p11_i9.jpg,ground_truth,c:\Users\Mohammed\Desktop\actual 26015\abc\ground_truth\Kurnool\check_dam\KURNOOL_IWMP-04_BILEHAL_p11_i9.jpg,Kurnool,check_dam,monitoring_column_3_field_photo
KURNOOL_IWMP-04_BILEHAL_p9_i13.jpg,ground_truth,c:\Users\Mohammed\Desktop\actual 26015\abc\ground_truth\Kurnool\check_dam\KURNOOL_IWMP-04_BILEHAL_p9_i13.jpg,Kurnool,check_dam,monitoring_column_3_field_photo
KURNOOL_IWMP-04_BILEHAL_p9_i5.jpg,ground_truth,c:\Users\Mohammed\Desktop\actual 26015\abc\ground_truth\Kurnool\check_dam\KURNOOL_IWMP-04_BILEHAL_p9_i5.jpg,Kurnool,check_dam,monitoring_column_3_field_photo
KURNOOL_IWMP-05_TANGADANCHA_p10_i9.jpg,ground_truth,c:\Users\Mohammed\Desktop\actual 26015\abc\ground_truth\Kurnool\check_dam\KURNOOL_IWMP-05_TANGADANCHA_p10_i9.jpg,Kurnool,check_dam,monitoring_column_3_field_photo
KURNOOL_IWMP-05_TANGADANCHA_p9_i8.jpg,ground_truth,c:\Users\Mohammed\Desktop\actual 26015\abc\ground_truth\Kurnool\check_dam\KURNOOL_IWMP-05_TANGADANCHA_p9_i8.jpg,Kurnool,check_dam,monitoring_column_3_field_photo
KURNOOL_IWMP-06-BELAGALLU_p10_i5.jpg,ground_truth,c:\Users\Mohammed\Desktop\actual 26015\abc\ground_truth\Kurnool\farm_pond\KURNOOL_IWMP-06-BELAGALLU_p10_i5.jpg,Kurnool,farm_pond,monitoring_column_3_field_photo
KURNOOL_IWMP-06-BELAGALLU_p11_i0.jpg,ground_truth,c:\Users\Mohammed\Desktop\actual 26015\abc\ground_truth\Kurnool\farm_pond\KURNOOL_IWMP-06-BELAGALLU_p11_i0.jpg,Kurnool,farm_pond,monitoring_column_3_field_photo
KURNOOL_IWMP-06-BELAGALLU_p11_i9.jpg,ground_truth,c:\Users\Mohammed\Desktop\actual 26015\abc\ground_truth\Kurnool\farm_pond\KURNOOL_IWMP-06-BELAGALLU_p11_i9.jpg,Kurnool,farm_pond,monitoring_column_3_field_photo
KURNOOL_IWMP-08_SANGAPATNAM_p9_i13.jpg,ground_truth,c:\Users\Mohammed\Desktop\actual 26015\abc\ground_truth\Kurnool\farm_pond\KURNOOL_IWMP-08_SANGAPATNAM_p9_i13.jpg,Kurnool,farm_pond,monitoring_column_3_field_photo
KURNOOL_IWMP-09_GIDDALUR_p10_i13.jpg,ground_truth,c:\Users\Mohammed\Desktop\actual 26015\abc\ground_truth\Kurnool\check_dam\KURNOOL_IWMP-09_GIDDALUR_p10_i13.jpg,Kurnool,check_dam,monitoring_column_3_field_photo
KURNOOL_IWMP-09_GIDDALUR_p10_i5.jpg,ground_truth,c:\Users\Mohammed\Desktop\actual 26015\abc\ground_truth\Kurnool\check_dam\KURNOOL_IWMP-09_GIDDALUR_p10_i5.jpg,Kurnool,check_dam,monitoring_column_3_field_photo
KURNOOL_IWMP-10_CHENNAMPALLI_p7_i13.jpg,ground_truth,c:\Users\Mohammed\Desktop\actual 26015\abc\ground_truth\Kurnool\water_structure_other\KURNOOL_IWMP-10_CHENNAMPALLI_p7_i13.jpg,Kurnool,water_structure_other,monitoring_column_3_field_photo
KURNOOL_IWMP-10_CHENNAMPALLI_p8_i9.jpg,ground_truth,c:\Users\Mohammed\Desktop\actual 26015\abc\ground_truth\Kurnool\check_dam\KURNOOL_IWMP-10_CHENNAMPALLI_p8_i9.jpg,Kurnool,check_dam,monitoring_column_3_field_photo
KURNOOL_IWMP-11_GUNDREVULA_p10_i13.jpg,ground_truth,c:\Users\Mohammed\Desktop\actual 26015\abc\ground_truth\Kurnool\farm_pond\KURNOOL_IWMP-11_GUNDREVULA_p10_i13.jpg,Kurnool,farm_pond,monitoring_column_3_field_photo
KURNOOL_IWMP-11_GUNDREVULA_p10_i5.jpg,ground_truth,c:\Users\Mohammed\Desktop\actual 26015\abc\ground_truth\Kurnool\farm_pond\KURNOOL_IWMP-11_GUNDREVULA_p10_i5.jpg,Kurnool,farm_pond,monitoring_column_3_field_photo
KURNOOL_IWMP-11_GUNDREVULA_p11_i0.jpg,ground_truth,c:\Users\Mohammed\Desktop\actual 26015\abc\ground_truth\Kurnool\farm_pond\KURNOOL_IWMP-11_GUNDREVULA_p11_i0.jpg,Kurnool,farm_pond,monitoring_column_3_field_photo
KURNOOL_IWMP-11_GUNDREVULA_p11_i9.jpg,ground_truth,c:\Users\Mohammed\Desktop\actual 26015\abc\ground_truth\Kurnool\farm_pond\KURNOOL_IWMP-11_GUNDREVULA_p11_i9.jpg,Kurnool,farm_pond,monitoring_column_3_field_photo
KURNOOL_IWMP-12_BHEEMAVARAM_p10_i13.jpg,ground_truth,c:\Users\Mohammed\Desktop\actual 26015\abc\ground_truth\Kurnool\plantation\KURNOOL_IWMP-12_BHEEMAVARAM_p10_i13.jpg,Kurnool,plantation,monitoring_column_3_field_photo
KURNOOL_IWMP-12_BHEEMAVARAM_p10_i5.jpg,ground_truth,c:\Users\Mohammed\Desktop\actual 26015\abc\ground_truth\Kurnool\plantation\KURNOOL_IWMP-12_BHEEMAVARAM_p10_i5.jpg,Kurnool,plantation,monitoring_column_3_field_photo
KURNOOL_IWMP-12_BHEEMAVARAM_p11_i0.jpg,ground_truth,c:\Users\Mohammed\Desktop\actual 26015\abc\ground_truth\Kurnool\plantation\KURNOOL_IWMP-12_BHEEMAVARAM_p11_i0.jpg,Kurnool,plantation,monitoring_column_3_field_photo
KURNOOL_IWMP-12_BHEEMAVARAM_p11_i9.jpg,ground_truth,c:\Users\Mohammed\Desktop\actual 26015\abc\ground_truth\Kurnool\farm_pond\KURNOOL_IWMP-12_BHEEMAVARAM_p11_i9.jpg,Kurnool,farm_pond,monitoring_column_3_field_photo
KURNOOL_IWMP-13_KOTEKAL_p10_i13.jpg,ground_truth,c:\Users\Mohammed\Desktop\actual 26015\abc\ground_truth\Kurnool\farm_pond\KURNOOL_IWMP-13_KOTEKAL_p10_i13.jpg,Kurnool,farm_pond,monitoring_column_3_field_photo
KURNOOL_IWMP-13_KOTEKAL_p10_i5.jpg,ground_truth,c:\Users\Mohammed\Desktop\actual 26015\abc\ground_truth\Kurnool\farm_pond\KURNOOL_IWMP-13_KOTEKAL_p10_i5.jpg,Kurnool,farm_pond,monitoring_column_3_field_photo
KURNOOL_IWMP-13_KOTEKAL_p11_i0.jpg,ground_truth,c:\Users\Mohammed\Desktop\actual 26015\abc\ground_truth\Kurnool\farm_pond\KURNOOL_IWMP-13_KOTEKAL_p11_i0.jpg,Kurnool,farm_pond,monitoring_column_3_field_photo
KURNOOL_IWMP-14_HALVI_p8_i11.jpg,ground_truth,c:\Users\Mohammed\Desktop\actual 26015\abc\ground_truth\Kurnool\farm_pond\KURNOOL_IWMP-14_HALVI_p8_i11.jpg,Kurnool,farm_pond,monitoring_column_3_field_photo
KURNOOL_IWMP-14_HALVI_p8_i3.jpg,ground_truth,c:\Users\Mohammed\Desktop\actual 26015\abc\ground_truth\Kurnool\farm_pond\KURNOOL_IWMP-14_HALVI_p8_i3.jpg,Kurnool,farm_pond,monitoring_column_3_field_photo
KURNOOL_IWMP-14_HALVI_p9_i0.jpg,ground_truth,c:\Users\Mohammed\Desktop\actual 26015\abc\ground_truth\Kurnool\farm_pond\KURNOOL_IWMP-14_HALVI_p9_i0.jpg,Kurnool,farm_pond,monitoring_column_3_field_photo
KURNOOL_IWMP-14_HALVI_p9_i9.jpg,ground_truth,c:\Users\Mohammed\Desktop\actual 26015\abc\ground_truth\Kurnool\check_dam\KURNOOL_IWMP-14_HALVI_p9_i9.jpg,Kurnool,check_dam,monitoring_column_3_field_photo
KURNOOL_IWMP-16_LAXMIPURAM_p7_i11.jpg,ground_truth,c:\Users\Mohammed\Desktop\actual 26015\abc\ground_truth\Kurnool\check_dam\KURNOOL_IWMP-16_LAXMIPURAM_p7_i11.jpg,Kurnool,check_dam,monitoring_column_3_field_photo
KURNOOL_IWMP-16_LAXMIPURAM_p7_i3.jpg,ground_truth,c:\Users\Mohammed\Desktop\actual 26015\abc\ground_truth\Kurnool\check_dam\KURNOOL_IWMP-16_LAXMIPURAM_p7_i3.jpg,Kurnool,check_dam,monitoring_column_3_field_photo
KURNOOL_IWMP-16_LAXMIPURAM_p8_i0.jpg,ground_truth,c:\Users\Mohammed\Desktop\actual 26015\abc\ground_truth\Kurnool\check_dam\KURNOOL_IWMP-16_LAXMIPURAM_p8_i0.jpg,Kurnool,check_dam,monitoring_column_3_field_photo
KURNOOL_IWMP-18_HATHIBELAGAL_p7_i11.jpg,ground_truth,c:\Users\Mohammed\Desktop\actual 26015\abc\ground_truth\Kurnool\farm_pond\KURNOOL_IWMP-18_HATHIBELAGAL_p7_i11.jpg,Kurnool,farm_pond,monitoring_column_3_field_photo
KURNOOL_IWMP-18_HATHIBELAGAL_p7_i3.jpg,ground_truth,c:\Users\Mohammed\Desktop\actual 26015\abc\ground_truth\Kurnool\farm_pond\KURNOOL_IWMP-18_HATHIBELAGAL_p7_i3.jpg,Kurnool,farm_pond,monitoring_column_3_field_photo
KURNOOL_IWMP-18_HATHIBELAGAL_p8_i0.jpg,ground_truth,c:\Users\Mohammed\Desktop\actual 26015\abc\ground_truth\Kurnool\farm_pond\KURNOOL_IWMP-18_HATHIBELAGAL_p8_i0.jpg,Kurnool,farm_pond,monitoring_column_3_field_photo
KURNOOL_IWMP-18_HATHIBELAGAL_p8_i11.jpg,ground_truth,c:\Users\Mohammed\Desktop\actual 26015\abc\ground_truth\Kurnool\farm_pond\KURNOOL_IWMP-18_HATHIBELAGAL_p8_i11.jpg,Kurnool,farm_pond,monitoring_column_3_field_photo
KURNOOL_IWMP-19_MITNALA_p7_i11.jpg,ground_truth,c:\Users\Mohammed\Desktop\actual 26015\abc\ground_truth\Kurnool\check_dam\KURNOOL_IWMP-19_MITNALA_p7_i11.jpg,Kurnool,check_dam,monitoring_column_3_field_photo
KURNOOL_IWMP-20_MANDAGERI_p8_i0.jpg,ground_truth,c:\Users\Mohammed\Desktop\actual 26015\abc\ground_truth\Kurnool\farm_pond\KURNOOL_IWMP-20_MANDAGERI_p8_i0.jpg,Kurnool,farm_pond,monitoring_column_3_field_photo
KURNOOL_IWMP-20_MANDAGERI_p8_i9.jpg,ground_truth,c:\Users\Mohammed\Desktop\actual 26015\abc\ground_truth\Kurnool\farm_pond\KURNOOL_IWMP-20_MANDAGERI_p8_i9.jpg,Kurnool,farm_pond,monitoring_column_3_field_photo
KURNOOL_IWMP-21_TELLAPURI_p7_i11.jpg,ground_truth,c:\Users\Mohammed\Desktop\actual 26015\abc\ground_truth\Kurnool\check_dam\KURNOOL_IWMP-21_TELLAPURI_p7_i11.jpg,Kurnool,check_dam,monitoring_column_3_field_photo
KURNOOL_IWMP-21_TELLAPURI_p8_i0.jpg,ground_truth,c:\Users\Mohammed\Desktop\actual 26015\abc\ground_truth\Kurnool\plantation\KURNOOL_IWMP-21_TELLAPURI_p8_i0.jpg,Kurnool,plantation,monitoring_column_3_field_photo
KURNOOL_IWMP-22_BRAHMANAKOTKUR_p7_i3.jpg,ground_truth,c:\Users\Mohammed\Desktop\actual 26015\abc\ground_truth\Kurnool\farm_pond\KURNOOL_IWMP-22_BRAHMANAKOTKUR_p7_i3.jpg,Kurnool,farm_pond,monitoring_column_3_field_photo
KURNOOL_IWMP-22_BRAHMANAKOTKUR_p8_i9.jpg,ground_truth,c:\Users\Mohammed\Desktop\actual 26015\abc\ground_truth\Kurnool\farm_pond\KURNOOL_IWMP-22_BRAHMANAKOTKUR_p8_i9.jpg,Kurnool,farm_pond,monitoring_column_3_field_photo
KURNOOL_IWMP-23_NANDAVARAM_p8_i11.jpg,ground_truth,c:\Users\Mohammed\Desktop\actual 26015\abc\ground_truth\Kurnool\farm_pond\KURNOOL_IWMP-23_NANDAVARAM_p8_i11.jpg,Kurnool,farm_pond,monitoring_column_3_field_photo
KURNOOL_IWMP-23_NANDAVARAM_p8_i3.jpg,ground_truth,c:\Users\Mohammed\Desktop\actual 26015\abc\ground_truth\Kurnool\farm_pond\KURNOOL_IWMP-23_NANDAVARAM_p8_i3.jpg,Kurnool,farm_pond,monitoring_column_3_field_photo
KURNOOL_IWMP-23_NANDAVARAM_p9_i0.jpg,ground_truth,c:\Users\Mohammed\Desktop\actual 26015\abc\ground_truth\Kurnool\farm_pond\KURNOOL_IWMP-23_NANDAVARAM_p9_i0.jpg,Kurnool,farm_pond,monitoring_column_3_field_photo
KURNOOL_IWMP-23_NANDAVARAM_p9_i9.jpg,ground_truth,c:\Users\Mohammed\Desktop\actual 26015\abc\ground_truth\Kurnool\farm_pond\KURNOOL_IWMP-23_NANDAVARAM_p9_i9.jpg,Kurnool,farm_pond,monitoring_column_3_field_photo
KURNOOL_IWMP-24_SARPARAJAPURAM_p7_i11.jpg,ground_truth,c:\Users\Mohammed\Desktop\actual 26015\abc\ground_truth\Kurnool\farm_pond\KURNOOL_IWMP-24_SARPARAJAPURAM_p7_i11.jpg,Kurnool,farm_pond,monitoring_column_3_field_photo
KURNOOL_IWMP-24_SARPARAJAPURAM_p8_i9.jpg,ground_truth,c:\Users\Mohammed\Desktop\actual 26015\abc\ground_truth\Kurnool\check_dam\KURNOOL_IWMP-24_SARPARAJAPURAM_p8_i9.jpg,Kurnool,check_dam,monitoring_column_3_field_photo
KURNOOL_IWMP-25_MAYALUR_p16_i1.jpg,satellite,c:\Users\Mohammed\Desktop\actual 26015\abc\satellite_images\KURNOOL_IWMP-25_MAYALUR_p16_i1.jpg,Kurnool,satellite_lulc,lulc_page_pre_post_treatment
KURNOOL_IWMP-25_MAYALUR_p16_i3.jpg,satellite,c:\Users\Mohammed\Desktop\actual 26015\abc\satellite_images\KURNOOL_IWMP-25_MAYALUR_p16_i3.jpg,Kurnool,satellite_lulc,lulc_page_pre_post_treatment
KURNOOL_IWMP-25_MAYALUR_p7_i11.jpg,ground_truth,c:\Users\Mohammed\Desktop\actual 26015\abc\ground_truth\Kurnool\check_dam\KURNOOL_IWMP-25_MAYALUR_p7_i11.jpg,Kurnool,check_dam,monitoring_column_3_field_photo
KURNOOL_IWMP-25_MAYALUR_p7_i3.jpg,ground_truth,c:\Users\Mohammed\Desktop\actual 26015\abc\ground_truth\Kurnool\check_dam\KURNOOL_IWMP-25_MAYALUR_p7_i3.jpg,Kurnool,check_dam,monitoring_column_3_field_photo
KURNOOL_IWMP-25_MAYALUR_p8_i0.jpg,ground_truth,c:\Users\Mohammed\Desktop\actual 26015\abc\ground_truth\Kurnool\farm_pond\KURNOOL_IWMP-25_MAYALUR_p8_i0.jpg,Kurnool,farm_pond,monitoring_column_3_field_photo
KURNOOL_IWMP-25_MAYALUR_p8_i9.jpg,ground_truth,c:\Users\Mohammed\Desktop\actual 26015\abc\ground_truth\Kurnool\farm_pond\KURNOOL_IWMP-25_MAYALUR_p8_i9.jpg,Kurnool,farm_pond,monitoring_column_3_field_photo
KURNOOL_IWMP-26_RACHUMARRI_p7_i11.jpg,ground_truth,c:\Users\Mohammed\Desktop\actual 26015\abc\ground_truth\Kurnool\water_structure_other\KURNOOL_IWMP-26_RACHUMARRI_p7_i11.jpg,Kurnool,water_structure_other,monitoring_column_3_field_photo
KURNOOL_IWMP-26_RACHUMARRI_p7_i3.jpg,ground_truth,c:\Users\Mohammed\Desktop\actual 26015\abc\ground_truth\Kurnool\farm_pond\KURNOOL_IWMP-26_RACHUMARRI_p7_i3.jpg,Kurnool,farm_pond,monitoring_column_3_field_photo
KURNOOL_IWMP-26_RACHUMARRI_p8_i0.jpg,ground_truth,c:\Users\Mohammed\Desktop\actual 26015\abc\ground_truth\Kurnool\farm_pond\KURNOOL_IWMP-26_RACHUMARRI_p8_i0.jpg,Kurnool,farm_pond,monitoring_column_3_field_photo
KURNOOL_IWMP-27_KOTHAPALLI_p7_i11.jpg,ground_truth,c:\Users\Mohammed\Desktop\actual 26015\abc\ground_truth\Kurnool\farm_pond\KURNOOL_IWMP-27_KOTHAPALLI_p7_i11.jpg,Kurnool,farm_pond,monitoring_column_3_field_photo
KURNOOL_IWMP-27_KOTHAPALLI_p7_i3.jpg,ground_truth,c:\Users\Mohammed\Desktop\actual 26015\abc\ground_truth\Kurnool\farm_pond\KURNOOL_IWMP-27_KOTHAPALLI_p7_i3.jpg,Kurnool,farm_pond,monitoring_column_3_field_photo
KURNOOL_IWMP-27_KOTHAPALLI_p8_i0.jpg,ground_truth,c:\Users\Mohammed\Desktop\actual 26015\abc\ground_truth\Kurnool\farm_pond\KURNOOL_IWMP-27_KOTHAPALLI_p8_i0.jpg,Kurnool,farm_pond,monitoring_column_3_field_photo
KURNOOL_IWMP-27_KOTHAPALLI_p8_i9.jpg,ground_truth,c:\Users\Mohammed\Desktop\actual 26015\abc\ground_truth\Kurnool\farm_pond\KURNOOL_IWMP-27_KOTHAPALLI_p8_i9.jpg,Kurnool,farm_pond,monitoring_column_3_field_photo
KURNOOL_IWMP-28_GORANTLA_p7_i11.jpg,ground_truth,c:\Users\Mohammed\Desktop\actual 26015\abc\ground_truth\Kurnool\water_structure_other\KURNOOL_IWMP-28_GORANTLA_p7_i11.jpg,Kurnool,water_structure_other,monitoring_column_3_field_photo
KURNOOL_IWMP-28_GORANTLA_p7_i3.jpg,ground_truth,c:\Users\Mohammed\Desktop\actual 26015\abc\ground_truth\Kurnool\farm_pond\KURNOOL_IWMP-28_GORANTLA_p7_i3.jpg,Kurnool,farm_pond,monitoring_column_3_field_photo
KURNOOL_IWMP-28_GORANTLA_p8_i0.jpg,ground_truth,c:\Users\Mohammed\Desktop\actual 26015\abc\ground_truth\Kurnool\water_structure_other\KURNOOL_IWMP-28_GORANTLA_p8_i0.jpg,Kurnool,water_structure_other,monitoring_column_3_field_photo
KURNOOL_IWMP-28_GORANTLA_p8_i9.jpg,ground_truth,c:\Users\Mohammed\Desktop\actual 26015\abc\ground_truth\Kurnool\water_structure_other\KURNOOL_IWMP-28_GORANTLA_p8_i9.jpg,Kurnool,water_structure_other,monitoring_column_3_field_photo
KURNOOL_IWMP-29_HOSURU_p7_i11.jpg,ground_truth,c:\Users\Mohammed\Desktop\actual 26015\abc\ground_truth\Kurnool\farm_pond\KURNOOL_IWMP-29_HOSURU_p7_i11.jpg,Kurnool,farm_pond,monitoring_column_3_field_photo
KURNOOL_IWMP-29_HOSURU_p7_i3.jpg,ground_truth,c:\Users\Mohammed\Desktop\actual 26015\abc\ground_truth\Kurnool\farm_pond\KURNOOL_IWMP-29_HOSURU_p7_i3.jpg,Kurnool,farm_pond,monitoring_column_3_field_photo
KURNOOL_IWMP-29_HOSURU_p8_i0.jpg,ground_truth,c:\Users\Mohammed\Desktop\actual 26015\abc\ground_truth\Kurnool\farm_pond\KURNOOL_IWMP-29_HOSURU_p8_i0.jpg,Kurnool,farm_pond,monitoring_column_3_field_photo
KURNOOL_IWMP-29_HOSURU_p8_i9.jpg,ground_truth,c:\Users\Mohammed\Desktop\actual 26015\abc\ground_truth\Kurnool\farm_pond\KURNOOL_IWMP-29_HOSURU_p8_i9.jpg,Kurnool,farm_pond,monitoring_column_3_field_photo
KURNOOL_IWMP-30_KAMAVARAM_p10_i11.jpg,ground_truth,c:\Users\Mohammed\Desktop\actual 26015\abc\ground_truth\Kurnool\farm_pond\KURNOOL_IWMP-30_KAMAVARAM_p10_i11.jpg,Kurnool,farm_pond,monitoring_column_3_field_photo
KURNOOL_IWMP-30_KAMAVARAM_p10_i3.jpg,ground_truth,c:\Users\Mohammed\Desktop\actual 26015\abc\ground_truth\Kurnool\farm_pond\KURNOOL_IWMP-30_KAMAVARAM_p10_i3.jpg,Kurnool,farm_pond,monitoring_column_3_field_photo
KURNOOL_IWMP-30_KAMAVARAM_p11_i9.jpg,ground_truth,c:\Users\Mohammed\Desktop\actual 26015\abc\ground_truth\Kurnool\farm_pond\KURNOOL_IWMP-30_KAMAVARAM_p11_i9.jpg,Kurnool,farm_pond,monitoring_column_3_field_photo
KURNOOL_IWMP-30_KAMAVARAM_p8_i3.jpg,ground_truth,c:\Users\Mohammed\Desktop\actual 26015\abc\ground_truth\Kurnool\farm_pond\KURNOOL_IWMP-30_KAMAVARAM_p8_i3.jpg,Kurnool,farm_pond,monitoring_column_3_field_photo
KURNOOL_IWMP-30_KAMAVARAM_p9_i11.jpg,ground_truth,c:\Users\Mohammed\Desktop\actual 26015\abc\ground_truth\Kurnool\farm_pond\KURNOOL_IWMP-30_KAMAVARAM_p9_i11.jpg,Kurnool,farm_pond,monitoring_column_3_field_photo
KURNOOL_IWMP-30_KAMAVARAM_p9_i3.jpg,ground_truth,c:\Users\Mohammed\Desktop\actual 26015\abc\ground_truth\Kurnool\farm_pond\KURNOOL_IWMP-30_KAMAVARAM_p9_i3.jpg,Kurnool,farm_pond,monitoring_column_3_field_photo
KURNOOL_IWMP-32_NAGARURU_p10_i3.jpg,ground_truth,c:\Users\Mohammed\Desktop\actual 26015\abc\ground_truth\Kurnool\farm_pond\KURNOOL_IWMP-32_NAGARURU_p10_i3.jpg,Kurnool,farm_pond,monitoring_column_3_field_photo
KURNOOL_IWMP-32_NAGARURU_p11_i0.jpg,ground_truth,c:\Users\Mohammed\Desktop\actual 26015\abc\ground_truth\Kurnool\farm_pond\KURNOOL_IWMP-32_NAGARURU_p11_i0.jpg,Kurnool,farm_pond,monitoring_column_3_field_photo
KURNOOL_IWMP-32_NAGARURU_p11_i9.jpg,ground_truth,c:\Users\Mohammed\Desktop\actual 26015\abc\ground_truth\Kurnool\farm_pond\KURNOOL_IWMP-32_NAGARURU_p11_i9.jpg,Kurnool,farm_pond,monitoring_column_3_field_photo
KURNOOL_IWMP-32_NAGARURU_p8_i11.jpg,ground_truth,c:\Users\Mohammed\Desktop\actual 26015\abc\ground_truth\Kurnool\farm_pond\KURNOOL_IWMP-32_NAGARURU_p8_i11.jpg,Kurnool,farm_pond,monitoring_column_3_field_photo
KURNOOL_IWMP-32_NAGARURU_p9_i0.jpg,ground_truth,c:\Users\Mohammed\Desktop\actual 26015\abc\ground_truth\Kurnool\farm_pond\KURNOOL_IWMP-32_NAGARURU_p9_i0.jpg,Kurnool,farm_pond,monitoring_column_3_field_photo
KURNOOL_IWMP-32_NAGARURU_p9_i9.jpg,ground_truth,c:\Users\Mohammed\Desktop\actual 26015\abc\ground_truth\Kurnool\farm_pond\KURNOOL_IWMP-32_NAGARURU_p9_i9.jpg,Kurnool,farm_pond,monitoring_column_3_field_photo
KURNOOL_IWMP-33_RALLAKOTTUR_p10_i0.jpg,ground_truth,c:\Users\Mohammed\Desktop\actual 26015\abc\ground_truth\Kurnool\farm_pond\KURNOOL_IWMP-33_RALLAKOTTUR_p10_i0.jpg,Kurnool,farm_pond,monitoring_column_3_field_photo
KURNOOL_IWMP-33_RALLAKOTTUR_p10_i9.jpg,ground_truth,c:\Users\Mohammed\Desktop\actual 26015\abc\ground_truth\Kurnool\farm_pond\KURNOOL_IWMP-33_RALLAKOTTUR_p10_i9.jpg,Kurnool,farm_pond,monitoring_column_3_field_photo
KURNOOL_IWMP-33_RALLAKOTTUR_p20_i2.jpg,satellite,c:\Users\Mohammed\Desktop\actual 26015\abc\satellite_images\KURNOOL_IWMP-33_RALLAKOTTUR_p20_i2.jpg,Kurnool,satellite_lulc,lulc_page_pre_post_treatment
KURNOOL_IWMP-33_RALLAKOTTUR_p7_i11.jpg,ground_truth,c:\Users\Mohammed\Desktop\actual 26015\abc\ground_truth\Kurnool\check_dam\KURNOOL_IWMP-33_RALLAKOTTUR_p7_i11.jpg,Kurnool,check_dam,monitoring_column_3_field_photo
KURNOOL_IWMP-33_RALLAKOTTUR_p7_i3.jpg,ground_truth,c:\Users\Mohammed\Desktop\actual 26015\abc\ground_truth\Kurnool\check_dam\KURNOOL_IWMP-33_RALLAKOTTUR_p7_i3.jpg,Kurnool,check_dam,monitoring_column_3_field_photo
KURNOOL_IWMP-33_RALLAKOTTUR_p8_i0.jpg,ground_truth,c:\Users\Mohammed\Desktop\actual 26015\abc\ground_truth\Kurnool\farm_pond\KURNOOL_IWMP-33_RALLAKOTTUR_p8_i0.jpg,Kurnool,farm_pond,monitoring_column_3_field_photo
KURNOOL_IWMP-33_RALLAKOTTUR_p8_i9.jpg,ground_truth,c:\Users\Mohammed\Desktop\actual 26015\abc\ground_truth\Kurnool\farm_pond\KURNOOL_IWMP-33_RALLAKOTTUR_p8_i9.jpg,Kurnool,farm_pond,monitoring_column_3_field_photo
KURNOOL_IWMP-33_RALLAKOTTUR_p9_i11.jpg,ground_truth,c:\Users\Mohammed\Desktop\actual 26015\abc\ground_truth\Kurnool\farm_pond\KURNOOL_IWMP-33_RALLAKOTTUR_p9_i11.jpg,Kurnool,farm_pond,monitoring_column_3_field_photo
KURNOOL_IWMP-33_RALLAKOTTUR_p9_i3.jpg,ground_truth,c:\Users\Mohammed\Desktop\actual 26015\abc\ground_truth\Kurnool\farm_pond\KURNOOL_IWMP-33_RALLAKOTTUR_p9_i3.jpg,Kurnool,farm_pond,monitoring_column_3_field_photo
KURNOOL_IWMP-34_W.GOVINDINNE_p10_i0.jpg,ground_truth,c:\Users\Mohammed\Desktop\actual 26015\abc\ground_truth\Kurnool\farm_pond\KURNOOL_IWMP-34_W.GOVINDINNE_p10_i0.jpg,Kurnool,farm_pond,monitoring_column_3_field_photo
KURNOOL_IWMP-34_W.GOVINDINNE_p10_i9.jpg,ground_truth,c:\Users\Mohammed\Desktop\actual 26015\abc\ground_truth\Kurnool\farm_pond\KURNOOL_IWMP-34_W.GOVINDINNE_p10_i9.jpg,Kurnool,farm_pond,monitoring_column_3_field_photo
KURNOOL_IWMP-34_W.GOVINDINNE_p7_i0.jpg,ground_truth,c:\Users\Mohammed\Desktop\actual 26015\abc\ground_truth\Kurnool\farm_pond\KURNOOL_IWMP-34_W.GOVINDINNE_p7_i0.jpg,Kurnool,farm_pond,monitoring_column_3_field_photo
KURNOOL_IWMP-34_W.GOVINDINNE_p7_i10.jpg,ground_truth,c:\Users\Mohammed\Desktop\actual 26015\abc\ground_truth\Kurnool\farm_pond\KURNOOL_IWMP-34_W.GOVINDINNE_p7_i10.jpg,Kurnool,farm_pond,monitoring_column_3_field_photo
KURNOOL_IWMP-34_W.GOVINDINNE_p8_i11.jpg,ground_truth,c:\Users\Mohammed\Desktop\actual 26015\abc\ground_truth\Kurnool\check_dam\KURNOOL_IWMP-34_W.GOVINDINNE_p8_i11.jpg,Kurnool,check_dam,monitoring_column_3_field_photo
KURNOOL_IWMP-34_W.GOVINDINNE_p8_i3.jpg,ground_truth,c:\Users\Mohammed\Desktop\actual 26015\abc\ground_truth\Kurnool\check_dam\KURNOOL_IWMP-34_W.GOVINDINNE_p8_i3.jpg,Kurnool,check_dam,monitoring_column_3_field_photo
KURNOOL_IWMP-34_W.GOVINDINNE_p9_i11.jpg,ground_truth,c:\Users\Mohammed\Desktop\actual 26015\abc\ground_truth\Kurnool\check_dam\KURNOOL_IWMP-34_W.GOVINDINNE_p9_i11.jpg,Kurnool,check_dam,monitoring_column_3_field_photo
KURNOOL_IWMP-34_W.GOVINDINNE_p9_i3.jpg,ground_truth,c:\Users\Mohammed\Desktop\actual 26015\abc\ground_truth\Kurnool\check_dam\KURNOOL_IWMP-34_W.GOVINDINNE_p9_i3.jpg,Kurnool,check_dam,monitoring_column_3_field_photo
KURNOOL_IWMP-35_NERNIKI_p10_i11.jpg,ground_truth,c:\Users\Mohammed\Desktop\actual 26015\abc\ground_truth\Kurnool\farm_pond\KURNOOL_IWMP-35_NERNIKI_p10_i11.jpg,Kurnool,farm_pond,monitoring_column_3_field_photo
KURNOOL_IWMP-35_NERNIKI_p10_i3.jpg,ground_truth,c:\Users\Mohammed\Desktop\actual 26015\abc\ground_truth\Kurnool\farm_pond\KURNOOL_IWMP-35_NERNIKI_p10_i3.jpg,Kurnool,farm_pond,monitoring_column_3_field_photo
KURNOOL_IWMP-35_NERNIKI_p11_i0.jpg,ground_truth,c:\Users\Mohammed\Desktop\actual 26015\abc\ground_truth\Kurnool\farm_pond\KURNOOL_IWMP-35_NERNIKI_p11_i0.jpg,Kurnool,farm_pond,monitoring_column_3_field_photo
KURNOOL_IWMP-35_NERNIKI_p11_i9.jpg,ground_truth,c:\Users\Mohammed\Desktop\actual 26015\abc\ground_truth\Kurnool\farm_pond\KURNOOL_IWMP-35_NERNIKI_p11_i9.jpg,Kurnool,farm_pond,monitoring_column_3_field_photo
KURNOOL_IWMP-35_NERNIKI_p8_i0.jpg,ground_truth,c:\Users\Mohammed\Desktop\actual 26015\abc\ground_truth\Kurnool\farm_pond\KURNOOL_IWMP-35_NERNIKI_p8_i0.jpg,Kurnool,farm_pond,monitoring_column_3_field_photo
KURNOOL_IWMP-35_NERNIKI_p8_i11.jpg,ground_truth,c:\Users\Mohammed\Desktop\actual 26015\abc\ground_truth\Kurnool\farm_pond\KURNOOL_IWMP-35_NERNIKI_p8_i11.jpg,Kurnool,farm_pond,monitoring_column_3_field_photo
KURNOOL_IWMP-35_NERNIKI_p9_i11.jpg,ground_truth,c:\Users\Mohammed\Desktop\actual 26015\abc\ground_truth\Kurnool\farm_pond\KURNOOL_IWMP-35_NERNIKI_p9_i11.jpg,Kurnool,farm_pond,monitoring_column_3_field_photo
KURNOOL_IWMP-35_NERNIKI_p9_i3.jpg,ground_truth,c:\Users\Mohammed\Desktop\actual 26015\abc\ground_truth\Kurnool\farm_pond\KURNOOL_IWMP-35_NERNIKI_p9_i3.jpg,Kurnool,farm_pond,monitoring_column_3_field_photo
KURNOOL_IWMP-36_KAMBALAPADU_p10_i0.jpg,ground_truth,c:\Users\Mohammed\Desktop\actual 26015\abc\ground_truth\Kurnool\farm_pond\KURNOOL_IWMP-36_KAMBALAPADU_p10_i0.jpg,Kurnool,farm_pond,monitoring_column_3_field_photo
KURNOOL_IWMP-36_KAMBALAPADU_p10_i9.jpg,ground_truth,c:\Users\Mohammed\Desktop\actual 26015\abc\ground_truth\Kurnool\farm_pond\KURNOOL_IWMP-36_KAMBALAPADU_p10_i9.jpg,Kurnool,farm_pond,monitoring_column_3_field_photo
KURNOOL_IWMP-36_KAMBALAPADU_p18_i0.jpg,satellite,c:\Users\Mohammed\Desktop\actual 26015\abc\satellite_images\KURNOOL_IWMP-36_KAMBALAPADU_p18_i0.jpg,Kurnool,satellite_lulc,lulc_page_pre_post_treatment
KURNOOL_IWMP-36_KAMBALAPADU_p18_i2.jpg,satellite,c:\Users\Mohammed\Desktop\actual 26015\abc\satellite_images\KURNOOL_IWMP-36_KAMBALAPADU_p18_i2.jpg,Kurnool,satellite_lulc,lulc_page_pre_post_treatment
KURNOOL_IWMP-36_KAMBALAPADU_p18_i3.jpg,satellite,c:\Users\Mohammed\Desktop\actual 26015\abc\satellite_images\KURNOOL_IWMP-36_KAMBALAPADU_p18_i3.jpg,Kurnool,satellite_lulc,lulc_page_pre_post_treatment
KURNOOL_IWMP-36_KAMBALAPADU_p19_i0.jpg,satellite,c:\Users\Mohammed\Desktop\actual 26015\abc\satellite_images\KURNOOL_IWMP-36_KAMBALAPADU_p19_i0.jpg,Kurnool,satellite_lulc,lulc_page_pre_post_treatment
KURNOOL_IWMP-36_KAMBALAPADU_p19_i1.jpg,satellite,c:\Users\Mohammed\Desktop\actual 26015\abc\satellite_images\KURNOOL_IWMP-36_KAMBALAPADU_p19_i1.jpg,Kurnool,satellite_lulc,lulc_page_pre_post_treatment
KURNOOL_IWMP-36_KAMBALAPADU_p19_i3.jpg,satellite,c:\Users\Mohammed\Desktop\actual 26015\abc\satellite_images\KURNOOL_IWMP-36_KAMBALAPADU_p19_i3.jpg,Kurnool,satellite_lulc,lulc_page_pre_post_treatment
KURNOOL_IWMP-36_KAMBALAPADU_p7_i11.jpg,ground_truth,c:\Users\Mohammed\Desktop\actual 26015\abc\ground_truth\Kurnool\check_dam\KURNOOL_IWMP-36_KAMBALAPADU_p7_i11.jpg,Kurnool,check_dam,monitoring_column_3_field_photo
KURNOOL_IWMP-36_KAMBALAPADU_p7_i3.jpg,ground_truth,c:\Users\Mohammed\Desktop\actual 26015\abc\ground_truth\Kurnool\check_dam\KURNOOL_IWMP-36_KAMBALAPADU_p7_i3.jpg,Kurnool,check_dam,monitoring_column_3_field_photo
KURNOOL_IWMP-36_KAMBALAPADU_p8_i9.jpg,ground_truth,c:\Users\Mohammed\Desktop\actual 26015\abc\ground_truth\Kurnool\farm_pond\KURNOOL_IWMP-36_KAMBALAPADU_p8_i9.jpg,Kurnool,farm_pond,monitoring_column_3_field_photo
KURNOOL_IWMP-36_KAMBALAPADU_p9_i11.jpg,ground_truth,c:\Users\Mohammed\Desktop\actual 26015\abc\ground_truth\Kurnool\farm_pond\KURNOOL_IWMP-36_KAMBALAPADU_p9_i11.jpg,Kurnool,farm_pond,monitoring_column_3_field_photo
KURNOOL_IWMP-36_KAMBALAPADU_p9_i3.jpg,ground_truth,c:\Users\Mohammed\Desktop\actual 26015\abc\ground_truth\Kurnool\farm_pond\KURNOOL_IWMP-36_KAMBALAPADU_p9_i3.jpg,Kurnool,farm_pond,monitoring_column_3_field_photo
KURNOOL_IWMP-37_THOLLAMADUGU_p10_i11.jpg,ground_truth,c:\Users\Mohammed\Desktop\actual 26015\abc\ground_truth\Kurnool\farm_pond\KURNOOL_IWMP-37_THOLLAMADUGU_p10_i11.jpg,Kurnool,farm_pond,monitoring_column_3_field_photo
KURNOOL_IWMP-37_THOLLAMADUGU_p10_i3.jpg,ground_truth,c:\Users\Mohammed\Desktop\actual 26015\abc\ground_truth\Kurnool\farm_pond\KURNOOL_IWMP-37_THOLLAMADUGU_p10_i3.jpg,Kurnool,farm_pond,monitoring_column_3_field_photo
KURNOOL_IWMP-37_THOLLAMADUGU_p11_i0.jpg,ground_truth,c:\Users\Mohammed\Desktop\actual 26015\abc\ground_truth\Kurnool\farm_pond\KURNOOL_IWMP-37_THOLLAMADUGU_p11_i0.jpg,Kurnool,farm_pond,monitoring_column_3_field_photo
KURNOOL_IWMP-37_THOLLAMADUGU_p11_i9.jpg,ground_truth,c:\Users\Mohammed\Desktop\actual 26015\abc\ground_truth\Kurnool\farm_pond\KURNOOL_IWMP-37_THOLLAMADUGU_p11_i9.jpg,Kurnool,farm_pond,monitoring_column_3_field_photo
KURNOOL_IWMP-37_THOLLAMADUGU_p7_i11.jpg,ground_truth,c:\Users\Mohammed\Desktop\actual 26015\abc\ground_truth\Kurnool\check_dam\KURNOOL_IWMP-37_THOLLAMADUGU_p7_i11.jpg,Kurnool,check_dam,monitoring_column_3_field_photo
KURNOOL_IWMP-37_THOLLAMADUGU_p7_i3.jpg,ground_truth,c:\Users\Mohammed\Desktop\actual 26015\abc\ground_truth\Kurnool\water_structure_other\KURNOOL_IWMP-37_THOLLAMADUGU_p7_i3.jpg,Kurnool,water_structure_other,monitoring_column_3_field_photo
KURNOOL_IWMP-37_THOLLAMADUGU_p8_i0.jpg,ground_truth,c:\Users\Mohammed\Desktop\actual 26015\abc\ground_truth\Kurnool\farm_pond\KURNOOL_IWMP-37_THOLLAMADUGU_p8_i0.jpg,Kurnool,farm_pond,monitoring_column_3_field_photo
KURNOOL_IWMP-37_THOLLAMADUGU_p8_i9.jpg,ground_truth,c:\Users\Mohammed\Desktop\actual 26015\abc\ground_truth\Kurnool\farm_pond\KURNOOL_IWMP-37_THOLLAMADUGU_p8_i9.jpg,Kurnool,farm_pond,monitoring_column_3_field_photo
KURNOOL_IWMP-37_THOLLAMADUGU_p9_i0.jpg,ground_truth,c:\Users\Mohammed\Desktop\actual 26015\abc\ground_truth\Kurnool\percolation_tank\KURNOOL_IWMP-37_THOLLAMADUGU_p9_i0.jpg,Kurnool,percolation_tank,monitoring_column_3_field_photo
KURNOOL_IWMP-37_THOLLAMADUGU_p9_i9.jpg,ground_truth,c:\Users\Mohammed\Desktop\actual 26015\abc\ground_truth\Kurnool\percolation_tank\KURNOOL_IWMP-37_THOLLAMADUGU_p9_i9.jpg,Kurnool,percolation_tank,monitoring_column_3_field_photo
KURNOOL_IWMP-38_JUTUR_p11_i0.jpg,ground_truth,c:\Users\Mohammed\Desktop\actual 26015\abc\ground_truth\Kurnool\farm_pond\KURNOOL_IWMP-38_JUTUR_p11_i0.jpg,Kurnool,farm_pond,monitoring_column_3_field_photo
KURNOOL_IWMP-38_JUTUR_p18_i0.jpg,satellite,c:\Users\Mohammed\Desktop\actual 26015\abc\satellite_images\KURNOOL_IWMP-38_JUTUR_p18_i0.jpg,Kurnool,satellite_lulc,lulc_page_pre_post_treatment
KURNOOL_IWMP-38_JUTUR_p19_i0.jpg,satellite,c:\Users\Mohammed\Desktop\actual 26015\abc\satellite_images\KURNOOL_IWMP-38_JUTUR_p19_i0.jpg,Kurnool,satellite_lulc,lulc_page_pre_post_treatment
KURNOOL_IWMP-38_JUTUR_p19_i1.jpg,satellite,c:\Users\Mohammed\Desktop\actual 26015\abc\satellite_images\KURNOOL_IWMP-38_JUTUR_p19_i1.jpg,Kurnool,satellite_lulc,lulc_page_pre_post_treatment
KURNOOL_IWMP-38_JUTUR_p8_i3.jpg,ground_truth,c:\Users\Mohammed\Desktop\actual 26015\abc\ground_truth\Kurnool\farm_pond\KURNOOL_IWMP-38_JUTUR_p8_i3.jpg,Kurnool,farm_pond,monitoring_column_3_field_photo
KURNOOL_IWMP-38_JUTUR_p9_i9.jpg,ground_truth,c:\Users\Mohammed\Desktop\actual 26015\abc\ground_truth\Kurnool\farm_pond\KURNOOL_IWMP-38_JUTUR_p9_i9.jpg,Kurnool,farm_pond,monitoring_column_3_field_photo
KURNOOL_IWMP-39_MIDTHUR_p9_i0.jpg,ground_truth,c:\Users\Mohammed\Desktop\actual 26015\abc\ground_truth\Kurnool\farm_pond\KURNOOL_IWMP-39_MIDTHUR_p9_i0.jpg,Kurnool,farm_pond,monitoring_column_3_field_photo
KURNOOL_IWMP-40_GANI_p11_i9.jpg,ground_truth,c:\Users\Mohammed\Desktop\actual 26015\abc\ground_truth\Kurnool\farm_pond\KURNOOL_IWMP-40_GANI_p11_i9.jpg,Kurnool,farm_pond,monitoring_column_3_field_photo
KURNOOL_IWMP-40_GANI_p19_i3.jpg,satellite,c:\Users\Mohammed\Desktop\actual 26015\abc\satellite_images\KURNOOL_IWMP-40_GANI_p19_i3.jpg,Kurnool,satellite_lulc,lulc_page_pre_post_treatment
KURNOOL_IWMP-40_GANI_p20_i1.jpg,satellite,c:\Users\Mohammed\Desktop\actual 26015\abc\satellite_images\KURNOOL_IWMP-40_GANI_p20_i1.jpg,Kurnool,satellite_lulc,lulc_page_pre_post_treatment
KURNOOL_IWMP-40_GANI_p21_i0.jpg,satellite,c:\Users\Mohammed\Desktop\actual 26015\abc\satellite_images\KURNOOL_IWMP-40_GANI_p21_i0.jpg,Kurnool,satellite_lulc,lulc_page_pre_post_treatment
KURNOOL_IWMP-40_GANI_p21_i1.jpg,satellite,c:\Users\Mohammed\Desktop\actual 26015\abc\satellite_images\KURNOOL_IWMP-40_GANI_p21_i1.jpg,Kurnool,satellite_lulc,lulc_page_pre_post_treatment
KURNOOL_IWMP-40_GANI_p21_i2.jpg,satellite,c:\Users\Mohammed\Desktop\actual 26015\abc\satellite_images\KURNOOL_IWMP-40_GANI_p21_i2.jpg,Kurnool,satellite_lulc,lulc_page_pre_post_treatment
KURNOOL_IWMP-40_GANI_p21_i3.jpg,satellite,c:\Users\Mohammed\Desktop\actual 26015\abc\satellite_images\KURNOOL_IWMP-40_GANI_p21_i3.jpg,Kurnool,satellite_lulc,lulc_page_pre_post_treatment
KURNOOL_IWMP-40_GANI_p22_i0.jpg,satellite,c:\Users\Mohammed\Desktop\actual 26015\abc\satellite_images\KURNOOL_IWMP-40_GANI_p22_i0.jpg,Kurnool,satellite_lulc,lulc_page_pre_post_treatment
KURNOOL_IWMP-40_GANI_p22_i1.jpg,satellite,c:\Users\Mohammed\Desktop\actual 26015\abc\satellite_images\KURNOOL_IWMP-40_GANI_p22_i1.jpg,Kurnool,satellite_lulc,lulc_page_pre_post_treatment
KURNOOL_IWMP-40_GANI_p8_i11.jpg,ground_truth,c:\Users\Mohammed\Desktop\actual 26015\abc\ground_truth\Kurnool\check_dam\KURNOOL_IWMP-40_GANI_p8_i11.jpg,Kurnool,check_dam,monitoring_column_3_field_photo
KURNOOL_IWMP-40_GANI_p9_i0.jpg,ground_truth,c:\Users\Mohammed\Desktop\actual 26015\abc\ground_truth\Kurnool\farm_pond\KURNOOL_IWMP-40_GANI_p9_i0.jpg,Kurnool,farm_pond,monitoring_column_3_field_photo
KURNOOL_IWMP-41_H.MURAVANI_p10_i11.jpg,ground_truth,c:\Users\Mohammed\Desktop\actual 26015\abc\ground_truth\Kurnool\farm_pond\KURNOOL_IWMP-41_H.MURAVANI_p10_i11.jpg,Kurnool,farm_pond,monitoring_column_3_field_photo
KURNOOL_IWMP-41_H.MURAVANI_p10_i3.jpg,ground_truth,c:\Users\Mohammed\Desktop\actual 26015\abc\ground_truth\Kurnool\farm_pond\KURNOOL_IWMP-41_H.MURAVANI_p10_i3.jpg,Kurnool,farm_pond,monitoring_column_3_field_photo
KURNOOL_IWMP-41_H.MURAVANI_p11_i9.jpg,ground_truth,c:\Users\Mohammed\Desktop\actual 26015\abc\ground_truth\Kurnool\farm_pond\KURNOOL_IWMP-41_H.MURAVANI_p11_i9.jpg,Kurnool,farm_pond,monitoring_column_3_field_photo
KURNOOL_IWMP-41_H.MURAVANI_p8_i11.jpg,ground_truth,c:\Users\Mohammed\Desktop\actual 26015\abc\ground_truth\Kurnool\farm_pond\KURNOOL_IWMP-41_H.MURAVANI_p8_i11.jpg,Kurnool,farm_pond,monitoring_column_3_field_photo
KURNOOL_IWMP-41_H.MURAVANI_p8_i3.jpg,ground_truth,c:\Users\Mohammed\Desktop\actual 26015\abc\ground_truth\Kurnool\farm_pond\KURNOOL_IWMP-41_H.MURAVANI_p8_i3.jpg,Kurnool,farm_pond,monitoring_column_3_field_photo
KURNOOL_IWMP-41_H.MURAVANI_p9_i0.jpg,ground_truth,c:\Users\Mohammed\Desktop\actual 26015\abc\ground_truth\Kurnool\farm_pond\KURNOOL_IWMP-41_H.MURAVANI_p9_i0.jpg,Kurnool,farm_pond,monitoring_column_3_field_photo
KURNOOL_IWMP-41_H.MURAVANI_p9_i9.jpg,ground_truth,c:\Users\Mohammed\Desktop\actual 26015\abc\ground_truth\Kurnool\farm_pond\KURNOOL_IWMP-41_H.MURAVANI_p9_i9.jpg,Kurnool,farm_pond,monitoring_column_3_field_photo
KURNOOL_IWMP-42_VENKATAPURAM_p10_i3.jpg,ground_truth,c:\Users\Mohammed\Desktop\actual 26015\abc\ground_truth\Kurnool\farm_pond\KURNOOL_IWMP-42_VENKATAPURAM_p10_i3.jpg,Kurnool,farm_pond,monitoring_column_3_field_photo
KURNOOL_IWMP-42_VENKATAPURAM_p11_i0.jpg,ground_truth,c:\Users\Mohammed\Desktop\actual 26015\abc\ground_truth\Kurnool\plantation\KURNOOL_IWMP-42_VENKATAPURAM_p11_i0.jpg,Kurnool,plantation,monitoring_column_3_field_photo
KURNOOL_IWMP-42_VENKATAPURAM_p11_i9.jpg,ground_truth,c:\Users\Mohammed\Desktop\actual 26015\abc\ground_truth\Kurnool\plantation\KURNOOL_IWMP-42_VENKATAPURAM_p11_i9.jpg,Kurnool,plantation,monitoring_column_3_field_photo
KURNOOL_IWMP-42_VENKATAPURAM_p8_i11.jpg,ground_truth,c:\Users\Mohammed\Desktop\actual 26015\abc\ground_truth\Kurnool\water_structure_other\KURNOOL_IWMP-42_VENKATAPURAM_p8_i11.jpg,Kurnool,water_structure_other,monitoring_column_3_field_photo
KURNOOL_IWMP-42_VENKATAPURAM_p8_i3.jpg,ground_truth,c:\Users\Mohammed\Desktop\actual 26015\abc\ground_truth\Kurnool\water_structure_other\KURNOOL_IWMP-42_VENKATAPURAM_p8_i3.jpg,Kurnool,water_structure_other,monitoring_column_3_field_photo
KURNOOL_IWMP-42_VENKATAPURAM_p9_i0.jpg,ground_truth,c:\Users\Mohammed\Desktop\actual 26015\abc\ground_truth\Kurnool\farm_pond\KURNOOL_IWMP-42_VENKATAPURAM_p9_i0.jpg,Kurnool,farm_pond,monitoring_column_3_field_photo
KURNOOL_IWMP-42_VENKATAPURAM_p9_i9.jpg,ground_truth,c:\Users\Mohammed\Desktop\actual 26015\abc\ground_truth\Kurnool\farm_pond\KURNOOL_IWMP-42_VENKATAPURAM_p9_i9.jpg,Kurnool,farm_pond,monitoring_column_3_field_photo
KURNOOL_IWMP-43_KADIMETLA_p10_i11.jpg,ground_truth,c:\Users\Mohammed\Desktop\actual 26015\abc\ground_truth\Kurnool\water_structure_other\KURNOOL_IWMP-43_KADIMETLA_p10_i11.jpg,Kurnool,water_structure_other,monitoring_column_3_field_photo
KURNOOL_IWMP-43_KADIMETLA_p10_i3.jpg,ground_truth,c:\Users\Mohammed\Desktop\actual 26015\abc\ground_truth\Kurnool\farm_pond\KURNOOL_IWMP-43_KADIMETLA_p10_i3.jpg,Kurnool,farm_pond,monitoring_column_3_field_photo
KURNOOL_IWMP-43_KADIMETLA_p11_i0.jpg,ground_truth,c:\Users\Mohammed\Desktop\actual 26015\abc\ground_truth\Kurnool\farm_pond\KURNOOL_IWMP-43_KADIMETLA_p11_i0.jpg,Kurnool,farm_pond,monitoring_column_3_field_photo
KURNOOL_IWMP-43_KADIMETLA_p8_i11.jpg,ground_truth,c:\Users\Mohammed\Desktop\actual 26015\abc\ground_truth\Kurnool\check_dam\KURNOOL_IWMP-43_KADIMETLA_p8_i11.jpg,Kurnool,check_dam,monitoring_column_3_field_photo
KURNOOL_IWMP-43_KADIMETLA_p9_i9.jpg,ground_truth,c:\Users\Mohammed\Desktop\actual 26015\abc\ground_truth\Kurnool\farm_pond\KURNOOL_IWMP-43_KADIMETLA_p9_i9.jpg,Kurnool,farm_pond,monitoring_column_3_field_photo
KURNOOL_IWMP-44_MADDUR_p10_i0.jpg,ground_truth,c:\Users\Mohammed\Desktop\actual 26015\abc\ground_truth\Kurnool\farm_pond\KURNOOL_IWMP-44_MADDUR_p10_i0.jpg,Kurnool,farm_pond,monitoring_column_3_field_photo
KURNOOL_IWMP-44_MADDUR_p10_i9.jpg,ground_truth,c:\Users\Mohammed\Desktop\actual 26015\abc\ground_truth\Kurnool\farm_pond\KURNOOL_IWMP-44_MADDUR_p10_i9.jpg,Kurnool,farm_pond,monitoring_column_3_field_photo
KURNOOL_IWMP-44_MADDUR_p7_i11.jpg,ground_truth,c:\Users\Mohammed\Desktop\actual 26015\abc\ground_truth\Kurnool\check_dam\KURNOOL_IWMP-44_MADDUR_p7_i11.jpg,Kurnool,check_dam,monitoring_column_3_field_photo
KURNOOL_IWMP-44_MADDUR_p7_i3.jpg,ground_truth,c:\Users\Mohammed\Desktop\actual 26015\abc\ground_truth\Kurnool\check_dam\KURNOOL_IWMP-44_MADDUR_p7_i3.jpg,Kurnool,check_dam,monitoring_column_3_field_photo
KURNOOL_IWMP-44_MADDUR_p8_i0.jpg,ground_truth,c:\Users\Mohammed\Desktop\actual 26015\abc\ground_truth\Kurnool\farm_pond\KURNOOL_IWMP-44_MADDUR_p8_i0.jpg,Kurnool,farm_pond,monitoring_column_3_field_photo
KURNOOL_IWMP-44_MADDUR_p8_i9.jpg,ground_truth,c:\Users\Mohammed\Desktop\actual 26015\abc\ground_truth\Kurnool\farm_pond\KURNOOL_IWMP-44_MADDUR_p8_i9.jpg,Kurnool,farm_pond,monitoring_column_3_field_photo
KURNOOL_IWMP-44_MADDUR_p9_i11.jpg,ground_truth,c:\Users\Mohammed\Desktop\actual 26015\abc\ground_truth\Kurnool\farm_pond\KURNOOL_IWMP-44_MADDUR_p9_i11.jpg,Kurnool,farm_pond,monitoring_column_3_field_photo
KURNOOL_IWMP-44_MADDUR_p9_i3.jpg,ground_truth,c:\Users\Mohammed\Desktop\actual 26015\abc\ground_truth\Kurnool\farm_pond\KURNOOL_IWMP-44_MADDUR_p9_i3.jpg,Kurnool,farm_pond,monitoring_column_3_field_photo
KURNOOL_IWMP-45_PAGIDYALA_p10_i0.jpg,ground_truth,c:\Users\Mohammed\Desktop\actual 26015\abc\ground_truth\Kurnool\farm_pond\KURNOOL_IWMP-45_PAGIDYALA_p10_i0.jpg,Kurnool,farm_pond,monitoring_column_3_field_photo
KURNOOL_IWMP-45_PAGIDYALA_p10_i9.jpg,ground_truth,c:\Users\Mohammed\Desktop\actual 26015\abc\ground_truth\Kurnool\farm_pond\KURNOOL_IWMP-45_PAGIDYALA_p10_i9.jpg,Kurnool,farm_pond,monitoring_column_3_field_photo
KURNOOL_IWMP-45_PAGIDYALA_p7_i11.jpg,ground_truth,c:\Users\Mohammed\Desktop\actual 26015\abc\ground_truth\Kurnool\check_dam\KURNOOL_IWMP-45_PAGIDYALA_p7_i11.jpg,Kurnool,check_dam,monitoring_column_3_field_photo
KURNOOL_IWMP-45_PAGIDYALA_p7_i3.jpg,ground_truth,c:\Users\Mohammed\Desktop\actual 26015\abc\ground_truth\Kurnool\check_dam\KURNOOL_IWMP-45_PAGIDYALA_p7_i3.jpg,Kurnool,check_dam,monitoring_column_3_field_photo
KURNOOL_IWMP-46_CHIPPAGIRI_p10_i0.jpg,ground_truth,c:\Users\Mohammed\Desktop\actual 26015\abc\ground_truth\Kurnool\farm_pond\KURNOOL_IWMP-46_CHIPPAGIRI_p10_i0.jpg,Kurnool,farm_pond,monitoring_column_3_field_photo
KURNOOL_IWMP-46_CHIPPAGIRI_p10_i9.jpg,ground_truth,c:\Users\Mohammed\Desktop\actual 26015\abc\ground_truth\Kurnool\farm_pond\KURNOOL_IWMP-46_CHIPPAGIRI_p10_i9.jpg,Kurnool,farm_pond,monitoring_column_3_field_photo
KURNOOL_IWMP-46_CHIPPAGIRI_p7_i11.jpg,ground_truth,c:\Users\Mohammed\Desktop\actual 26015\abc\ground_truth\Kurnool\farm_pond\KURNOOL_IWMP-46_CHIPPAGIRI_p7_i11.jpg,Kurnool,farm_pond,monitoring_column_3_field_photo
KURNOOL_IWMP-46_CHIPPAGIRI_p7_i3.jpg,ground_truth,c:\Users\Mohammed\Desktop\actual 26015\abc\ground_truth\Kurnool\farm_pond\KURNOOL_IWMP-46_CHIPPAGIRI_p7_i3.jpg,Kurnool,farm_pond,monitoring_column_3_field_photo
KURNOOL_IWMP-46_CHIPPAGIRI_p8_i0.jpg,ground_truth,c:\Users\Mohammed\Desktop\actual 26015\abc\ground_truth\Kurnool\farm_pond\KURNOOL_IWMP-46_CHIPPAGIRI_p8_i0.jpg,Kurnool,farm_pond,monitoring_column_3_field_photo
KURNOOL_IWMP-46_CHIPPAGIRI_p8_i9.jpg,ground_truth,c:\Users\Mohammed\Desktop\actual 26015\abc\ground_truth\Kurnool\farm_pond\KURNOOL_IWMP-46_CHIPPAGIRI_p8_i9.jpg,Kurnool,farm_pond,monitoring_column_3_field_photo
KURNOOL_IWMP-46_CHIPPAGIRI_p9_i11.jpg,ground_truth,c:\Users\Mohammed\Desktop\actual 26015\abc\ground_truth\Kurnool\farm_pond\KURNOOL_IWMP-46_CHIPPAGIRI_p9_i11.jpg,Kurnool,farm_pond,monitoring_column_3_field_photo
KURNOOL_IWMP-46_CHIPPAGIRI_p9_i3.jpg,ground_truth,c:\Users\Mohammed\Desktop\actual 26015\abc\ground_truth\Kurnool\farm_pond\KURNOOL_IWMP-46_CHIPPAGIRI_p9_i3.jpg,Kurnool,farm_pond,monitoring_column_3_field_photo
KURNOOL_IWMP-47_REMATA_p11_i0.jpg,ground_truth,c:\Users\Mohammed\Desktop\actual 26015\abc\ground_truth\Kurnool\farm_pond\KURNOOL_IWMP-47_REMATA_p11_i0.jpg,Kurnool,farm_pond,monitoring_column_3_field_photo
KURNOOL_IWMP-47_REMATA_p11_i9.jpg,ground_truth,c:\Users\Mohammed\Desktop\actual 26015\abc\ground_truth\Kurnool\farm_pond\KURNOOL_IWMP-47_REMATA_p11_i9.jpg,Kurnool,farm_pond,monitoring_column_3_field_photo
KURNOOL_IWMP-47_REMATA_p18_i0.jpg,satellite,c:\Users\Mohammed\Desktop\actual 26015\abc\satellite_images\KURNOOL_IWMP-47_REMATA_p18_i0.jpg,Kurnool,satellite_lulc,lulc_page_pre_post_treatment
KURNOOL_IWMP-47_REMATA_p18_i3.jpg,satellite,c:\Users\Mohammed\Desktop\actual 26015\abc\satellite_images\KURNOOL_IWMP-47_REMATA_p18_i3.jpg,Kurnool,satellite_lulc,lulc_page_pre_post_treatment
KURNOOL_IWMP-47_REMATA_p19_i0.jpg,satellite,c:\Users\Mohammed\Desktop\actual 26015\abc\satellite_images\KURNOOL_IWMP-47_REMATA_p19_i0.jpg,Kurnool,satellite_lulc,lulc_page_pre_post_treatment
KURNOOL_IWMP-47_REMATA_p19_i1.jpg,satellite,c:\Users\Mohammed\Desktop\actual 26015\abc\satellite_images\KURNOOL_IWMP-47_REMATA_p19_i1.jpg,Kurnool,satellite_lulc,lulc_page_pre_post_treatment
KURNOOL_IWMP-47_REMATA_p19_i2.jpg,satellite,c:\Users\Mohammed\Desktop\actual 26015\abc\satellite_images\KURNOOL_IWMP-47_REMATA_p19_i2.jpg,Kurnool,satellite_lulc,lulc_page_pre_post_treatment
KURNOOL_IWMP-47_REMATA_p19_i3.jpg,satellite,c:\Users\Mohammed\Desktop\actual 26015\abc\satellite_images\KURNOOL_IWMP-47_REMATA_p19_i3.jpg,Kurnool,satellite_lulc,lulc_page_pre_post_treatment
KURNOOL_IWMP-47_REMATA_p21_i2.jpg,satellite,c:\Users\Mohammed\Desktop\actual 26015\abc\satellite_images\KURNOOL_IWMP-47_REMATA_p21_i2.jpg,Kurnool,satellite_lulc,lulc_page_pre_post_treatment
KURNOOL_IWMP-47_REMATA_p21_i3.jpg,satellite,c:\Users\Mohammed\Desktop\actual 26015\abc\satellite_images\KURNOOL_IWMP-47_REMATA_p21_i3.jpg,Kurnool,satellite_lulc,lulc_page_pre_post_treatment
KURNOOL_IWMP-47_REMATA_p8_i11.jpg,ground_truth,c:\Users\Mohammed\Desktop\actual 26015\abc\ground_truth\Kurnool\farm_pond\KURNOOL_IWMP-47_REMATA_p8_i11.jpg,Kurnool,farm_pond,monitoring_column_3_field_photo
KURNOOL_IWMP-47_REMATA_p8_i3.jpg,ground_truth,c:\Users\Mohammed\Desktop\actual 26015\abc\ground_truth\Kurnool\farm_pond\KURNOOL_IWMP-47_REMATA_p8_i3.jpg,Kurnool,farm_pond,monitoring_column_3_field_photo
KURNOOL_IWMP-48_KAPPATRALA_p10_i0.jpg,ground_truth,c:\Users\Mohammed\Desktop\actual 26015\abc\ground_truth\Kurnool\farm_pond\KURNOOL_IWMP-48_KAPPATRALA_p10_i0.jpg,Kurnool,farm_pond,monitoring_column_3_field_photo
KURNOOL_IWMP-48_KAPPATRALA_p10_i9.jpg,ground_truth,c:\Users\Mohammed\Desktop\actual 26015\abc\ground_truth\Kurnool\farm_pond\KURNOOL_IWMP-48_KAPPATRALA_p10_i9.jpg,Kurnool,farm_pond,monitoring_column_3_field_photo
KURNOOL_IWMP-48_KAPPATRALA_p20_i0.jpg,satellite,c:\Users\Mohammed\Desktop\actual 26015\abc\satellite_images\KURNOOL_IWMP-48_KAPPATRALA_p20_i0.jpg,Kurnool,satellite_lulc,lulc_page_pre_post_treatment
KURNOOL_IWMP-48_KAPPATRALA_p20_i1.jpg,satellite,c:\Users\Mohammed\Desktop\actual 26015\abc\satellite_images\KURNOOL_IWMP-48_KAPPATRALA_p20_i1.jpg,Kurnool,satellite_lulc,lulc_page_pre_post_treatment
KURNOOL_IWMP-48_KAPPATRALA_p20_i3.jpg,satellite,c:\Users\Mohammed\Desktop\actual 26015\abc\satellite_images\KURNOOL_IWMP-48_KAPPATRALA_p20_i3.jpg,Kurnool,satellite_lulc,lulc_page_pre_post_treatment
KURNOOL_IWMP-48_KAPPATRALA_p21_i0.jpg,satellite,c:\Users\Mohammed\Desktop\actual 26015\abc\satellite_images\KURNOOL_IWMP-48_KAPPATRALA_p21_i0.jpg,Kurnool,satellite_lulc,lulc_page_pre_post_treatment
KURNOOL_IWMP-48_KAPPATRALA_p21_i1.jpg,satellite,c:\Users\Mohammed\Desktop\actual 26015\abc\satellite_images\KURNOOL_IWMP-48_KAPPATRALA_p21_i1.jpg,Kurnool,satellite_lulc,lulc_page_pre_post_treatment
KURNOOL_IWMP-48_KAPPATRALA_p21_i2.jpg,satellite,c:\Users\Mohammed\Desktop\actual 26015\abc\satellite_images\KURNOOL_IWMP-48_KAPPATRALA_p21_i2.jpg,Kurnool,satellite_lulc,lulc_page_pre_post_treatment
KURNOOL_IWMP-48_KAPPATRALA_p21_i3.jpg,satellite,c:\Users\Mohammed\Desktop\actual 26015\abc\satellite_images\KURNOOL_IWMP-48_KAPPATRALA_p21_i3.jpg,Kurnool,satellite_lulc,lulc_page_pre_post_treatment
KURNOOL_IWMP-48_KAPPATRALA_p7_i3.jpg,ground_truth,c:\Users\Mohammed\Desktop\actual 26015\abc\ground_truth\Kurnool\farm_pond\KURNOOL_IWMP-48_KAPPATRALA_p7_i3.jpg,Kurnool,farm_pond,monitoring_column_3_field_photo
KURNOOL_IWMP-48_KAPPATRALA_p8_i0.jpg,ground_truth,c:\Users\Mohammed\Desktop\actual 26015\abc\ground_truth\Kurnool\farm_pond\KURNOOL_IWMP-48_KAPPATRALA_p8_i0.jpg,Kurnool,farm_pond,monitoring_column_3_field_photo
KURNOOL_IWMP-48_KAPPATRALA_p8_i9.jpg,ground_truth,c:\Users\Mohammed\Desktop\actual 26015\abc\ground_truth\Kurnool\farm_pond\KURNOOL_IWMP-48_KAPPATRALA_p8_i9.jpg,Kurnool,farm_pond,monitoring_column_3_field_photo
KURNOOL_IWMP-48_KAPPATRALA_p9_i3.jpg,ground_truth,c:\Users\Mohammed\Desktop\actual 26015\abc\ground_truth\Kurnool\farm_pond\KURNOOL_IWMP-48_KAPPATRALA_p9_i3.jpg,Kurnool,farm_pond,monitoring_column_3_field_photo
KURNOOL_IWMP-49_MADDIKERA_p10_i0.jpg,ground_truth,c:\Users\Mohammed\Desktop\actual 26015\abc\ground_truth\Kurnool\farm_pond\KURNOOL_IWMP-49_MADDIKERA_p10_i0.jpg,Kurnool,farm_pond,monitoring_column_3_field_photo
KURNOOL_IWMP-49_MADDIKERA_p10_i9.jpg,ground_truth,c:\Users\Mohammed\Desktop\actual 26015\abc\ground_truth\Kurnool\farm_pond\KURNOOL_IWMP-49_MADDIKERA_p10_i9.jpg,Kurnool,farm_pond,monitoring_column_3_field_photo
KURNOOL_IWMP-49_MADDIKERA_p7_i11.jpg,ground_truth,c:\Users\Mohammed\Desktop\actual 26015\abc\ground_truth\Kurnool\farm_pond\KURNOOL_IWMP-49_MADDIKERA_p7_i11.jpg,Kurnool,farm_pond,monitoring_column_3_field_photo
KURNOOL_IWMP-49_MADDIKERA_p8_i0.jpg,ground_truth,c:\Users\Mohammed\Desktop\actual 26015\abc\ground_truth\Kurnool\plantation\KURNOOL_IWMP-49_MADDIKERA_p8_i0.jpg,Kurnool,plantation,monitoring_column_3_field_photo
KURNOOL_IWMP-49_MADDIKERA_p8_i9.jpg,ground_truth,c:\Users\Mohammed\Desktop\actual 26015\abc\ground_truth\Kurnool\plantation\KURNOOL_IWMP-49_MADDIKERA_p8_i9.jpg,Kurnool,plantation,monitoring_column_3_field_photo
KURNOOL_IWMP-49_MADDIKERA_p9_i11.jpg,ground_truth,c:\Users\Mohammed\Desktop\actual 26015\abc\ground_truth\Kurnool\check_dam\KURNOOL_IWMP-49_MADDIKERA_p9_i11.jpg,Kurnool,check_dam,monitoring_column_3_field_photo
KURNOOL_IWMP-49_MADDIKERA_p9_i3.jpg,ground_truth,c:\Users\Mohammed\Desktop\actual 26015\abc\ground_truth\Kurnool\check_dam\KURNOOL_IWMP-49_MADDIKERA_p9_i3.jpg,Kurnool,check_dam,monitoring_column_3_field_photo
KURNOOL_IWMP-50_GUDUR_p10_i11.jpg,ground_truth,c:\Users\Mohammed\Desktop\actual 26015\abc\ground_truth\Kurnool\farm_pond\KURNOOL_IWMP-50_GUDUR_p10_i11.jpg,Kurnool,farm_pond,monitoring_column_3_field_photo
KURNOOL_IWMP-50_GUDUR_p10_i3.jpg,ground_truth,c:\Users\Mohammed\Desktop\actual 26015\abc\ground_truth\Kurnool\farm_pond\KURNOOL_IWMP-50_GUDUR_p10_i3.jpg,Kurnool,farm_pond,monitoring_column_3_field_photo
KURNOOL_IWMP-50_GUDUR_p11_i0.jpg,ground_truth,c:\Users\Mohammed\Desktop\actual 26015\abc\ground_truth\Kurnool\farm_pond\KURNOOL_IWMP-50_GUDUR_p11_i0.jpg,Kurnool,farm_pond,monitoring_column_3_field_photo
KURNOOL_IWMP-50_GUDUR_p11_i9.jpg,ground_truth,c:\Users\Mohammed\Desktop\actual 26015\abc\ground_truth\Kurnool\farm_pond\KURNOOL_IWMP-50_GUDUR_p11_i9.jpg,Kurnool,farm_pond,monitoring_column_3_field_photo
KURNOOL_IWMP-50_GUDUR_p8_i11.jpg,ground_truth,c:\Users\Mohammed\Desktop\actual 26015\abc\ground_truth\Kurnool\check_dam\KURNOOL_IWMP-50_GUDUR_p8_i11.jpg,Kurnool,check_dam,monitoring_column_3_field_photo
KURNOOL_IWMP-50_GUDUR_p8_i3.jpg,ground_truth,c:\Users\Mohammed\Desktop\actual 26015\abc\ground_truth\Kurnool\check_dam\KURNOOL_IWMP-50_GUDUR_p8_i3.jpg,Kurnool,check_dam,monitoring_column_3_field_photo
KURNOOL_IWMP-50_GUDUR_p9_i0.jpg,ground_truth,c:\Users\Mohammed\Desktop\actual 26015\abc\ground_truth\Kurnool\farm_pond\KURNOOL_IWMP-50_GUDUR_p9_i0.jpg,Kurnool,farm_pond,monitoring_column_3_field_photo
KURNOOL_IWMP-50_GUDUR_p9_i9.jpg,ground_truth,c:\Users\Mohammed\Desktop\actual 26015\abc\ground_truth\Kurnool\farm_pond\KURNOOL_IWMP-50_GUDUR_p9_i9.jpg,Kurnool,farm_pond,monitoring_column_3_field_photo
KURNOOL_IWMP-51_G.C.PALEM__p10_i0.jpg,ground_truth,c:\Users\Mohammed\Desktop\actual 26015\abc\ground_truth\Kurnool\farm_pond\KURNOOL_IWMP-51_G.C.PALEM__p10_i0.jpg,Kurnool,farm_pond,monitoring_column_3_field_photo
KURNOOL_IWMP-51_G.C.PALEM__p10_i9.jpg,ground_truth,c:\Users\Mohammed\Desktop\actual 26015\abc\ground_truth\Kurnool\farm_pond\KURNOOL_IWMP-51_G.C.PALEM__p10_i9.jpg,Kurnool,farm_pond,monitoring_column_3_field_photo
KURNOOL_IWMP-51_G.C.PALEM__p7_i3.jpg,ground_truth,c:\Users\Mohammed\Desktop\actual 26015\abc\ground_truth\Kurnool\check_dam\KURNOOL_IWMP-51_G.C.PALEM__p7_i3.jpg,Kurnool,check_dam,monitoring_column_3_field_photo
KURNOOL_IWMP-51_G.C.PALEM__p9_i11.jpg,ground_truth,c:\Users\Mohammed\Desktop\actual 26015\abc\ground_truth\Kurnool\plantation\KURNOOL_IWMP-51_G.C.PALEM__p9_i11.jpg,Kurnool,plantation,monitoring_column_3_field_photo
KURNOOL_IWMP-51_G.C.PALEM__p9_i3.jpg,ground_truth,c:\Users\Mohammed\Desktop\actual 26015\abc\ground_truth\Kurnool\check_dam\KURNOOL_IWMP-51_G.C.PALEM__p9_i3.jpg,Kurnool,check_dam,monitoring_column_3_field_photo
KURNOOL_IWMP-52_NANDAVARAM_p10_i0.jpg,ground_truth,c:\Users\Mohammed\Desktop\actual 26015\abc\ground_truth\Kurnool\check_dam\KURNOOL_IWMP-52_NANDAVARAM_p10_i0.jpg,Kurnool,check_dam,monitoring_column_3_field_photo
KURNOOL_IWMP-52_NANDAVARAM_p10_i9.jpg,ground_truth,c:\Users\Mohammed\Desktop\actual 26015\abc\ground_truth\Kurnool\check_dam\KURNOOL_IWMP-52_NANDAVARAM_p10_i9.jpg,Kurnool,check_dam,monitoring_column_3_field_photo
KURNOOL_IWMP-52_NANDAVARAM_p8_i18.jpg,satellite,c:\Users\Mohammed\Desktop\actual 26015\abc\satellite_images\KURNOOL_IWMP-52_NANDAVARAM_p8_i18.jpg,Kurnool,satellite_t0_t1,monitoring_column_1_or_2_satellite
KURNOOL_IWMP-52_NANDAVARAM_p9_i3.jpg,ground_truth,c:\Users\Mohammed\Desktop\actual 26015\abc\ground_truth\Kurnool\check_dam\KURNOOL_IWMP-52_NANDAVARAM_p9_i3.jpg,Kurnool,check_dam,monitoring_column_3_field_photo
KURNOOL_IWMP-53_CHITYALA_p10_i0.jpg,ground_truth,c:\Users\Mohammed\Desktop\actual 26015\abc\ground_truth\Kurnool\farm_pond\KURNOOL_IWMP-53_CHITYALA_p10_i0.jpg,Kurnool,farm_pond,monitoring_column_3_field_photo
KURNOOL_IWMP-53_CHITYALA_p10_i9.jpg,ground_truth,c:\Users\Mohammed\Desktop\actual 26015\abc\ground_truth\Kurnool\farm_pond\KURNOOL_IWMP-53_CHITYALA_p10_i9.jpg,Kurnool,farm_pond,monitoring_column_3_field_photo
KURNOOL_IWMP-53_CHITYALA_p8_i18.jpg,ground_truth,c:\Users\Mohammed\Desktop\actual 26015\abc\ground_truth\Kurnool\water_structure_other\KURNOOL_IWMP-53_CHITYALA_p8_i18.jpg,Kurnool,water_structure_other,monitoring_column_3_field_photo
KURNOOL_IWMP-53_CHITYALA_p9_i11.jpg,ground_truth,c:\Users\Mohammed\Desktop\actual 26015\abc\ground_truth\Kurnool\check_dam\KURNOOL_IWMP-53_CHITYALA_p9_i11.jpg,Kurnool,check_dam,monitoring_column_3_field_photo
KURNOOL_IWMP-53_CHITYALA_p9_i3.jpg,ground_truth,c:\Users\Mohammed\Desktop\actual 26015\abc\ground_truth\Kurnool\check_dam\KURNOOL_IWMP-53_CHITYALA_p9_i3.jpg,Kurnool,check_dam,monitoring_column_3_field_photo
KURNOOL_IWMP-54_ITIKALA_p10_i0.jpg,ground_truth,c:\Users\Mohammed\Desktop\actual 26015\abc\ground_truth\Kurnool\farm_pond\KURNOOL_IWMP-54_ITIKALA_p10_i0.jpg,Kurnool,farm_pond,monitoring_column_3_field_photo
KURNOOL_IWMP-54_ITIKALA_p10_i9.jpg,ground_truth,c:\Users\Mohammed\Desktop\actual 26015\abc\ground_truth\Kurnool\farm_pond\KURNOOL_IWMP-54_ITIKALA_p10_i9.jpg,Kurnool,farm_pond,monitoring_column_3_field_photo
KURNOOL_IWMP-54_ITIKALA_p8_i18.jpg,satellite,c:\Users\Mohammed\Desktop\actual 26015\abc\satellite_images\KURNOOL_IWMP-54_ITIKALA_p8_i18.jpg,Kurnool,satellite_t0_t1,monitoring_column_1_or_2_satellite
KURNOOL_IWMP-54_ITIKALA_p9_i11.jpg,ground_truth,c:\Users\Mohammed\Desktop\actual 26015\abc\ground_truth\Kurnool\check_dam\KURNOOL_IWMP-54_ITIKALA_p9_i11.jpg,Kurnool,check_dam,monitoring_column_3_field_photo
KURNOOL_IWMP-54_ITIKALA_p9_i3.jpg,ground_truth,c:\Users\Mohammed\Desktop\actual 26015\abc\ground_truth\Kurnool\check_dam\KURNOOL_IWMP-54_ITIKALA_p9_i3.jpg,Kurnool,check_dam,monitoring_column_3_field_photo
KURNOOL_IWMP-55_PEDDAKOPPARLA_p10_i0.jpg,ground_truth,c:\Users\Mohammed\Desktop\actual 26015\abc\ground_truth\Kurnool\farm_pond\KURNOOL_IWMP-55_PEDDAKOPPARLA_p10_i0.jpg,Kurnool,farm_pond,monitoring_column_3_field_photo
KURNOOL_IWMP-55_PEDDAKOPPARLA_p8_i17.jpg,satellite,c:\Users\Mohammed\Desktop\actual 26015\abc\satellite_images\KURNOOL_IWMP-55_PEDDAKOPPARLA_p8_i17.jpg,Kurnool,satellite_t0_t1,monitoring_column_1_or_2_satellite
KURNOOL_IWMP-55_PEDDAKOPPARLA_p9_i11.jpg,ground_truth,c:\Users\Mohammed\Desktop\actual 26015\abc\ground_truth\Kurnool\farm_pond\KURNOOL_IWMP-55_PEDDAKOPPARLA_p9_i11.jpg,Kurnool,farm_pond,monitoring_column_3_field_photo
KURNOOL_IWMP-55_PEDDAKOPPARLA_p9_i3.jpg,ground_truth,c:\Users\Mohammed\Desktop\actual 26015\abc\ground_truth\Kurnool\farm_pond\KURNOOL_IWMP-55_PEDDAKOPPARLA_p9_i3.jpg,Kurnool,farm_pond,monitoring_column_3_field_photo
KURNOOL_IWMP-56_PEDDAKADUBUR_p10_i0.jpg,ground_truth,c:\Users\Mohammed\Desktop\actual 26015\abc\ground_truth\Kurnool\farm_pond\KURNOOL_IWMP-56_PEDDAKADUBUR_p10_i0.jpg,Kurnool,farm_pond,monitoring_column_3_field_photo
KURNOOL_IWMP-56_PEDDAKADUBUR_p10_i9.jpg,ground_truth,c:\Users\Mohammed\Desktop\actual 26015\abc\ground_truth\Kurnool\farm_pond\KURNOOL_IWMP-56_PEDDAKADUBUR_p10_i9.jpg,Kurnool,farm_pond,monitoring_column_3_field_photo
KURNOOL_IWMP-56_PEDDAKADUBUR_p9_i11.jpg,ground_truth,c:\Users\Mohammed\Desktop\actual 26015\abc\ground_truth\Kurnool\farm_pond\KURNOOL_IWMP-56_PEDDAKADUBUR_p9_i11.jpg,Kurnool,farm_pond,monitoring_column_3_field_photo
KURNOOL_IWMP-57_CHIPPAGIRI_p10_i0.jpg,ground_truth,c:\Users\Mohammed\Desktop\actual 26015\abc\ground_truth\Kurnool\farm_pond\KURNOOL_IWMP-57_CHIPPAGIRI_p10_i0.jpg,Kurnool,farm_pond,monitoring_column_3_field_photo
KURNOOL_IWMP-57_CHIPPAGIRI_p10_i9.jpg,ground_truth,c:\Users\Mohammed\Desktop\actual 26015\abc\ground_truth\Kurnool\farm_pond\KURNOOL_IWMP-57_CHIPPAGIRI_p10_i9.jpg,Kurnool,farm_pond,monitoring_column_3_field_photo
KURNOOL_IWMP-57_CHIPPAGIRI_p17_i2.jpg,satellite,c:\Users\Mohammed\Desktop\actual 26015\abc\satellite_images\KURNOOL_IWMP-57_CHIPPAGIRI_p17_i2.jpg,Kurnool,satellite_lulc,lulc_page_pre_post_treatment
KURNOOL_IWMP-57_CHIPPAGIRI_p8_i18.jpg,satellite,c:\Users\Mohammed\Desktop\actual 26015\abc\satellite_images\KURNOOL_IWMP-57_CHIPPAGIRI_p8_i18.jpg,Kurnool,satellite_t0_t1,monitoring_column_1_or_2_satellite
KURNOOL_IWMP-57_CHIPPAGIRI_p9_i11.jpg,ground_truth,c:\Users\Mohammed\Desktop\actual 26015\abc\ground_truth\Kurnool\farm_pond\KURNOOL_IWMP-57_CHIPPAGIRI_p9_i11.jpg,Kurnool,farm_pond,monitoring_column_3_field_photo
KURNOOL_IWMP-57_CHIPPAGIRI_p9_i3.jpg,ground_truth,c:\Users\Mohammed\Desktop\actual 26015\abc\ground_truth\Kurnool\farm_pond\KURNOOL_IWMP-57_CHIPPAGIRI_p9_i3.jpg,Kurnool,farm_pond,monitoring_column_3_field_photo
KURNOOL_IWMP-58_NALLACHELIMILA_p10_i0.jpg,ground_truth,c:\Users\Mohammed\Desktop\actual 26015\abc\ground_truth\Kurnool\farm_pond\KURNOOL_IWMP-58_NALLACHELIMILA_p10_i0.jpg,Kurnool,farm_pond,monitoring_column_3_field_photo
KURNOOL_IWMP-58_NALLACHELIMILA_p10_i9.jpg,ground_truth,c:\Users\Mohammed\Desktop\actual 26015\abc\ground_truth\Kurnool\farm_pond\KURNOOL_IWMP-58_NALLACHELIMILA_p10_i9.jpg,Kurnool,farm_pond,monitoring_column_3_field_photo
KURNOOL_IWMP-58_NALLACHELIMILA_p9_i11.jpg,ground_truth,c:\Users\Mohammed\Desktop\actual 26015\abc\ground_truth\Kurnool\check_dam\KURNOOL_IWMP-58_NALLACHELIMILA_p9_i11.jpg,Kurnool,check_dam,monitoring_column_3_field_photo
KURNOOL_IWMP-58_NALLACHELIMILA_p9_i3.jpg,ground_truth,c:\Users\Mohammed\Desktop\actual 26015\abc\ground_truth\Kurnool\check_dam\KURNOOL_IWMP-58_NALLACHELIMILA_p9_i3.jpg,Kurnool,check_dam,monitoring_column_3_field_photo
KURNOOL_IWMP-59_GANJIHALLI_p10_i0.jpg,ground_truth,c:\Users\Mohammed\Desktop\actual 26015\abc\ground_truth\Kurnool\farm_pond\KURNOOL_IWMP-59_GANJIHALLI_p10_i0.jpg,Kurnool,farm_pond,monitoring_column_3_field_photo
KURNOOL_IWMP-59_GANJIHALLI_p10_i9.jpg,ground_truth,c:\Users\Mohammed\Desktop\actual 26015\abc\ground_truth\Kurnool\farm_pond\KURNOOL_IWMP-59_GANJIHALLI_p10_i9.jpg,Kurnool,farm_pond,monitoring_column_3_field_photo
KURNOOL_IWMP-59_GANJIHALLI_p8_i18.jpg,satellite,c:\Users\Mohammed\Desktop\actual 26015\abc\satellite_images\KURNOOL_IWMP-59_GANJIHALLI_p8_i18.jpg,Kurnool,satellite_t0_t1,monitoring_column_1_or_2_satellite
KURNOOL_IWMP-59_GANJIHALLI_p9_i11.jpg,ground_truth,c:\Users\Mohammed\Desktop\actual 26015\abc\ground_truth\Kurnool\farm_pond\KURNOOL_IWMP-59_GANJIHALLI_p9_i11.jpg,Kurnool,farm_pond,monitoring_column_3_field_photo
KURNOOL_IWMP-59_GANJIHALLI_p9_i3.jpg,ground_truth,c:\Users\Mohammed\Desktop\actual 26015\abc\ground_truth\Kurnool\farm_pond\KURNOOL_IWMP-59_GANJIHALLI_p9_i3.jpg,Kurnool,farm_pond,monitoring_column_3_field_photo
PRAKASAM_IWMP-01-RAMACHANDRAPURAM_p9_i11.jpg,ground_truth,c:\Users\Mohammed\Desktop\actual 26015\abc\ground_truth\Prakasam\check_dam\PRAKASAM_IWMP-01-RAMACHANDRAPURAM_p9_i11.jpg,Prakasam,check_dam,monitoring_column_3_field_photo
PRAKASAM_IWMP-01-RAMACHANDRAPURAM_p9_i3.jpg,ground_truth,c:\Users\Mohammed\Desktop\actual 26015\abc\ground_truth\Prakasam\check_dam\PRAKASAM_IWMP-01-RAMACHANDRAPURAM_p9_i3.jpg,Prakasam,check_dam,monitoring_column_3_field_photo
PRAKASAM_IWMP-02-ULCHI_p11_i6.jpg,ground_truth,c:\Users\Mohammed\Desktop\actual 26015\abc\ground_truth\Prakasam\check_dam\PRAKASAM_IWMP-02-ULCHI_p11_i6.jpg,Prakasam,check_dam,monitoring_column_3_field_photo
PRAKASAM_IWMP-02-ULCHI_p11_i9.jpg,ground_truth,c:\Users\Mohammed\Desktop\actual 26015\abc\ground_truth\Prakasam\check_dam\PRAKASAM_IWMP-02-ULCHI_p11_i9.jpg,Prakasam,check_dam,monitoring_column_3_field_photo
PRAKASAM_IWMP-02-ULCHI_p12_i7.jpg,ground_truth,c:\Users\Mohammed\Desktop\actual 26015\abc\ground_truth\Prakasam\percolation_tank\PRAKASAM_IWMP-02-ULCHI_p12_i7.jpg,Prakasam,percolation_tank,monitoring_column_3_field_photo
PRAKASAM_IWMP-02-ULCHI_p12_i9.jpg,ground_truth,c:\Users\Mohammed\Desktop\actual 26015\abc\ground_truth\Prakasam\check_dam\PRAKASAM_IWMP-02-ULCHI_p12_i9.jpg,Prakasam,check_dam,monitoring_column_3_field_photo
PRAKASAM_IWMP-02-ULCHI_p13_i9.jpg,ground_truth,c:\Users\Mohammed\Desktop\actual 26015\abc\ground_truth\Prakasam\water_structure_other\PRAKASAM_IWMP-02-ULCHI_p13_i9.jpg,Prakasam,water_structure_other,monitoring_column_3_field_photo
PRAKASAM_IWMP-02-ULCHI_p14_i7.jpg,ground_truth,c:\Users\Mohammed\Desktop\actual 26015\abc\ground_truth\Prakasam\check_dam\PRAKASAM_IWMP-02-ULCHI_p14_i7.jpg,Prakasam,check_dam,monitoring_column_3_field_photo
PRAKASAM_IWMP-02-ULCHI_p14_i9.jpg,ground_truth,c:\Users\Mohammed\Desktop\actual 26015\abc\ground_truth\Prakasam\check_dam\PRAKASAM_IWMP-02-ULCHI_p14_i9.jpg,Prakasam,check_dam,monitoring_column_3_field_photo
PRAKASAM_IWMP-03_MYNAMPADU_p7_i6.jpg,ground_truth,c:\Users\Mohammed\Desktop\actual 26015\abc\ground_truth\Prakasam\check_dam\PRAKASAM_IWMP-03_MYNAMPADU_p7_i6.jpg,Prakasam,check_dam,monitoring_column_3_field_photo
PRAKASAM_IWMP-03_MYNAMPADU_p7_i9.jpg,ground_truth,c:\Users\Mohammed\Desktop\actual 26015\abc\ground_truth\Prakasam\check_dam\PRAKASAM_IWMP-03_MYNAMPADU_p7_i9.jpg,Prakasam,check_dam,monitoring_column_3_field_photo
PRAKASAM_IWMP-03_MYNAMPADU_p8_i7.jpg,ground_truth,c:\Users\Mohammed\Desktop\actual 26015\abc\ground_truth\Prakasam\farm_pond\PRAKASAM_IWMP-03_MYNAMPADU_p8_i7.jpg,Prakasam,farm_pond,monitoring_column_3_field_photo
PRAKASAM_IWMP-04-MUTUKULA_p7_i11.jpg,ground_truth,c:\Users\Mohammed\Desktop\actual 26015\abc\ground_truth\Prakasam\farm_pond\PRAKASAM_IWMP-04-MUTUKULA_p7_i11.jpg,Prakasam,farm_pond,monitoring_column_3_field_photo
PRAKASAM_IWMP-04-MUTUKULA_p7_i3.jpg,ground_truth,c:\Users\Mohammed\Desktop\actual 26015\abc\ground_truth\Prakasam\farm_pond\PRAKASAM_IWMP-04-MUTUKULA_p7_i3.jpg,Prakasam,farm_pond,monitoring_column_3_field_photo
PRAKASAM_IWMP-04-MUTUKULA_p8_i0.jpg,ground_truth,c:\Users\Mohammed\Desktop\actual 26015\abc\ground_truth\Prakasam\farm_pond\PRAKASAM_IWMP-04-MUTUKULA_p8_i0.jpg,Prakasam,farm_pond,monitoring_column_3_field_photo
PRAKASAM_IWMP-04-MUTUKULA_p8_i9.jpg,ground_truth,c:\Users\Mohammed\Desktop\actual 26015\abc\ground_truth\Prakasam\farm_pond\PRAKASAM_IWMP-04-MUTUKULA_p8_i9.jpg,Prakasam,farm_pond,monitoring_column_3_field_photo
PRAKASAM_IWMP-05-DHARMAVARAM_p19_i0.jpg,satellite,c:\Users\Mohammed\Desktop\actual 26015\abc\satellite_images\PRAKASAM_IWMP-05-DHARMAVARAM_p19_i0.jpg,Prakasam,satellite_lulc,lulc_page_pre_post_treatment
PRAKASAM_IWMP-05-DHARMAVARAM_p19_i1.jpg,satellite,c:\Users\Mohammed\Desktop\actual 26015\abc\satellite_images\PRAKASAM_IWMP-05-DHARMAVARAM_p19_i1.jpg,Prakasam,satellite_lulc,lulc_page_pre_post_treatment
PRAKASAM_IWMP-05-DHARMAVARAM_p7_i13.jpg,ground_truth,c:\Users\Mohammed\Desktop\actual 26015\abc\ground_truth\Prakasam\farm_pond\PRAKASAM_IWMP-05-DHARMAVARAM_p7_i13.jpg,Prakasam,farm_pond,monitoring_column_3_field_photo
PRAKASAM_IWMP-05-DHARMAVARAM_p7_i3.jpg,ground_truth,c:\Users\Mohammed\Desktop\actual 26015\abc\ground_truth\Prakasam\farm_pond\PRAKASAM_IWMP-05-DHARMAVARAM_p7_i3.jpg,Prakasam,farm_pond,monitoring_column_3_field_photo
PRAKASAM_IWMP-05-DHARMAVARAM_p8_i1.jpg,ground_truth,c:\Users\Mohammed\Desktop\actual 26015\abc\ground_truth\Prakasam\check_dam\PRAKASAM_IWMP-05-DHARMAVARAM_p8_i1.jpg,Prakasam,check_dam,monitoring_column_3_field_photo
PRAKASAM_IWMP-05-DHARMAVARAM_p8_i6.jpg,ground_truth,c:\Users\Mohammed\Desktop\actual 26015\abc\ground_truth\Prakasam\check_dam\PRAKASAM_IWMP-05-DHARMAVARAM_p8_i6.jpg,Prakasam,check_dam,monitoring_column_3_field_photo
PRAKASAM_IWMP-06-MUNDLAPADU_p11_i13.jpg,ground_truth,c:\Users\Mohammed\Desktop\actual 26015\abc\ground_truth\Prakasam\check_dam\PRAKASAM_IWMP-06-MUNDLAPADU_p11_i13.jpg,Prakasam,check_dam,monitoring_column_3_field_photo
PRAKASAM_IWMP-06-MUNDLAPADU_p11_i5.jpg,ground_truth,c:\Users\Mohammed\Desktop\actual 26015\abc\ground_truth\Prakasam\check_dam\PRAKASAM_IWMP-06-MUNDLAPADU_p11_i5.jpg,Prakasam,check_dam,monitoring_column_3_field_photo
PRAKASAM_IWMP-06-MUNDLAPADU_p12_i0.jpg,ground_truth,c:\Users\Mohammed\Desktop\actual 26015\abc\ground_truth\Prakasam\check_dam\PRAKASAM_IWMP-06-MUNDLAPADU_p12_i0.jpg,Prakasam,check_dam,monitoring_column_3_field_photo
PRAKASAM_IWMP-06-MUNDLAPADU_p13_i11.jpg,ground_truth,c:\Users\Mohammed\Desktop\actual 26015\abc\ground_truth\Prakasam\check_dam\PRAKASAM_IWMP-06-MUNDLAPADU_p13_i11.jpg,Prakasam,check_dam,monitoring_column_3_field_photo
PRAKASAM_IWMP-06-MUNDLAPADU_p13_i3.jpg,ground_truth,c:\Users\Mohammed\Desktop\actual 26015\abc\ground_truth\Prakasam\check_dam\PRAKASAM_IWMP-06-MUNDLAPADU_p13_i3.jpg,Prakasam,check_dam,monitoring_column_3_field_photo
PRAKASAM_IWMP-06-MUNDLAPADU_p14_i0.jpg,ground_truth,c:\Users\Mohammed\Desktop\actual 26015\abc\ground_truth\Prakasam\check_dam\PRAKASAM_IWMP-06-MUNDLAPADU_p14_i0.jpg,Prakasam,check_dam,monitoring_column_3_field_photo
PRAKASAM_IWMP-06-MUNDLAPADU_p14_i9.jpg,ground_truth,c:\Users\Mohammed\Desktop\actual 26015\abc\ground_truth\Prakasam\check_dam\PRAKASAM_IWMP-06-MUNDLAPADU_p14_i9.jpg,Prakasam,check_dam,monitoring_column_3_field_photo
PRAKASAM_IWMP-06-MUNDLAPADU_p21_i2.jpg,satellite,c:\Users\Mohammed\Desktop\actual 26015\abc\satellite_images\PRAKASAM_IWMP-06-MUNDLAPADU_p21_i2.jpg,Prakasam,satellite_lulc,lulc_page_pre_post_treatment
PRAKASAM_IWMP-06-MUNDLAPADU_p21_i3.jpg,satellite,c:\Users\Mohammed\Desktop\actual 26015\abc\satellite_images\PRAKASAM_IWMP-06-MUNDLAPADU_p21_i3.jpg,Prakasam,satellite_lulc,lulc_page_pre_post_treatment
PRAKASAM_IWMP-06-MUNDLAPADU_p22_i2.jpg,satellite,c:\Users\Mohammed\Desktop\actual 26015\abc\satellite_images\PRAKASAM_IWMP-06-MUNDLAPADU_p22_i2.jpg,Prakasam,satellite_lulc,lulc_page_pre_post_treatment
PRAKASAM_IWMP-06-MUNDLAPADU_p22_i3.jpg,satellite,c:\Users\Mohammed\Desktop\actual 26015\abc\satellite_images\PRAKASAM_IWMP-06-MUNDLAPADU_p22_i3.jpg,Prakasam,satellite_lulc,lulc_page_pre_post_treatment
PRAKASAM_IWMP-07-PUSALAPADU_p10_i11.jpg,ground_truth,c:\Users\Mohammed\Desktop\actual 26015\abc\ground_truth\Prakasam\farm_pond\PRAKASAM_IWMP-07-PUSALAPADU_p10_i11.jpg,Prakasam,farm_pond,monitoring_column_3_field_photo
PRAKASAM_IWMP-07-PUSALAPADU_p10_i3.jpg,ground_truth,c:\Users\Mohammed\Desktop\actual 26015\abc\ground_truth\Prakasam\farm_pond\PRAKASAM_IWMP-07-PUSALAPADU_p10_i3.jpg,Prakasam,farm_pond,monitoring_column_3_field_photo
PRAKASAM_IWMP-07-PUSALAPADU_p11_i0.jpg,ground_truth,c:\Users\Mohammed\Desktop\actual 26015\abc\ground_truth\Prakasam\percolation_tank\PRAKASAM_IWMP-07-PUSALAPADU_p11_i0.jpg,Prakasam,percolation_tank,monitoring_column_3_field_photo
PRAKASAM_IWMP-07-PUSALAPADU_p11_i9.jpg,ground_truth,c:\Users\Mohammed\Desktop\actual 26015\abc\ground_truth\Prakasam\percolation_tank\PRAKASAM_IWMP-07-PUSALAPADU_p11_i9.jpg,Prakasam,percolation_tank,monitoring_column_3_field_photo
PRAKASAM_IWMP-07-PUSALAPADU_p9_i0.jpg,ground_truth,c:\Users\Mohammed\Desktop\actual 26015\abc\ground_truth\Prakasam\percolation_tank\PRAKASAM_IWMP-07-PUSALAPADU_p9_i0.jpg,Prakasam,percolation_tank,monitoring_column_3_field_photo
PRAKASAM_IWMP-07-PUSALAPADU_p9_i9.jpg,ground_truth,c:\Users\Mohammed\Desktop\actual 26015\abc\ground_truth\Prakasam\check_dam\PRAKASAM_IWMP-07-PUSALAPADU_p9_i9.jpg,Prakasam,check_dam,monitoring_column_3_field_photo
PRAKASAM_IWMP-09-CHINNAIRLAPADU_p11_i13.jpg,ground_truth,c:\Users\Mohammed\Desktop\actual 26015\abc\ground_truth\Prakasam\check_dam\PRAKASAM_IWMP-09-CHINNAIRLAPADU_p11_i13.jpg,Prakasam,check_dam,monitoring_column_3_field_photo
PRAKASAM_IWMP-10-YADAVALLI_p11_i13.jpg,ground_truth,c:\Users\Mohammed\Desktop\actual 26015\abc\ground_truth\Prakasam\farm_pond\PRAKASAM_IWMP-10-YADAVALLI_p11_i13.jpg,Prakasam,farm_pond,monitoring_column_3_field_photo
PRAKASAM_IWMP-10-YADAVALLI_p12_i0.jpg,ground_truth,c:\Users\Mohammed\Desktop\actual 26015\abc\ground_truth\Prakasam\farm_pond\PRAKASAM_IWMP-10-YADAVALLI_p12_i0.jpg,Prakasam,farm_pond,monitoring_column_3_field_photo
PRAKASAM_IWMP-10-YADAVALLI_p12_i9.jpg,ground_truth,c:\Users\Mohammed\Desktop\actual 26015\abc\ground_truth\Prakasam\farm_pond\PRAKASAM_IWMP-10-YADAVALLI_p12_i9.jpg,Prakasam,farm_pond,monitoring_column_3_field_photo
PRAKASAM_IWMP-11-UMMANAPALLI_p10_i13.jpg,ground_truth,c:\Users\Mohammed\Desktop\actual 26015\abc\ground_truth\Prakasam\percolation_tank\PRAKASAM_IWMP-11-UMMANAPALLI_p10_i13.jpg,Prakasam,percolation_tank,monitoring_column_3_field_photo
PRAKASAM_IWMP-11-UMMANAPALLI_p11_i0.jpg,ground_truth,c:\Users\Mohammed\Desktop\actual 26015\abc\ground_truth\Prakasam\plantation\PRAKASAM_IWMP-11-UMMANAPALLI_p11_i0.jpg,Prakasam,plantation,monitoring_column_3_field_photo
PRAKASAM_IWMP-13-POLAVARAM_p11_i12.jpg,ground_truth,c:\Users\Mohammed\Desktop\actual 26015\abc\ground_truth\Prakasam\check_dam\PRAKASAM_IWMP-13-POLAVARAM_p11_i12.jpg,Prakasam,check_dam,monitoring_column_3_field_photo
PRAKASAM_IWMP-13-POLAVARAM_p11_i14.jpg,ground_truth,c:\Users\Mohammed\Desktop\actual 26015\abc\ground_truth\Prakasam\check_dam\PRAKASAM_IWMP-13-POLAVARAM_p11_i14.jpg,Prakasam,check_dam,monitoring_column_3_field_photo
PRAKASAM_IWMP-13-POLAVARAM_p12_i8.jpg,ground_truth,c:\Users\Mohammed\Desktop\actual 26015\abc\ground_truth\Prakasam\percolation_tank\PRAKASAM_IWMP-13-POLAVARAM_p12_i8.jpg,Prakasam,percolation_tank,monitoring_column_3_field_photo
PRAKASAM_IWMP-13-POLAVARAM_p12_i9.jpg,ground_truth,c:\Users\Mohammed\Desktop\actual 26015\abc\ground_truth\Prakasam\check_dam\PRAKASAM_IWMP-13-POLAVARAM_p12_i9.jpg,Prakasam,check_dam,monitoring_column_3_field_photo
PRAKASAM_IWMP-13-POLAVARAM_p22_i1.jpg,satellite,c:\Users\Mohammed\Desktop\actual 26015\abc\satellite_images\PRAKASAM_IWMP-13-POLAVARAM_p22_i1.jpg,Prakasam,satellite_lulc,lulc_page_pre_post_treatment
PRAKASAM_IWMP-14-POTLAPADU_p17_i1.jpg,satellite,c:\Users\Mohammed\Desktop\actual 26015\abc\satellite_images\PRAKASAM_IWMP-14-POTLAPADU_p17_i1.jpg,Prakasam,satellite_lulc,lulc_page_pre_post_treatment
PRAKASAM_IWMP-14-POTLAPADU_p7_i12.jpg,ground_truth,c:\Users\Mohammed\Desktop\actual 26015\abc\ground_truth\Prakasam\farm_pond\PRAKASAM_IWMP-14-POTLAPADU_p7_i12.jpg,Prakasam,farm_pond,monitoring_column_3_field_photo
PRAKASAM_IWMP-14-POTLAPADU_p7_i14.jpg,ground_truth,c:\Users\Mohammed\Desktop\actual 26015\abc\ground_truth\Prakasam\farm_pond\PRAKASAM_IWMP-14-POTLAPADU_p7_i14.jpg,Prakasam,farm_pond,monitoring_column_3_field_photo
PRAKASAM_IWMP-14-POTLAPADU_p8_i12.jpg,ground_truth,c:\Users\Mohammed\Desktop\actual 26015\abc\ground_truth\Prakasam\farm_pond\PRAKASAM_IWMP-14-POTLAPADU_p8_i12.jpg,Prakasam,farm_pond,monitoring_column_3_field_photo
PRAKASAM_IWMP-14-POTLAPADU_p8_i14.jpg,ground_truth,c:\Users\Mohammed\Desktop\actual 26015\abc\ground_truth\Prakasam\farm_pond\PRAKASAM_IWMP-14-POTLAPADU_p8_i14.jpg,Prakasam,farm_pond,monitoring_column_3_field_photo
PRAKASAM_IWMP-33_KONIDENA_p8_i3.jpg,ground_truth,c:\Users\Mohammed\Desktop\actual 26015\abc\ground_truth\Prakasam\farm_pond\PRAKASAM_IWMP-33_KONIDENA_p8_i3.jpg,Prakasam,farm_pond,monitoring_column_3_field_photo
PRAKASAM_IWMP-33_KONIDENA_p9_i0.jpg,ground_truth,c:\Users\Mohammed\Desktop\actual 26015\abc\ground_truth\Prakasam\percolation_tank\PRAKASAM_IWMP-33_KONIDENA_p9_i0.jpg,Prakasam,percolation_tank,monitoring_column_3_field_photo
PRAKASAM_IWMP-33_KONIDENA_p9_i9.jpg,ground_truth,c:\Users\Mohammed\Desktop\actual 26015\abc\ground_truth\Prakasam\percolation_tank\PRAKASAM_IWMP-33_KONIDENA_p9_i9.jpg,Prakasam,percolation_tank,monitoring_column_3_field_photo
PRAKASAM_IWMP-34_P.KURICHEDU_p8_i11.jpg,ground_truth,c:\Users\Mohammed\Desktop\actual 26015\abc\ground_truth\Prakasam\water_structure_other\PRAKASAM_IWMP-34_P.KURICHEDU_p8_i11.jpg,Prakasam,water_structure_other,monitoring_column_3_field_photo
PRAKASAM_IWMP-34_P.KURICHEDU_p8_i3.jpg,ground_truth,c:\Users\Mohammed\Desktop\actual 26015\abc\ground_truth\Prakasam\farm_pond\PRAKASAM_IWMP-34_P.KURICHEDU_p8_i3.jpg,Prakasam,farm_pond,monitoring_column_3_field_photo
PRAKASAM_IWMP-34_P.KURICHEDU_p9_i9.jpg,ground_truth,c:\Users\Mohammed\Desktop\actual 26015\abc\ground_truth\Prakasam\farm_pond\PRAKASAM_IWMP-34_P.KURICHEDU_p9_i9.jpg,Prakasam,farm_pond,monitoring_column_3_field_photo
PRAKASAM_IWMP-35_DASARIPALLI_p16_i1.jpg,satellite,c:\Users\Mohammed\Desktop\actual 26015\abc\satellite_images\PRAKASAM_IWMP-35_DASARIPALLI_p16_i1.jpg,Prakasam,satellite_lulc,lulc_page_pre_post_treatment
PRAKASAM_IWMP-35_DASARIPALLI_p8_i11.jpg,ground_truth,c:\Users\Mohammed\Desktop\actual 26015\abc\ground_truth\Prakasam\farm_pond\PRAKASAM_IWMP-35_DASARIPALLI_p8_i11.jpg,Prakasam,farm_pond,monitoring_column_3_field_photo
PRAKASAM_IWMP-35_DASARIPALLI_p9_i9.jpg,ground_truth,c:\Users\Mohammed\Desktop\actual 26015\abc\ground_truth\Prakasam\farm_pond\PRAKASAM_IWMP-35_DASARIPALLI_p9_i9.jpg,Prakasam,farm_pond,monitoring_column_3_field_photo
PRAKASAM_IWMP-36_GURAVAJIPETA_p8_i3.jpg,ground_truth,c:\Users\Mohammed\Desktop\actual 26015\abc\ground_truth\Prakasam\check_dam\PRAKASAM_IWMP-36_GURAVAJIPETA_p8_i3.jpg,Prakasam,check_dam,monitoring_column_3_field_photo
PRAKASAM_IWMP-36_GURAVAJIPETA_p9_i0.jpg,ground_truth,c:\Users\Mohammed\Desktop\actual 26015\abc\ground_truth\Prakasam\percolation_tank\PRAKASAM_IWMP-36_GURAVAJIPETA_p9_i0.jpg,Prakasam,percolation_tank,monitoring_column_3_field_photo
PRAKASAM_IWMP-36_GURAVAJIPETA_p9_i9.jpg,ground_truth,c:\Users\Mohammed\Desktop\actual 26015\abc\ground_truth\Prakasam\percolation_tank\PRAKASAM_IWMP-36_GURAVAJIPETA_p9_i9.jpg,Prakasam,percolation_tank,monitoring_column_3_field_photo
PRAKASAM_IWMP-37_P.-YACHAVARAM_p9_i0.jpg,ground_truth,c:\Users\Mohammed\Desktop\actual 26015\abc\ground_truth\Prakasam\percolation_tank\PRAKASAM_IWMP-37_P.-YACHAVARAM_p9_i0.jpg,Prakasam,percolation_tank,monitoring_column_3_field_photo
PRAKASAM_IWMP-38_VGGAMPALLI_p8_i11.jpg,ground_truth,c:\Users\Mohammed\Desktop\actual 26015\abc\ground_truth\Prakasam\check_dam\PRAKASAM_IWMP-38_VGGAMPALLI_p8_i11.jpg,Prakasam,check_dam,monitoring_column_3_field_photo
PRAKASAM_IWMP-38_VGGAMPALLI_p8_i3.jpg,ground_truth,c:\Users\Mohammed\Desktop\actual 26015\abc\ground_truth\Prakasam\check_dam\PRAKASAM_IWMP-38_VGGAMPALLI_p8_i3.jpg,Prakasam,check_dam,monitoring_column_3_field_photo
PRAKASAM_IWMP-38_VGGAMPALLI_p9_i0.jpg,ground_truth,c:\Users\Mohammed\Desktop\actual 26015\abc\ground_truth\Prakasam\percolation_tank\PRAKASAM_IWMP-38_VGGAMPALLI_p9_i0.jpg,Prakasam,percolation_tank,monitoring_column_3_field_photo
PRAKASAM_IWMP-38_VGGAMPALLI_p9_i9.jpg,ground_truth,c:\Users\Mohammed\Desktop\actual 26015\abc\ground_truth\Prakasam\percolation_tank\PRAKASAM_IWMP-38_VGGAMPALLI_p9_i9.jpg,Prakasam,percolation_tank,monitoring_column_3_field_photo
PRAKASAM_IWMP-39_H.NIDAMURU_p8_i11.jpg,ground_truth,c:\Users\Mohammed\Desktop\actual 26015\abc\ground_truth\Prakasam\check_dam\PRAKASAM_IWMP-39_H.NIDAMURU_p8_i11.jpg,Prakasam,check_dam,monitoring_column_3_field_photo
PRAKASAM_IWMP-39_H.NIDAMURU_p8_i3.jpg,ground_truth,c:\Users\Mohammed\Desktop\actual 26015\abc\ground_truth\Prakasam\check_dam\PRAKASAM_IWMP-39_H.NIDAMURU_p8_i3.jpg,Prakasam,check_dam,monitoring_column_3_field_photo
PRAKASAM_IWMP-39_H.NIDAMURU_p9_i0.jpg,ground_truth,c:\Users\Mohammed\Desktop\actual 26015\abc\ground_truth\Prakasam\water_structure_other\PRAKASAM_IWMP-39_H.NIDAMURU_p9_i0.jpg,Prakasam,water_structure_other,monitoring_column_3_field_photo
PRAKASAM_IWMP-39_H.NIDAMURU_p9_i9.jpg,ground_truth,c:\Users\Mohammed\Desktop\actual 26015\abc\ground_truth\Prakasam\percolation_tank\PRAKASAM_IWMP-39_H.NIDAMURU_p9_i9.jpg,Prakasam,percolation_tank,monitoring_column_3_field_photo
PRAKASAM_IWMP-40_BANDELLAPALLI_p8_i11.jpg,ground_truth,c:\Users\Mohammed\Desktop\actual 26015\abc\ground_truth\Prakasam\check_dam\PRAKASAM_IWMP-40_BANDELLAPALLI_p8_i11.jpg,Prakasam,check_dam,monitoring_column_3_field_photo
PRAKASAM_IWMP-40_BANDELLAPALLI_p9_i9.jpg,ground_truth,c:\Users\Mohammed\Desktop\actual 26015\abc\ground_truth\Prakasam\percolation_tank\PRAKASAM_IWMP-40_BANDELLAPALLI_p9_i9.jpg,Prakasam,percolation_tank,monitoring_column_3_field_photo
PRAKASAM_IWMP-41_KUNCHEPALLI_p17_i0.jpg,satellite,c:\Users\Mohammed\Desktop\actual 26015\abc\satellite_images\PRAKASAM_IWMP-41_KUNCHEPALLI_p17_i0.jpg,Prakasam,satellite_lulc,lulc_page_pre_post_treatment
PRAKASAM_IWMP-41_KUNCHEPALLI_p18_i1.jpg,satellite,c:\Users\Mohammed\Desktop\actual 26015\abc\satellite_images\PRAKASAM_IWMP-41_KUNCHEPALLI_p18_i1.jpg,Prakasam,satellite_lulc,lulc_page_pre_post_treatment
PRAKASAM_IWMP-41_KUNCHEPALLI_p8_i11.jpg,ground_truth,c:\Users\Mohammed\Desktop\actual 26015\abc\ground_truth\Prakasam\check_dam\PRAKASAM_IWMP-41_KUNCHEPALLI_p8_i11.jpg,Prakasam,check_dam,monitoring_column_3_field_photo
PRAKASAM_IWMP-41_KUNCHEPALLI_p8_i3.jpg,ground_truth,c:\Users\Mohammed\Desktop\actual 26015\abc\ground_truth\Prakasam\check_dam\PRAKASAM_IWMP-41_KUNCHEPALLI_p8_i3.jpg,Prakasam,check_dam,monitoring_column_3_field_photo
PRAKASAM_IWMP-41_KUNCHEPALLI_p9_i0.jpg,ground_truth,c:\Users\Mohammed\Desktop\actual 26015\abc\ground_truth\Prakasam\check_dam\PRAKASAM_IWMP-41_KUNCHEPALLI_p9_i0.jpg,Prakasam,check_dam,monitoring_column_3_field_photo
PRAKASAM_IWMP-42_KONDEPI_p8_i11.jpg,ground_truth,c:\Users\Mohammed\Desktop\actual 26015\abc\ground_truth\Prakasam\check_dam\PRAKASAM_IWMP-42_KONDEPI_p8_i11.jpg,Prakasam,check_dam,monitoring_column_3_field_photo
PRAKASAM_IWMP-42_KONDEPI_p8_i3.jpg,ground_truth,c:\Users\Mohammed\Desktop\actual 26015\abc\ground_truth\Prakasam\check_dam\PRAKASAM_IWMP-42_KONDEPI_p8_i3.jpg,Prakasam,check_dam,monitoring_column_3_field_photo
PRAKASAM_IWMP-42_KONDEPI_p9_i0.jpg,ground_truth,c:\Users\Mohammed\Desktop\actual 26015\abc\ground_truth\Prakasam\percolation_tank\PRAKASAM_IWMP-42_KONDEPI_p9_i0.jpg,Prakasam,percolation_tank,monitoring_column_3_field_photo
PRAKASAM_IWMP-42_KONDEPI_p9_i9.jpg,ground_truth,c:\Users\Mohammed\Desktop\actual 26015\abc\ground_truth\Prakasam\percolation_tank\PRAKASAM_IWMP-42_KONDEPI_p9_i9.jpg,Prakasam,percolation_tank,monitoring_column_3_field_photo
PRAKASAM_IWMP-43_NAGAMOTLAVARIPALEM_p8_i3.jpg,ground_truth,c:\Users\Mohammed\Desktop\actual 26015\abc\ground_truth\Prakasam\check_dam\PRAKASAM_IWMP-43_NAGAMOTLAVARIPALEM_p8_i3.jpg,Prakasam,check_dam,monitoring_column_3_field_photo
PRAKASAM_IWMP-43_NAGAMOTLAVARIPALEM_p9_i0.jpg,ground_truth,c:\Users\Mohammed\Desktop\actual 26015\abc\ground_truth\Prakasam\plantation\PRAKASAM_IWMP-43_NAGAMOTLAVARIPALEM_p9_i0.jpg,Prakasam,plantation,monitoring_column_3_field_photo
PRAKASAM_IWMP-43_NAGAMOTLAVARIPALEM_p9_i9.jpg,ground_truth,c:\Users\Mohammed\Desktop\actual 26015\abc\ground_truth\Prakasam\plantation\PRAKASAM_IWMP-43_NAGAMOTLAVARIPALEM_p9_i9.jpg,Prakasam,plantation,monitoring_column_3_field_photo
PRAKASAM_IWMP-44_P.VENKATAPURAM_p8_i11.jpg,ground_truth,c:\Users\Mohammed\Desktop\actual 26015\abc\ground_truth\Prakasam\check_dam\PRAKASAM_IWMP-44_P.VENKATAPURAM_p8_i11.jpg,Prakasam,check_dam,monitoring_column_3_field_photo
PRAKASAM_IWMP-44_P.VENKATAPURAM_p8_i3.jpg,ground_truth,c:\Users\Mohammed\Desktop\actual 26015\abc\ground_truth\Prakasam\check_dam\PRAKASAM_IWMP-44_P.VENKATAPURAM_p8_i3.jpg,Prakasam,check_dam,monitoring_column_3_field_photo
PRAKASAM_IWMP-44_P.VENKATAPURAM_p9_i0.jpg,ground_truth,c:\Users\Mohammed\Desktop\actual 26015\abc\ground_truth\Prakasam\farm_pond\PRAKASAM_IWMP-44_P.VENKATAPURAM_p9_i0.jpg,Prakasam,farm_pond,monitoring_column_3_field_photo
PRAKASAM_IWMP-44_P.VENKATAPURAM_p9_i9.jpg,ground_truth,c:\Users\Mohammed\Desktop\actual 26015\abc\ground_truth\Prakasam\farm_pond\PRAKASAM_IWMP-44_P.VENKATAPURAM_p9_i9.jpg,Prakasam,farm_pond,monitoring_column_3_field_photo
PRAKASAM_IWMP-45_Y.PALEM__p8_i11.jpg,ground_truth,c:\Users\Mohammed\Desktop\actual 26015\abc\ground_truth\Prakasam\check_dam\PRAKASAM_IWMP-45_Y.PALEM__p8_i11.jpg,Prakasam,check_dam,monitoring_column_3_field_photo
PRAKASAM_IWMP-45_Y.PALEM__p8_i3.jpg,ground_truth,c:\Users\Mohammed\Desktop\actual 26015\abc\ground_truth\Prakasam\check_dam\PRAKASAM_IWMP-45_Y.PALEM__p8_i3.jpg,Prakasam,check_dam,monitoring_column_3_field_photo
PRAKASAM_IWMP-45_Y.PALEM__p9_i0.jpg,ground_truth,c:\Users\Mohammed\Desktop\actual 26015\abc\ground_truth\Prakasam\plantation\PRAKASAM_IWMP-45_Y.PALEM__p9_i0.jpg,Prakasam,plantation,monitoring_column_3_field_photo
PRAKASAM_IWMP-46_KATRAGUNTA_p8_i11.jpg,ground_truth,c:\Users\Mohammed\Desktop\actual 26015\abc\ground_truth\Prakasam\check_dam\PRAKASAM_IWMP-46_KATRAGUNTA_p8_i11.jpg,Prakasam,check_dam,monitoring_column_3_field_photo
PRAKASAM_IWMP-46_KATRAGUNTA_p8_i3.jpg,ground_truth,c:\Users\Mohammed\Desktop\actual 26015\abc\ground_truth\Prakasam\check_dam\PRAKASAM_IWMP-46_KATRAGUNTA_p8_i3.jpg,Prakasam,check_dam,monitoring_column_3_field_photo
PRAKASAM_IWMP-46_KATRAGUNTA_p9_i0.jpg,ground_truth,c:\Users\Mohammed\Desktop\actual 26015\abc\ground_truth\Prakasam\plantation\PRAKASAM_IWMP-46_KATRAGUNTA_p9_i0.jpg,Prakasam,plantation,monitoring_column_3_field_photo
PRAKASAM_IWMP-46_KATRAGUNTA_p9_i9.jpg,ground_truth,c:\Users\Mohammed\Desktop\actual 26015\abc\ground_truth\Prakasam\plantation\PRAKASAM_IWMP-46_KATRAGUNTA_p9_i9.jpg,Prakasam,plantation,monitoring_column_3_field_photo
PRAKASAM_IWMP-47_D.G.PETA__p18_i3.jpg,satellite,c:\Users\Mohammed\Desktop\actual 26015\abc\satellite_images\PRAKASAM_IWMP-47_D.G.PETA__p18_i3.jpg,Prakasam,satellite_lulc,lulc_page_pre_post_treatment
PRAKASAM_IWMP-47_D.G.PETA__p8_i11.jpg,ground_truth,c:\Users\Mohammed\Desktop\actual 26015\abc\ground_truth\Prakasam\percolation_tank\PRAKASAM_IWMP-47_D.G.PETA__p8_i11.jpg,Prakasam,percolation_tank,monitoring_column_3_field_photo
PRAKASAM_IWMP-47_D.G.PETA__p8_i3.jpg,ground_truth,c:\Users\Mohammed\Desktop\actual 26015\abc\ground_truth\Prakasam\percolation_tank\PRAKASAM_IWMP-47_D.G.PETA__p8_i3.jpg,Prakasam,percolation_tank,monitoring_column_3_field_photo
PRAKASAM_IWMP-47_D.G.PETA__p9_i0.jpg,ground_truth,c:\Users\Mohammed\Desktop\actual 26015\abc\ground_truth\Prakasam\percolation_tank\PRAKASAM_IWMP-47_D.G.PETA__p9_i0.jpg,Prakasam,percolation_tank,monitoring_column_3_field_photo
PRAKASAM_IWMP-47_D.G.PETA__p9_i9.jpg,ground_truth,c:\Users\Mohammed\Desktop\actual 26015\abc\ground_truth\Prakasam\percolation_tank\PRAKASAM_IWMP-47_D.G.PETA__p9_i9.jpg,Prakasam,percolation_tank,monitoring_column_3_field_photo
PRAKASAM_IWMP-48_KONAPALLI_p9_i0.jpg,ground_truth,c:\Users\Mohammed\Desktop\actual 26015\abc\ground_truth\Prakasam\farm_pond\PRAKASAM_IWMP-48_KONAPALLI_p9_i0.jpg,Prakasam,farm_pond,monitoring_column_3_field_photo
PRAKASAM_IWMP-48_KONAPALLI_p9_i9.jpg,ground_truth,c:\Users\Mohammed\Desktop\actual 26015\abc\ground_truth\Prakasam\farm_pond\PRAKASAM_IWMP-48_KONAPALLI_p9_i9.jpg,Prakasam,farm_pond,monitoring_column_3_field_photo
PRAKASAM_IWMP-53_NAGIREDDIPALLI_p10_i0.jpg,ground_truth,c:\Users\Mohammed\Desktop\actual 26015\abc\ground_truth\Prakasam\percolation_tank\PRAKASAM_IWMP-53_NAGIREDDIPALLI_p10_i0.jpg,Prakasam,percolation_tank,monitoring_column_3_field_photo
PRAKASAM_IWMP-53_NAGIREDDIPALLI_p10_i11.jpg,ground_truth,c:\Users\Mohammed\Desktop\actual 26015\abc\ground_truth\Prakasam\percolation_tank\PRAKASAM_IWMP-53_NAGIREDDIPALLI_p10_i11.jpg,Prakasam,percolation_tank,monitoring_column_3_field_photo
PRAKASAM_IWMP-53_NAGIREDDIPALLI_p8_i18.jpg,ground_truth,c:\Users\Mohammed\Desktop\actual 26015\abc\ground_truth\Prakasam\farm_pond\PRAKASAM_IWMP-53_NAGIREDDIPALLI_p8_i18.jpg,Prakasam,farm_pond,monitoring_column_3_field_photo
PRAKASAM_IWMP-53_NAGIREDDIPALLI_p9_i11.jpg,ground_truth,c:\Users\Mohammed\Desktop\actual 26015\abc\ground_truth\Prakasam\farm_pond\PRAKASAM_IWMP-53_NAGIREDDIPALLI_p9_i11.jpg,Prakasam,farm_pond,monitoring_column_3_field_photo
PRAKASAM_IWMP-53_NAGIREDDIPALLI_p9_i3.jpg,ground_truth,c:\Users\Mohammed\Desktop\actual 26015\abc\ground_truth\Prakasam\farm_pond\PRAKASAM_IWMP-53_NAGIREDDIPALLI_p9_i3.jpg,Prakasam,farm_pond,monitoring_column_3_field_photo
PRAKASAM_IWMP-54_CHAPALAMADUGU_p10_i0.jpg,ground_truth,c:\Users\Mohammed\Desktop\actual 26015\abc\ground_truth\Prakasam\plantation\PRAKASAM_IWMP-54_CHAPALAMADUGU_p10_i0.jpg,Prakasam,plantation,monitoring_column_3_field_photo
PRAKASAM_IWMP-54_CHAPALAMADUGU_p10_i11.jpg,ground_truth,c:\Users\Mohammed\Desktop\actual 26015\abc\ground_truth\Prakasam\percolation_tank\PRAKASAM_IWMP-54_CHAPALAMADUGU_p10_i11.jpg,Prakasam,percolation_tank,monitoring_column_3_field_photo
PRAKASAM_IWMP-54_CHAPALAMADUGU_p8_i18.jpg,satellite,c:\Users\Mohammed\Desktop\actual 26015\abc\satellite_images\PRAKASAM_IWMP-54_CHAPALAMADUGU_p8_i18.jpg,Prakasam,satellite_t0_t1,monitoring_column_1_or_2_satellite
PRAKASAM_IWMP-54_CHAPALAMADUGU_p9_i3.jpg,ground_truth,c:\Users\Mohammed\Desktop\actual 26015\abc\ground_truth\Prakasam\check_dam\PRAKASAM_IWMP-54_CHAPALAMADUGU_p9_i3.jpg,Prakasam,check_dam,monitoring_column_3_field_photo
PRAKASAM_IWMP-55_MARELLA_p10_i11.jpg,ground_truth,c:\Users\Mohammed\Desktop\actual 26015\abc\ground_truth\Prakasam\check_dam\PRAKASAM_IWMP-55_MARELLA_p10_i11.jpg,Prakasam,check_dam,monitoring_column_3_field_photo
PRAKASAM_IWMP-55_MARELLA_p9_i11.jpg,ground_truth,c:\Users\Mohammed\Desktop\actual 26015\abc\ground_truth\Prakasam\check_dam\PRAKASAM_IWMP-55_MARELLA_p9_i11.jpg,Prakasam,check_dam,monitoring_column_3_field_photo
PRAKASAM_IWMP-56_RAMAYAPALEM_p10_i11.jpg,ground_truth,c:\Users\Mohammed\Desktop\actual 26015\abc\ground_truth\Prakasam\check_dam\PRAKASAM_IWMP-56_RAMAYAPALEM_p10_i11.jpg,Prakasam,check_dam,monitoring_column_3_field_photo
PRAKASAM_IWMP-56_RAMAYAPALEM_p9_i11.jpg,ground_truth,c:\Users\Mohammed\Desktop\actual 26015\abc\ground_truth\Prakasam\check_dam\PRAKASAM_IWMP-56_RAMAYAPALEM_p9_i11.jpg,Prakasam,check_dam,monitoring_column_3_field_photo
PRAKASAM_IWMP-57_THARLUPADU_p10_i0.jpg,ground_truth,c:\Users\Mohammed\Desktop\actual 26015\abc\ground_truth\Prakasam\plantation\PRAKASAM_IWMP-57_THARLUPADU_p10_i0.jpg,Prakasam,plantation,monitoring_column_3_field_photo
PRAKASAM_IWMP-57_THARLUPADU_p9_i11.jpg,ground_truth,c:\Users\Mohammed\Desktop\actual 26015\abc\ground_truth\Prakasam\water_structure_other\PRAKASAM_IWMP-57_THARLUPADU_p9_i11.jpg,Prakasam,water_structure_other,monitoring_column_3_field_photo
PRAKASAM_IWMP-58_DEVAVARAM_p10_i0.jpg,ground_truth,c:\Users\Mohammed\Desktop\actual 26015\abc\ground_truth\Prakasam\plantation\PRAKASAM_IWMP-58_DEVAVARAM_p10_i0.jpg,Prakasam,plantation,monitoring_column_3_field_photo
PRAKASAM_IWMP-58_DEVAVARAM_p9_i11.jpg,ground_truth,c:\Users\Mohammed\Desktop\actual 26015\abc\ground_truth\Prakasam\check_dam\PRAKASAM_IWMP-58_DEVAVARAM_p9_i11.jpg,Prakasam,check_dam,monitoring_column_3_field_photo
PRAKASAM_IWMP-59_KAMBALAPADU_p10_i11.jpg,ground_truth,c:\Users\Mohammed\Desktop\actual 26015\abc\ground_truth\Prakasam\farm_pond\PRAKASAM_IWMP-59_KAMBALAPADU_p10_i11.jpg,Prakasam,farm_pond,monitoring_column_3_field_photo
PRAKASAM_IWMP-59_KAMBALAPADU_p8_i18.jpg,satellite,c:\Users\Mohammed\Desktop\actual 26015\abc\satellite_images\PRAKASAM_IWMP-59_KAMBALAPADU_p8_i18.jpg,Prakasam,satellite_t0_t1,monitoring_column_1_or_2_satellite
PRAKASAM_IWMP-59_KAMBALAPADU_p9_i11.jpg,ground_truth,c:\Users\Mohammed\Desktop\actual 26015\abc\ground_truth\Prakasam\farm_pond\PRAKASAM_IWMP-59_KAMBALAPADU_p9_i11.jpg,Prakasam,farm_pond,monitoring_column_3_field_photo
PRAKASAM_IWMP-59_KAMBALAPADU_p9_i3.jpg,ground_truth,c:\Users\Mohammed\Desktop\actual 26015\abc\ground_truth\Prakasam\farm_pond\PRAKASAM_IWMP-59_KAMBALAPADU_p9_i3.jpg,Prakasam,farm_pond,monitoring_column_3_field_photo
PRAKASAM_IWMP-60_MOGILICHERLA_p10_i0.jpg,ground_truth,c:\Users\Mohammed\Desktop\actual 26015\abc\ground_truth\Prakasam\farm_pond\PRAKASAM_IWMP-60_MOGILICHERLA_p10_i0.jpg,Prakasam,farm_pond,monitoring_column_3_field_photo
PRAKASAM_IWMP-60_MOGILICHERLA_p10_i11.jpg,ground_truth,c:\Users\Mohammed\Desktop\actual 26015\abc\ground_truth\Prakasam\farm_pond\PRAKASAM_IWMP-60_MOGILICHERLA_p10_i11.jpg,Prakasam,farm_pond,monitoring_column_3_field_photo
PRAKASAM_IWMP-60_MOGILICHERLA_p8_i18.jpg,satellite,c:\Users\Mohammed\Desktop\actual 26015\abc\satellite_images\PRAKASAM_IWMP-60_MOGILICHERLA_p8_i18.jpg,Prakasam,satellite_t0_t1,monitoring_column_1_or_2_satellite
PRAKASAM_IWMP-60_MOGILICHERLA_p9_i11.jpg,ground_truth,c:\Users\Mohammed\Desktop\actual 26015\abc\ground_truth\Prakasam\farm_pond\PRAKASAM_IWMP-60_MOGILICHERLA_p9_i11.jpg,Prakasam,farm_pond,monitoring_column_3_field_photo
PRAKASAM_IWMP-60_MOGILICHERLA_p9_i3.jpg,ground_truth,c:\Users\Mohammed\Desktop\actual 26015\abc\ground_truth\Prakasam\farm_pond\PRAKASAM_IWMP-60_MOGILICHERLA_p9_i3.jpg,Prakasam,farm_pond,monitoring_column_3_field_photo
PRAKASAM_IWMP-62_ELCHURU_p10_i0.jpg,ground_truth,c:\Users\Mohammed\Desktop\actual 26015\abc\ground_truth\Prakasam\farm_pond\PRAKASAM_IWMP-62_ELCHURU_p10_i0.jpg,Prakasam,farm_pond,monitoring_column_3_field_photo
PRAKASAM_IWMP-62_ELCHURU_p9_i11.jpg,ground_truth,c:\Users\Mohammed\Desktop\actual 26015\abc\ground_truth\Prakasam\farm_pond\PRAKASAM_IWMP-62_ELCHURU_p9_i11.jpg,Prakasam,farm_pond,monitoring_column_3_field_photo
PRAKASAM_IWMP-62_ELCHURU_p9_i3.jpg,ground_truth,c:\Users\Mohammed\Desktop\actual 26015\abc\ground_truth\Prakasam\farm_pond\PRAKASAM_IWMP-62_ELCHURU_p9_i3.jpg,Prakasam,farm_pond,monitoring_column_3_field_photo
PRAKASAM_IWMP15_TANGUTUR_p7_i4.jpg,ground_truth,c:\Users\Mohammed\Desktop\actual 26015\abc\ground_truth\Prakasam\check_dam\PRAKASAM_IWMP15_TANGUTUR_p7_i4.jpg,Prakasam,check_dam,page_water_structure_keywords
PRAKASAM_IWMP15_TANGUTUR_p8_i3.jpg,ground_truth,c:\Users\Mohammed\Desktop\actual 26015\abc\ground_truth\Prakasam\plantation\PRAKASAM_IWMP15_TANGUTUR_p8_i3.jpg,Prakasam,plantation,monitoring_column_3_field_photo
PRAKASAM_IWMP15_TANGUTUR_p9_i0.jpg,ground_truth,c:\Users\Mohammed\Desktop\actual 26015\abc\ground_truth\Prakasam\water_structure_other\PRAKASAM_IWMP15_TANGUTUR_p9_i0.jpg,Prakasam,water_structure_other,monitoring_column_3_field_photo
PRAKASAM_IWMP15_TANGUTUR_p9_i9.jpg,ground_truth,c:\Users\Mohammed\Desktop\actual 26015\abc\ground_truth\Prakasam\plantation\PRAKASAM_IWMP15_TANGUTUR_p9_i9.jpg,Prakasam,plantation,monitoring_column_3_field_photo
PRAKASAM_IWMP16_-GANGAVARAM_p19_i3.jpg,satellite,c:\Users\Mohammed\Desktop\actual 26015\abc\satellite_images\PRAKASAM_IWMP16_-GANGAVARAM_p19_i3.jpg,Prakasam,satellite_lulc,lulc_page_pre_post_treatment
PRAKASAM_IWMP16_-GANGAVARAM_p7_i11.jpg,ground_truth,c:\Users\Mohammed\Desktop\actual 26015\abc\ground_truth\Prakasam\check_dam\PRAKASAM_IWMP16_-GANGAVARAM_p7_i11.jpg,Prakasam,check_dam,monitoring_column_3_field_photo
PRAKASAM_IWMP16_-GANGAVARAM_p7_i3.jpg,ground_truth,c:\Users\Mohammed\Desktop\actual 26015\abc\ground_truth\Prakasam\check_dam\PRAKASAM_IWMP16_-GANGAVARAM_p7_i3.jpg,Prakasam,check_dam,monitoring_column_3_field_photo
PRAKASAM_IWMP17_VEERARAGHAVUNIK_p7_i11.jpg,ground_truth,c:\Users\Mohammed\Desktop\actual 26015\abc\ground_truth\Prakasam\farm_pond\PRAKASAM_IWMP17_VEERARAGHAVUNIK_p7_i11.jpg,Prakasam,farm_pond,monitoring_column_3_field_photo
PRAKASAM_IWMP17_VEERARAGHAVUNIK_p8_i0.jpg,ground_truth,c:\Users\Mohammed\Desktop\actual 26015\abc\ground_truth\Prakasam\farm_pond\PRAKASAM_IWMP17_VEERARAGHAVUNIK_p8_i0.jpg,Prakasam,farm_pond,monitoring_column_3_field_photo
PRAKASAM_IWMP17_VEERARAGHAVUNIK_p8_i9.jpg,ground_truth,c:\Users\Mohammed\Desktop\actual 26015\abc\ground_truth\Prakasam\farm_pond\PRAKASAM_IWMP17_VEERARAGHAVUNIK_p8_i9.jpg,Prakasam,farm_pond,monitoring_column_3_field_photo
PRAKASAM_IWMP18_SAKAVARAM_p18_i0.jpg,satellite,c:\Users\Mohammed\Desktop\actual 26015\abc\satellite_images\PRAKASAM_IWMP18_SAKAVARAM_p18_i0.jpg,Prakasam,satellite_lulc,lulc_page_pre_post_treatment
PRAKASAM_IWMP18_SAKAVARAM_p7_i11.jpg,ground_truth,c:\Users\Mohammed\Desktop\actual 26015\abc\ground_truth\Prakasam\plantation\PRAKASAM_IWMP18_SAKAVARAM_p7_i11.jpg,Prakasam,plantation,monitoring_column_3_field_photo
PRAKASAM_IWMP19_-KARAVADI_p8_i0.jpg,ground_truth,c:\Users\Mohammed\Desktop\actual 26015\abc\ground_truth\Prakasam\water_structure_other\PRAKASAM_IWMP19_-KARAVADI_p8_i0.jpg,Prakasam,water_structure_other,monitoring_column_3_field_photo
PRAKASAM_IWMP19_-KARAVADI_p9_i4.jpg,ground_truth,c:\Users\Mohammed\Desktop\actual 26015\abc\ground_truth\Prakasam\farm_pond\PRAKASAM_IWMP19_-KARAVADI_p9_i4.jpg,Prakasam,farm_pond,page_water_structure_keywords
PRAKASAM_IWMP20_CUMBUMPADU_p19_i0.jpg,satellite,c:\Users\Mohammed\Desktop\actual 26015\abc\satellite_images\PRAKASAM_IWMP20_CUMBUMPADU_p19_i0.jpg,Prakasam,satellite_lulc,lulc_page_pre_post_treatment
PRAKASAM_IWMP20_CUMBUMPADU_p19_i1.jpg,satellite,c:\Users\Mohammed\Desktop\actual 26015\abc\satellite_images\PRAKASAM_IWMP20_CUMBUMPADU_p19_i1.jpg,Prakasam,satellite_lulc,lulc_page_pre_post_treatment
PRAKASAM_IWMP20_CUMBUMPADU_p19_i3.jpg,satellite,c:\Users\Mohammed\Desktop\actual 26015\abc\satellite_images\PRAKASAM_IWMP20_CUMBUMPADU_p19_i3.jpg,Prakasam,satellite_lulc,lulc_page_pre_post_treatment
PRAKASAM_IWMP20_CUMBUMPADU_p7_i11.jpg,ground_truth,c:\Users\Mohammed\Desktop\actual 26015\abc\ground_truth\Prakasam\farm_pond\PRAKASAM_IWMP20_CUMBUMPADU_p7_i11.jpg,Prakasam,farm_pond,monitoring_column_3_field_photo
PRAKASAM_IWMP20_CUMBUMPADU_p7_i3.jpg,ground_truth,c:\Users\Mohammed\Desktop\actual 26015\abc\ground_truth\Prakasam\farm_pond\PRAKASAM_IWMP20_CUMBUMPADU_p7_i3.jpg,Prakasam,farm_pond,monitoring_column_3_field_photo
PRAKASAM_IWMP20_CUMBUMPADU_p8_i9.jpg,ground_truth,c:\Users\Mohammed\Desktop\actual 26015\abc\ground_truth\Prakasam\farm_pond\PRAKASAM_IWMP20_CUMBUMPADU_p8_i9.jpg,Prakasam,farm_pond,monitoring_column_3_field_photo
PRAKASAM_IWMP20_CUMBUMPADU_p9_i4.jpg,satellite,c:\Users\Mohammed\Desktop\actual 26015\abc\satellite_images\PRAKASAM_IWMP20_CUMBUMPADU_p9_i4.jpg,Prakasam,satellite_other,no_monitoring_context
PRAKASAM_IWMP21_B.-MACHAVARAM_p7_i11.jpg,ground_truth,c:\Users\Mohammed\Desktop\actual 26015\abc\ground_truth\Prakasam\check_dam\PRAKASAM_IWMP21_B.-MACHAVARAM_p7_i11.jpg,Prakasam,check_dam,monitoring_column_3_field_photo
PRAKASAM_IWMP21_B.-MACHAVARAM_p7_i3.jpg,ground_truth,c:\Users\Mohammed\Desktop\actual 26015\abc\ground_truth\Prakasam\check_dam\PRAKASAM_IWMP21_B.-MACHAVARAM_p7_i3.jpg,Prakasam,check_dam,monitoring_column_3_field_photo
PRAKASAM_IWMP21_B.-MACHAVARAM_p8_i0.jpg,ground_truth,c:\Users\Mohammed\Desktop\actual 26015\abc\ground_truth\Prakasam\check_dam\PRAKASAM_IWMP21_B.-MACHAVARAM_p8_i0.jpg,Prakasam,check_dam,monitoring_column_3_field_photo
PRAKASAM_IWMP22_MANGALIKUNTA_p19_i0.jpg,satellite,c:\Users\Mohammed\Desktop\actual 26015\abc\satellite_images\PRAKASAM_IWMP22_MANGALIKUNTA_p19_i0.jpg,Prakasam,satellite_lulc,lulc_page_pre_post_treatment
PRAKASAM_IWMP22_MANGALIKUNTA_p19_i1.jpg,satellite,c:\Users\Mohammed\Desktop\actual 26015\abc\satellite_images\PRAKASAM_IWMP22_MANGALIKUNTA_p19_i1.jpg,Prakasam,satellite_lulc,lulc_page_pre_post_treatment
PRAKASAM_IWMP22_MANGALIKUNTA_p7_i11.jpg,ground_truth,c:\Users\Mohammed\Desktop\actual 26015\abc\ground_truth\Prakasam\check_dam\PRAKASAM_IWMP22_MANGALIKUNTA_p7_i11.jpg,Prakasam,check_dam,monitoring_column_3_field_photo
PRAKASAM_IWMP22_MANGALIKUNTA_p8_i9.jpg,ground_truth,c:\Users\Mohammed\Desktop\actual 26015\abc\ground_truth\Prakasam\water_structure_other\PRAKASAM_IWMP22_MANGALIKUNTA_p8_i9.jpg,Prakasam,water_structure_other,monitoring_column_3_field_photo
PRAKASAM_IWMP22_MANGALIKUNTA_p9_i4.jpg,ground_truth,c:\Users\Mohammed\Desktop\actual 26015\abc\ground_truth\Prakasam\farm_pond\PRAKASAM_IWMP22_MANGALIKUNTA_p9_i4.jpg,Prakasam,farm_pond,page_water_structure_keywords
PRAKASAM_IWMP23_-TALAKONDAPADU_p18_i2.jpg,satellite,c:\Users\Mohammed\Desktop\actual 26015\abc\satellite_images\PRAKASAM_IWMP23_-TALAKONDAPADU_p18_i2.jpg,Prakasam,satellite_lulc,lulc_page_pre_post_treatment
PRAKASAM_IWMP23_-TALAKONDAPADU_p19_i2.jpg,satellite,c:\Users\Mohammed\Desktop\actual 26015\abc\satellite_images\PRAKASAM_IWMP23_-TALAKONDAPADU_p19_i2.jpg,Prakasam,satellite_lulc,lulc_page_pre_post_treatment
PRAKASAM_IWMP23_-TALAKONDAPADU_p7_i11.jpg,ground_truth,c:\Users\Mohammed\Desktop\actual 26015\abc\ground_truth\Prakasam\check_dam\PRAKASAM_IWMP23_-TALAKONDAPADU_p7_i11.jpg,Prakasam,check_dam,monitoring_column_3_field_photo
PRAKASAM_IWMP23_-TALAKONDAPADU_p7_i3.jpg,ground_truth,c:\Users\Mohammed\Desktop\actual 26015\abc\ground_truth\Prakasam\check_dam\PRAKASAM_IWMP23_-TALAKONDAPADU_p7_i3.jpg,Prakasam,check_dam,monitoring_column_3_field_photo
PRAKASAM_IWMP23_-TALAKONDAPADU_p8_i11.jpg,ground_truth,c:\Users\Mohammed\Desktop\actual 26015\abc\ground_truth\Prakasam\farm_pond\PRAKASAM_IWMP23_-TALAKONDAPADU_p8_i11.jpg,Prakasam,farm_pond,monitoring_column_3_field_photo
PRAKASAM_IWMP24_BHUPATHIPALLI_p17_i2.jpg,satellite,c:\Users\Mohammed\Desktop\actual 26015\abc\satellite_images\PRAKASAM_IWMP24_BHUPATHIPALLI_p17_i2.jpg,Prakasam,satellite_lulc,lulc_page_pre_post_treatment
PRAKASAM_IWMP24_BHUPATHIPALLI_p18_i2.jpg,satellite,c:\Users\Mohammed\Desktop\actual 26015\abc\satellite_images\PRAKASAM_IWMP24_BHUPATHIPALLI_p18_i2.jpg,Prakasam,satellite_lulc,lulc_page_pre_post_treatment
PRAKASAM_IWMP24_BHUPATHIPALLI_p7_i11.jpg,ground_truth,c:\Users\Mohammed\Desktop\actual 26015\abc\ground_truth\Prakasam\check_dam\PRAKASAM_IWMP24_BHUPATHIPALLI_p7_i11.jpg,Prakasam,check_dam,monitoring_column_3_field_photo
PRAKASAM_IWMP24_BHUPATHIPALLI_p7_i3.jpg,ground_truth,c:\Users\Mohammed\Desktop\actual 26015\abc\ground_truth\Prakasam\check_dam\PRAKASAM_IWMP24_BHUPATHIPALLI_p7_i3.jpg,Prakasam,check_dam,monitoring_column_3_field_photo
PRAKASAM_IWMP24_BHUPATHIPALLI_p8_i0.jpg,ground_truth,c:\Users\Mohammed\Desktop\actual 26015\abc\ground_truth\Prakasam\water_structure_other\PRAKASAM_IWMP24_BHUPATHIPALLI_p8_i0.jpg,Prakasam,water_structure_other,monitoring_column_3_field_photo
PRAKASAM_IWMP24_BHUPATHIPALLI_p8_i11.jpg,ground_truth,c:\Users\Mohammed\Desktop\actual 26015\abc\ground_truth\Prakasam\water_structure_other\PRAKASAM_IWMP24_BHUPATHIPALLI_p8_i11.jpg,Prakasam,water_structure_other,monitoring_column_3_field_photo
PRAKASAM_IWMP25_POTHAKAMURU_p7_i11.jpg,ground_truth,c:\Users\Mohammed\Desktop\actual 26015\abc\ground_truth\Prakasam\check_dam\PRAKASAM_IWMP25_POTHAKAMURU_p7_i11.jpg,Prakasam,check_dam,monitoring_column_3_field_photo
PRAKASAM_IWMP25_POTHAKAMURU_p7_i3.jpg,ground_truth,c:\Users\Mohammed\Desktop\actual 26015\abc\ground_truth\Prakasam\check_dam\PRAKASAM_IWMP25_POTHAKAMURU_p7_i3.jpg,Prakasam,check_dam,monitoring_column_3_field_photo
PRAKASAM_IWMP25_POTHAKAMURU_p8_i0.jpg,ground_truth,c:\Users\Mohammed\Desktop\actual 26015\abc\ground_truth\Prakasam\farm_pond\PRAKASAM_IWMP25_POTHAKAMURU_p8_i0.jpg,Prakasam,farm_pond,monitoring_column_3_field_photo
PRAKASAM_IWMP25_POTHAKAMURU_p8_i11.jpg,ground_truth,c:\Users\Mohammed\Desktop\actual 26015\abc\ground_truth\Prakasam\check_dam\PRAKASAM_IWMP25_POTHAKAMURU_p8_i11.jpg,Prakasam,check_dam,monitoring_column_3_field_photo
PRAKASAM_IWMP26_KANKANALAPALLI_p7_i11.jpg,ground_truth,c:\Users\Mohammed\Desktop\actual 26015\abc\ground_truth\Prakasam\farm_pond\PRAKASAM_IWMP26_KANKANALAPALLI_p7_i11.jpg,Prakasam,farm_pond,monitoring_column_3_field_photo
PRAKASAM_IWMP26_KANKANALAPALLI_p7_i3.jpg,ground_truth,c:\Users\Mohammed\Desktop\actual 26015\abc\ground_truth\Prakasam\farm_pond\PRAKASAM_IWMP26_KANKANALAPALLI_p7_i3.jpg,Prakasam,farm_pond,monitoring_column_3_field_photo
PRAKASAM_IWMP26_KANKANALAPALLI_p8_i11.jpg,ground_truth,c:\Users\Mohammed\Desktop\actual 26015\abc\ground_truth\Prakasam\farm_pond\PRAKASAM_IWMP26_KANKANALAPALLI_p8_i11.jpg,Prakasam,farm_pond,monitoring_column_3_field_photo
PRAKASAM_IWMP27_-KAKARLA_p7_i11.jpg,ground_truth,c:\Users\Mohammed\Desktop\actual 26015\abc\ground_truth\Prakasam\farm_pond\PRAKASAM_IWMP27_-KAKARLA_p7_i11.jpg,Prakasam,farm_pond,monitoring_column_3_field_photo
PRAKASAM_IWMP27_-KAKARLA_p7_i3.jpg,ground_truth,c:\Users\Mohammed\Desktop\actual 26015\abc\ground_truth\Prakasam\farm_pond\PRAKASAM_IWMP27_-KAKARLA_p7_i3.jpg,Prakasam,farm_pond,monitoring_column_3_field_photo
PRAKASAM_IWMP27_-KAKARLA_p8_i0.jpg,ground_truth,c:\Users\Mohammed\Desktop\actual 26015\abc\ground_truth\Prakasam\farm_pond\PRAKASAM_IWMP27_-KAKARLA_p8_i0.jpg,Prakasam,farm_pond,monitoring_column_3_field_photo
PRAKASAM_IWMP27_-KAKARLA_p9_i4.jpg,ground_truth,c:\Users\Mohammed\Desktop\actual 26015\abc\ground_truth\Prakasam\farm_pond\PRAKASAM_IWMP27_-KAKARLA_p9_i4.jpg,Prakasam,farm_pond,page_water_structure_keywords
PRAKASAM_IWMP28_KONANKI_p8_i0.jpg,ground_truth,c:\Users\Mohammed\Desktop\actual 26015\abc\ground_truth\Prakasam\plantation\PRAKASAM_IWMP28_KONANKI_p8_i0.jpg,Prakasam,plantation,monitoring_column_3_field_photo
PRAKASAM_IWMP28_KONANKI_p8_i11.jpg,ground_truth,c:\Users\Mohammed\Desktop\actual 26015\abc\ground_truth\Prakasam\plantation\PRAKASAM_IWMP28_KONANKI_p8_i11.jpg,Prakasam,plantation,monitoring_column_3_field_photo
PRAKASAM_IWMP29_KONDAMURU_p7_i3.jpg,ground_truth,c:\Users\Mohammed\Desktop\actual 26015\abc\ground_truth\Prakasam\farm_pond\PRAKASAM_IWMP29_KONDAMURU_p7_i3.jpg,Prakasam,farm_pond,monitoring_column_3_field_photo
PRAKASAM_IWMP29_KONDAMURU_p8_i0.jpg,ground_truth,c:\Users\Mohammed\Desktop\actual 26015\abc\ground_truth\Prakasam\farm_pond\PRAKASAM_IWMP29_KONDAMURU_p8_i0.jpg,Prakasam,farm_pond,monitoring_column_3_field_photo
PRAKASAM_IWMP30_CHINNA-KUMBUM_p7_i11.jpg,ground_truth,c:\Users\Mohammed\Desktop\actual 26015\abc\ground_truth\Prakasam\gabion_structure\PRAKASAM_IWMP30_CHINNA-KUMBUM_p7_i11.jpg,Prakasam,gabion_structure,monitoring_column_3_field_photo
PRAKASAM_IWMP30_CHINNA-KUMBUM_p7_i3.jpg,ground_truth,c:\Users\Mohammed\Desktop\actual 26015\abc\ground_truth\Prakasam\percolation_tank\PRAKASAM_IWMP30_CHINNA-KUMBUM_p7_i3.jpg,Prakasam,percolation_tank,monitoring_column_3_field_photo
PRAKASAM_IWMP31_-NELATUR_p7_i3.jpg,ground_truth,c:\Users\Mohammed\Desktop\actual 26015\abc\ground_truth\Prakasam\percolation_tank\PRAKASAM_IWMP31_-NELATUR_p7_i3.jpg,Prakasam,percolation_tank,monitoring_column_3_field_photo
PRAKASAM_IWMP31_-NELATUR_p8_i0.jpg,ground_truth,c:\Users\Mohammed\Desktop\actual 26015\abc\ground_truth\Prakasam\plantation\PRAKASAM_IWMP31_-NELATUR_p8_i0.jpg,Prakasam,plantation,monitoring_column_3_field_photo
PRAKASAM_IWMP31_-NELATUR_p8_i11.jpg,ground_truth,c:\Users\Mohammed\Desktop\actual 26015\abc\ground_truth\Prakasam\plantation\PRAKASAM_IWMP31_-NELATUR_p8_i11.jpg,Prakasam,plantation,monitoring_column_3_field_photo
PRAKASAM_IWMP32_-RACHERLA_p7_i3.jpg,ground_truth,c:\Users\Mohammed\Desktop\actual 26015\abc\ground_truth\Prakasam\check_dam\PRAKASAM_IWMP32_-RACHERLA_p7_i3.jpg,Prakasam,check_dam,monitoring_column_3_field_photo
PRAKASAM_IWMP32_-RACHERLA_p8_i0.jpg,ground_truth,c:\Users\Mohammed\Desktop\actual 26015\abc\ground_truth\Prakasam\water_structure_other\PRAKASAM_IWMP32_-RACHERLA_p8_i0.jpg,Prakasam,water_structure_other,monitoring_column_3_field_photo
PRAKASAM_IWMP32_-RACHERLA_p8_i9.jpg,ground_truth,c:\Users\Mohammed\Desktop\actual 26015\abc\ground_truth\Prakasam\percolation_tank\PRAKASAM_IWMP32_-RACHERLA_p8_i9.jpg,Prakasam,percolation_tank,monitoring_column_3_field_photo
PRAKASAM_IWMP49_KOTAPADU_p8_i11.jpg,ground_truth,c:\Users\Mohammed\Desktop\actual 26015\abc\ground_truth\Prakasam\percolation_tank\PRAKASAM_IWMP49_KOTAPADU_p8_i11.jpg,Prakasam,percolation_tank,monitoring_column_3_field_photo
PRAKASAM_IWMP49_KOTAPADU_p8_i3.jpg,ground_truth,c:\Users\Mohammed\Desktop\actual 26015\abc\ground_truth\Prakasam\percolation_tank\PRAKASAM_IWMP49_KOTAPADU_p8_i3.jpg,Prakasam,percolation_tank,monitoring_column_3_field_photo
PRAKASAM_IWMP49_KOTAPADU_p9_i9.jpg,ground_truth,c:\Users\Mohammed\Desktop\actual 26015\abc\ground_truth\Prakasam\farm_pond\PRAKASAM_IWMP49_KOTAPADU_p9_i9.jpg,Prakasam,farm_pond,monitoring_column_3_field_photo
PRAKASAM_IWMP50_DYVALARAVURU_p8_i3.jpg,ground_truth,c:\Users\Mohammed\Desktop\actual 26015\abc\ground_truth\Prakasam\farm_pond\PRAKASAM_IWMP50_DYVALARAVURU_p8_i3.jpg,Prakasam,farm_pond,monitoring_column_3_field_photo
PRAKASAM_IWMP51_CHANDRAPADU_p8_i11.jpg,ground_truth,c:\Users\Mohammed\Desktop\actual 26015\abc\ground_truth\Prakasam\check_dam\PRAKASAM_IWMP51_CHANDRAPADU_p8_i11.jpg,Prakasam,check_dam,monitoring_column_3_field_photo
PRAKASAM_IWMP51_CHANDRAPADU_p8_i3.jpg,ground_truth,c:\Users\Mohammed\Desktop\actual 26015\abc\ground_truth\Prakasam\check_dam\PRAKASAM_IWMP51_CHANDRAPADU_p8_i3.jpg,Prakasam,check_dam,monitoring_column_3_field_photo
PRAKASAM_IWMP51_CHANDRAPADU_p9_i0.jpg,ground_truth,c:\Users\Mohammed\Desktop\actual 26015\abc\ground_truth\Prakasam\check_dam\PRAKASAM_IWMP51_CHANDRAPADU_p9_i0.jpg,Prakasam,check_dam,monitoring_column_3_field_photo
PRAKASAM_IWMP51_CHANDRAPADU_p9_i9.jpg,ground_truth,c:\Users\Mohammed\Desktop\actual 26015\abc\ground_truth\Prakasam\check_dam\PRAKASAM_IWMP51_CHANDRAPADU_p9_i9.jpg,Prakasam,check_dam,monitoring_column_3_field_photo
PRAKASAM_IWMP52_NALLAGUNTA_p8_i11.jpg,ground_truth,c:\Users\Mohammed\Desktop\actual 26015\abc\ground_truth\Prakasam\farm_pond\PRAKASAM_IWMP52_NALLAGUNTA_p8_i11.jpg,Prakasam,farm_pond,monitoring_column_3_field_photo
PRAKASAM_IWMP52_NALLAGUNTA_p8_i3.jpg,ground_truth,c:\Users\Mohammed\Desktop\actual 26015\abc\ground_truth\Prakasam\farm_pond\PRAKASAM_IWMP52_NALLAGUNTA_p8_i3.jpg,Prakasam,farm_pond,monitoring_column_3_field_photo
PRAKASAM_IWMP52_NALLAGUNTA_p9_i9.jpg,ground_truth,c:\Users\Mohammed\Desktop\actual 26015\abc\ground_truth\Prakasam\farm_pond\PRAKASAM_IWMP52_NALLAGUNTA_p9_i9.jpg,Prakasam,farm_pond,monitoring_column_3_field_photo
SRIKAKULAM-IWMP-01-KALLADA_p10_i0.jpg,ground_truth,c:\Users\Mohammed\Desktop\actual 26015\abc\ground_truth\Srikakulam\percolation_tank\SRIKAKULAM-IWMP-01-KALLADA_p10_i0.jpg,Srikakulam,percolation_tank,monitoring_column_3_field_photo
SRIKAKULAM-IWMP-01-KALLADA_p10_i9.jpg,ground_truth,c:\Users\Mohammed\Desktop\actual 26015\abc\ground_truth\Srikakulam\percolation_tank\SRIKAKULAM-IWMP-01-KALLADA_p10_i9.jpg,Srikakulam,percolation_tank,monitoring_column_3_field_photo
SRIKAKULAM-IWMP-01-KALLADA_p9_i13.jpg,ground_truth,c:\Users\Mohammed\Desktop\actual 26015\abc\ground_truth\Srikakulam\farm_pond\SRIKAKULAM-IWMP-01-KALLADA_p9_i13.jpg,Srikakulam,farm_pond,monitoring_column_3_field_photo
SRIKAKULAM-IWMP-01-KALLADA_p9_i5.jpg,ground_truth,c:\Users\Mohammed\Desktop\actual 26015\abc\ground_truth\Srikakulam\farm_pond\SRIKAKULAM-IWMP-01-KALLADA_p9_i5.jpg,Srikakulam,farm_pond,monitoring_column_3_field_photo
SRIKAKULAM-IWMP-02-LAVERU_p7_i13.jpg,ground_truth,c:\Users\Mohammed\Desktop\actual 26015\abc\ground_truth\Srikakulam\check_dam\SRIKAKULAM-IWMP-02-LAVERU_p7_i13.jpg,Srikakulam,check_dam,monitoring_column_3_field_photo
SRIKAKULAM-IWMP-02-LAVERU_p7_i5.jpg,ground_truth,c:\Users\Mohammed\Desktop\actual 26015\abc\ground_truth\Srikakulam\check_dam\SRIKAKULAM-IWMP-02-LAVERU_p7_i5.jpg,Srikakulam,check_dam,monitoring_column_3_field_photo
SRIKAKULAM-IWMP-02-LAVERU_p8_i0.jpg,ground_truth,c:\Users\Mohammed\Desktop\actual 26015\abc\ground_truth\Srikakulam\farm_pond\SRIKAKULAM-IWMP-02-LAVERU_p8_i0.jpg,Srikakulam,farm_pond,monitoring_column_3_field_photo
SRIKAKULAM-IWMP-03-KONDALOGAM_p10_i13.jpg,ground_truth,c:\Users\Mohammed\Desktop\actual 26015\abc\ground_truth\Srikakulam\check_dam\SRIKAKULAM-IWMP-03-KONDALOGAM_p10_i13.jpg,Srikakulam,check_dam,monitoring_column_3_field_photo
SRIKAKULAM-IWMP-03-KONDALOGAM_p11_i0.jpg,ground_truth,c:\Users\Mohammed\Desktop\actual 26015\abc\ground_truth\Srikakulam\farm_pond\SRIKAKULAM-IWMP-03-KONDALOGAM_p11_i0.jpg,Srikakulam,farm_pond,monitoring_column_3_field_photo
SRIKAKULAM-IWMP-03-KONDALOGAM_p11_i9.jpg,ground_truth,c:\Users\Mohammed\Desktop\actual 26015\abc\ground_truth\Srikakulam\farm_pond\SRIKAKULAM-IWMP-03-KONDALOGAM_p11_i9.jpg,Srikakulam,farm_pond,monitoring_column_3_field_photo
SRIKAKULAM-IWMP-03-KONDALOGAM_p12_i9.jpg,ground_truth,c:\Users\Mohammed\Desktop\actual 26015\abc\ground_truth\Srikakulam\farm_pond\SRIKAKULAM-IWMP-03-KONDALOGAM_p12_i9.jpg,Srikakulam,farm_pond,monitoring_column_3_field_photo
SRIKAKULAM-IWMP-04-J.L.KOTA__p11_i13.jpg,ground_truth,c:\Users\Mohammed\Desktop\actual 26015\abc\ground_truth\Srikakulam\check_dam\SRIKAKULAM-IWMP-04-J.L.KOTA__p11_i13.jpg,Srikakulam,check_dam,monitoring_column_3_field_photo
SRIKAKULAM-IWMP-04-J.L.KOTA__p11_i5.jpg,ground_truth,c:\Users\Mohammed\Desktop\actual 26015\abc\ground_truth\Srikakulam\check_dam\SRIKAKULAM-IWMP-04-J.L.KOTA__p11_i5.jpg,Srikakulam,check_dam,monitoring_column_3_field_photo
SRIKAKULAM-IWMP-04-J.L.KOTA__p12_i0.jpg,ground_truth,c:\Users\Mohammed\Desktop\actual 26015\abc\ground_truth\Srikakulam\farm_pond\SRIKAKULAM-IWMP-04-J.L.KOTA__p12_i0.jpg,Srikakulam,farm_pond,monitoring_column_3_field_photo
SRIKAKULAM-IWMP-04-J.L.KOTA__p12_i9.jpg,ground_truth,c:\Users\Mohammed\Desktop\actual 26015\abc\ground_truth\Srikakulam\farm_pond\SRIKAKULAM-IWMP-04-J.L.KOTA__p12_i9.jpg,Srikakulam,farm_pond,monitoring_column_3_field_photo
SRIKAKULAM_IWMP-05_KONDAVOGUR_p7_i5.jpg,ground_truth,c:\Users\Mohammed\Desktop\actual 26015\abc\ground_truth\Srikakulam\farm_pond\SRIKAKULAM_IWMP-05_KONDAVOGUR_p7_i5.jpg,Srikakulam,farm_pond,monitoring_column_3_field_photo
SRIKAKULAM_IWMP-05_KONDAVOGUR_p8_i0.jpg,ground_truth,c:\Users\Mohammed\Desktop\actual 26015\abc\ground_truth\Srikakulam\farm_pond\SRIKAKULAM_IWMP-05_KONDAVOGUR_p8_i0.jpg,Srikakulam,farm_pond,monitoring_column_3_field_photo
SRIKAKULAM_IWMP-06_MUDDADA_p7_i5.jpg,ground_truth,c:\Users\Mohammed\Desktop\actual 26015\abc\ground_truth\Srikakulam\farm_pond\SRIKAKULAM_IWMP-06_MUDDADA_p7_i5.jpg,Srikakulam,farm_pond,monitoring_column_3_field_photo
SRIKAKULAM_IWMP-06_MUDDADA_p8_i0.jpg,ground_truth,c:\Users\Mohammed\Desktop\actual 26015\abc\ground_truth\Srikakulam\farm_pond\SRIKAKULAM_IWMP-06_MUDDADA_p8_i0.jpg,Srikakulam,farm_pond,monitoring_column_3_field_photo
SRIKAKULAM_IWMP-07_BIRLANGI_p7_i13.jpg,ground_truth,c:\Users\Mohammed\Desktop\actual 26015\abc\ground_truth\Srikakulam\plantation\SRIKAKULAM_IWMP-07_BIRLANGI_p7_i13.jpg,Srikakulam,plantation,monitoring_column_3_field_photo
SRIKAKULAM_IWMP-07_BIRLANGI_p8_i9.jpg,ground_truth,c:\Users\Mohammed\Desktop\actual 26015\abc\ground_truth\Srikakulam\farm_pond\SRIKAKULAM_IWMP-07_BIRLANGI_p8_i9.jpg,Srikakulam,farm_pond,monitoring_column_3_field_photo
SRIKAKULAM_IWMP-08_-SANCHAM_p7_i3.jpg,ground_truth,c:\Users\Mohammed\Desktop\actual 26015\abc\ground_truth\Srikakulam\farm_pond\SRIKAKULAM_IWMP-08_-SANCHAM_p7_i3.jpg,Srikakulam,farm_pond,monitoring_column_3_field_photo
SRIKAKULAM_IWMP-08_-SANCHAM_p8_i0.jpg,ground_truth,c:\Users\Mohammed\Desktop\actual 26015\abc\ground_truth\Srikakulam\percolation_tank\SRIKAKULAM_IWMP-08_-SANCHAM_p8_i0.jpg,Srikakulam,percolation_tank,monitoring_column_3_field_photo
SRIKAKULAM_IWMP-09_PALAVALASA_p7_i3.jpg,ground_truth,c:\Users\Mohammed\Desktop\actual 26015\abc\ground_truth\Srikakulam\farm_pond\SRIKAKULAM_IWMP-09_PALAVALASA_p7_i3.jpg,Srikakulam,farm_pond,monitoring_column_3_field_photo
SRIKAKULAM_IWMP-09_PALAVALASA_p8_i0.jpg,ground_truth,c:\Users\Mohammed\Desktop\actual 26015\abc\ground_truth\Srikakulam\farm_pond\SRIKAKULAM_IWMP-09_PALAVALASA_p8_i0.jpg,Srikakulam,farm_pond,monitoring_column_3_field_photo
SRIKAKULAM_IWMP-10_AMBUGAM_p8_i13.jpg,ground_truth,c:\Users\Mohammed\Desktop\actual 26015\abc\ground_truth\Srikakulam\check_dam\SRIKAKULAM_IWMP-10_AMBUGAM_p8_i13.jpg,Srikakulam,check_dam,monitoring_column_3_field_photo
SRIKAKULAM_IWMP-10_AMBUGAM_p8_i6.jpg,ground_truth,c:\Users\Mohammed\Desktop\actual 26015\abc\ground_truth\Srikakulam\check_dam\SRIKAKULAM_IWMP-10_AMBUGAM_p8_i6.jpg,Srikakulam,check_dam,monitoring_column_3_field_photo
SRIKAKULAM_IWMP-10_AMBUGAM_p9_i9.jpg,ground_truth,c:\Users\Mohammed\Desktop\actual 26015\abc\ground_truth\Srikakulam\check_dam\SRIKAKULAM_IWMP-10_AMBUGAM_p9_i9.jpg,Srikakulam,check_dam,monitoring_column_3_field_photo
SRIKAKULAM_IWMP-11_TARLAKOTA_p8_i13.jpg,ground_truth,c:\Users\Mohammed\Desktop\actual 26015\abc\ground_truth\Srikakulam\farm_pond\SRIKAKULAM_IWMP-11_TARLAKOTA_p8_i13.jpg,Srikakulam,farm_pond,monitoring_column_3_field_photo
SRIKAKULAM_IWMP-11_TARLAKOTA_p9_i0.jpg,ground_truth,c:\Users\Mohammed\Desktop\actual 26015\abc\ground_truth\Srikakulam\farm_pond\SRIKAKULAM_IWMP-11_TARLAKOTA_p9_i0.jpg,Srikakulam,farm_pond,monitoring_column_3_field_photo
SRIKAKULAM_IWMP-11_TARLAKOTA_p9_i9.jpg,ground_truth,c:\Users\Mohammed\Desktop\actual 26015\abc\ground_truth\Srikakulam\farm_pond\SRIKAKULAM_IWMP-11_TARLAKOTA_p9_i9.jpg,Srikakulam,farm_pond,monitoring_column_3_field_photo
SRIKAKULAM_IWMP-12_ADDANGI_p10_i9.jpg,ground_truth,c:\Users\Mohammed\Desktop\actual 26015\abc\ground_truth\Srikakulam\farm_pond\SRIKAKULAM_IWMP-12_ADDANGI_p10_i9.jpg,Srikakulam,farm_pond,monitoring_column_3_field_photo
SRIKAKULAM_IWMP-12_ADDANGI_p8_i10.jpg,satellite,c:\Users\Mohammed\Desktop\actual 26015\abc\satellite_images\SRIKAKULAM_IWMP-12_ADDANGI_p8_i10.jpg,Srikakulam,satellite_t0_t1,monitoring_column_1_or_2_satellite
SRIKAKULAM_IWMP-13_MANDA_p8_i4.jpg,satellite,c:\Users\Mohammed\Desktop\actual 26015\abc\satellite_images\SRIKAKULAM_IWMP-13_MANDA_p8_i4.jpg,Srikakulam,satellite_t0_t1,monitoring_column_1_or_2_satellite
SRIKAKULAM_IWMP-13_MANDA_p9_i0.jpg,ground_truth,c:\Users\Mohammed\Desktop\actual 26015\abc\ground_truth\Srikakulam\percolation_tank\SRIKAKULAM_IWMP-13_MANDA_p9_i0.jpg,Srikakulam,percolation_tank,monitoring_column_3_field_photo
SRIKAKULAM_IWMP-13_MANDA_p9_i9.jpg,ground_truth,c:\Users\Mohammed\Desktop\actual 26015\abc\ground_truth\Srikakulam\percolation_tank\SRIKAKULAM_IWMP-13_MANDA_p9_i9.jpg,Srikakulam,percolation_tank,monitoring_column_3_field_photo
SRIKAKULAM_IWMP-14_JODURU_p10_i13.jpg,ground_truth,c:\Users\Mohammed\Desktop\actual 26015\abc\ground_truth\Srikakulam\percolation_tank\SRIKAKULAM_IWMP-14_JODURU_p10_i13.jpg,Srikakulam,percolation_tank,monitoring_column_3_field_photo
SRIKAKULAM_IWMP-14_JODURU_p10_i5.jpg,ground_truth,c:\Users\Mohammed\Desktop\actual 26015\abc\ground_truth\Srikakulam\percolation_tank\SRIKAKULAM_IWMP-14_JODURU_p10_i5.jpg,Srikakulam,percolation_tank,monitoring_column_3_field_photo
SRIKAKULAM_IWMP-14_JODURU_p8_i18.jpg,ground_truth,c:\Users\Mohammed\Desktop\actual 26015\abc\ground_truth\Srikakulam\farm_pond\SRIKAKULAM_IWMP-14_JODURU_p8_i18.jpg,Srikakulam,farm_pond,monitoring_column_3_field_photo
SRIKAKULAM_IWMP_15_MANUMUKONDA_p8_i18.jpg,satellite,c:\Users\Mohammed\Desktop\actual 26015\abc\satellite_images\SRIKAKULAM_IWMP_15_MANUMUKONDA_p8_i18.jpg,Srikakulam,satellite_t0_t1,monitoring_column_1_or_2_satellite
SRIKAKULAM_IWMP_16_JAMPARAKOTA_p8_i18.jpg,satellite,c:\Users\Mohammed\Desktop\actual 26015\abc\satellite_images\SRIKAKULAM_IWMP_16_JAMPARAKOTA_p8_i18.jpg,Srikakulam,satellite_t0_t1,monitoring_column_1_or_2_satellite
SRIKAKULAM_IWMP_16_JAMPARAKOTA_p9_i13.jpg,ground_truth,c:\Users\Mohammed\Desktop\actual 26015\abc\ground_truth\Srikakulam\check_dam\SRIKAKULAM_IWMP_16_JAMPARAKOTA_p9_i13.jpg,Srikakulam,check_dam,monitoring_column_3_field_photo
SRIKAKULAM_IWMP_17_BENNARAI_p8_i18.jpg,satellite,c:\Users\Mohammed\Desktop\actual 26015\abc\satellite_images\SRIKAKULAM_IWMP_17_BENNARAI_p8_i18.jpg,Srikakulam,satellite_t0_t1,monitoring_column_1_or_2_satellite
SRIKAKULAM_IWMP_18_POLLA_p8_i13.jpg,ground_truth,c:\Users\Mohammed\Desktop\actual 26015\abc\ground_truth\Srikakulam\check_dam\SRIKAKULAM_IWMP_18_POLLA_p8_i13.jpg,Srikakulam,check_dam,monitoring_column_3_field_photo
SRIKAKULAM_IWMP_18_POLLA_p8_i6.jpg,ground_truth,c:\Users\Mohammed\Desktop\actual 26015\abc\ground_truth\Srikakulam\check_dam\SRIKAKULAM_IWMP_18_POLLA_p8_i6.jpg,Srikakulam,check_dam,monitoring_column_3_field_photo
SRIKAKULAM_IWMP_19_PEDDASUNNAPURAM_p8_i6.jpg,ground_truth,c:\Users\Mohammed\Desktop\actual 26015\abc\ground_truth\Srikakulam\check_dam\SRIKAKULAM_IWMP_19_PEDDASUNNAPURAM_p8_i6.jpg,Srikakulam,check_dam,monitoring_column_3_field_photo
SRIKAKULAM_IWMP_20_NALLARAIGUDA_p8_i13.jpg,ground_truth,c:\Users\Mohammed\Desktop\actual 26015\abc\ground_truth\Srikakulam\farm_pond\SRIKAKULAM_IWMP_20_NALLARAIGUDA_p8_i13.jpg,Srikakulam,farm_pond,monitoring_column_3_field_photo
SRIKAKULAM_IWMP_20_NALLARAIGUDA_p8_i6.jpg,ground_truth,c:\Users\Mohammed\Desktop\actual 26015\abc\ground_truth\Srikakulam\farm_pond\SRIKAKULAM_IWMP_20_NALLARAIGUDA_p8_i6.jpg,Srikakulam,farm_pond,monitoring_column_3_field_photo
SRIKAKULAM_IWMP_20_NALLARAIGUDA_p9_i13.jpg,ground_truth,c:\Users\Mohammed\Desktop\actual 26015\abc\ground_truth\Srikakulam\farm_pond\SRIKAKULAM_IWMP_20_NALLARAIGUDA_p9_i13.jpg,Srikakulam,farm_pond,monitoring_column_3_field_photo
SRIKAKULAM_IWMP_21_RAYALA_p10_i13.jpg,ground_truth,c:\Users\Mohammed\Desktop\actual 26015\abc\ground_truth\Srikakulam\percolation_tank\SRIKAKULAM_IWMP_21_RAYALA_p10_i13.jpg,Srikakulam,percolation_tank,monitoring_column_3_field_photo
SRIKAKULAM_IWMP_21_RAYALA_p10_i6.jpg,ground_truth,c:\Users\Mohammed\Desktop\actual 26015\abc\ground_truth\Srikakulam\percolation_tank\SRIKAKULAM_IWMP_21_RAYALA_p10_i6.jpg,Srikakulam,percolation_tank,monitoring_column_3_field_photo
SRIKAKULAM_IWMP_21_RAYALA_p8_i18.jpg,satellite,c:\Users\Mohammed\Desktop\actual 26015\abc\satellite_images\SRIKAKULAM_IWMP_21_RAYALA_p8_i18.jpg,Srikakulam,satellite_t0_t1,monitoring_column_1_or_2_satellite
SRIKAKULAM_IWMP_21_RAYALA_p9_i6.jpg,ground_truth,c:\Users\Mohammed\Desktop\actual 26015\abc\ground_truth\Srikakulam\check_dam\SRIKAKULAM_IWMP_21_RAYALA_p9_i6.jpg,Srikakulam,check_dam,monitoring_column_3_field_photo
SRIKAKULAM_IWMP_22_KONCHA_p10_i13.jpg,ground_truth,c:\Users\Mohammed\Desktop\actual 26015\abc\ground_truth\Srikakulam\percolation_tank\SRIKAKULAM_IWMP_22_KONCHA_p10_i13.jpg,Srikakulam,percolation_tank,monitoring_column_3_field_photo
SRIKAKULAM_IWMP_22_KONCHA_p10_i6.jpg,ground_truth,c:\Users\Mohammed\Desktop\actual 26015\abc\ground_truth\Srikakulam\percolation_tank\SRIKAKULAM_IWMP_22_KONCHA_p10_i6.jpg,Srikakulam,percolation_tank,monitoring_column_3_field_photo
SRIKAKULAM_IWMP_22_KONCHA_p8_i18.jpg,satellite,c:\Users\Mohammed\Desktop\actual 26015\abc\satellite_images\SRIKAKULAM_IWMP_22_KONCHA_p8_i18.jpg,Srikakulam,satellite_t0_t1,monitoring_column_1_or_2_satellite
SRIKAKULAM_IWMP_23_GOWDAGURANTI_p8_i6.jpg,ground_truth,c:\Users\Mohammed\Desktop\actual 26015\abc\ground_truth\Srikakulam\percolation_tank\SRIKAKULAM_IWMP_23_GOWDAGURANTI_p8_i6.jpg,Srikakulam,percolation_tank,monitoring_column_3_field_photo
SRIKAKULAM_IWMP_23_GOWDAGURANTI_p9_i13.jpg,ground_truth,c:\Users\Mohammed\Desktop\actual 26015\abc\ground_truth\Srikakulam\percolation_tank\SRIKAKULAM_IWMP_23_GOWDAGURANTI_p9_i13.jpg,Srikakulam,percolation_tank,monitoring_column_3_field_photo
SRIKAKULAM_IWMP_23_GOWDAGURANTI_p9_i6.jpg,ground_truth,c:\Users\Mohammed\Desktop\actual 26015\abc\ground_truth\Srikakulam\percolation_tank\SRIKAKULAM_IWMP_23_GOWDAGURANTI_p9_i6.jpg,Srikakulam,percolation_tank,monitoring_column_3_field_photo
SRIKAKULAM_IWMP_24_CHINNAGORA_p10_i6.jpg,ground_truth,c:\Users\Mohammed\Desktop\actual 26015\abc\ground_truth\Srikakulam\percolation_tank\SRIKAKULAM_IWMP_24_CHINNAGORA_p10_i6.jpg,Srikakulam,percolation_tank,monitoring_column_3_field_photo
SRIKAKULAM_IWMP_24_CHINNAGORA_p8_i18.jpg,satellite,c:\Users\Mohammed\Desktop\actual 26015\abc\satellite_images\SRIKAKULAM_IWMP_24_CHINNAGORA_p8_i18.jpg,Srikakulam,satellite_t0_t1,monitoring_column_1_or_2_satellite
SRIKAKULAM_IWMP_24_CHINNAGORA_p9_i6.jpg,ground_truth,c:\Users\Mohammed\Desktop\actual 26015\abc\ground_truth\Srikakulam\plantation\SRIKAKULAM_IWMP_24_CHINNAGORA_p9_i6.jpg,Srikakulam,plantation,monitoring_column_3_field_photo
VIZIANAGARAM_IWMP_02_THONAMMicro_p8_i13.jpg,ground_truth,c:\Users\Mohammed\Desktop\actual 26015\abc\ground_truth\Vizianagaram\water_structure_other\VIZIANAGARAM_IWMP_02_THONAMMicro_p8_i13.jpg,Vizianagaram,water_structure_other,monitoring_column_3_field_photo
VIZIANAGARAM_IWMP_04_VANAJAMicro_p8_i13.jpg,ground_truth,c:\Users\Mohammed\Desktop\actual 26015\abc\ground_truth\Vizianagaram\farm_pond\VIZIANAGARAM_IWMP_04_VANAJAMicro_p8_i13.jpg,Vizianagaram,farm_pond,monitoring_column_3_field_photo
VIZIANAGARAM_IWMP_04_VANAJAMicro_p8_i5.jpg,ground_truth,c:\Users\Mohammed\Desktop\actual 26015\abc\ground_truth\Vizianagaram\farm_pond\VIZIANAGARAM_IWMP_04_VANAJAMicro_p8_i5.jpg,Vizianagaram,farm_pond,monitoring_column_3_field_photo
VIZIANAGARAM_IWMP_04_VANAJAMicro_p9_i0.jpg,ground_truth,c:\Users\Mohammed\Desktop\actual 26015\abc\ground_truth\Vizianagaram\farm_pond\VIZIANAGARAM_IWMP_04_VANAJAMicro_p9_i0.jpg,Vizianagaram,farm_pond,monitoring_column_3_field_photo
VIZIANAGARAM_IWMP_04_VANAJAMicro_p9_i9.jpg,ground_truth,c:\Users\Mohammed\Desktop\actual 26015\abc\ground_truth\Vizianagaram\farm_pond\VIZIANAGARAM_IWMP_04_VANAJAMicro_p9_i9.jpg,Vizianagaram,farm_pond,monitoring_column_3_field_photo
VIZIANAGARAM_IWMP_10_DOKISEELA_p8_i11.jpg,ground_truth,c:\Users\Mohammed\Desktop\actual 26015\abc\ground_truth\Vizianagaram\check_dam\VIZIANAGARAM_IWMP_10_DOKISEELA_p8_i11.jpg,Vizianagaram,check_dam,monitoring_column_3_field_photo
VIZIANAGARAM_IWMP_10_DOKISEELA_p8_i3.jpg,ground_truth,c:\Users\Mohammed\Desktop\actual 26015\abc\ground_truth\Vizianagaram\check_dam\VIZIANAGARAM_IWMP_10_DOKISEELA_p8_i3.jpg,Vizianagaram,check_dam,monitoring_column_3_field_photo
VIZIANAGARAM_IWMP_6_DUGGERU_p8_i13.jpg,ground_truth,c:\Users\Mohammed\Desktop\actual 26015\abc\ground_truth\Vizianagaram\farm_pond\VIZIANAGARAM_IWMP_6_DUGGERU_p8_i13.jpg,Vizianagaram,farm_pond,monitoring_column_3_field_photo
VIZIANAGARAM_IWMP_6_DUGGERU_p8_i5.jpg,ground_truth,c:\Users\Mohammed\Desktop\actual 26015\abc\ground_truth\Vizianagaram\farm_pond\VIZIANAGARAM_IWMP_6_DUGGERU_p8_i5.jpg,Vizianagaram,farm_pond,monitoring_column_3_field_photo
VIZIANAGARAM_IWMP_6_DUGGERU_p9_i9.jpg,ground_truth,c:\Users\Mohammed\Desktop\actual 26015\abc\ground_truth\Vizianagaram\farm_pond\VIZIANAGARAM_IWMP_6_DUGGERU_p9_i9.jpg,Vizianagaram,farm_pond,monitoring_column_3_field_photo
VIZIANAGARAM_IWMP_7_PUDI_p8_i13.jpg,ground_truth,c:\Users\Mohammed\Desktop\actual 26015\abc\ground_truth\Vizianagaram\percolation_tank\VIZIANAGARAM_IWMP_7_PUDI_p8_i13.jpg,Vizianagaram,percolation_tank,monitoring_column_3_field_photo
VIZIANAGARAM_IWMP_7_PUDI_p8_i5.jpg,ground_truth,c:\Users\Mohammed\Desktop\actual 26015\abc\ground_truth\Vizianagaram\percolation_tank\VIZIANAGARAM_IWMP_7_PUDI_p8_i5.jpg,Vizianagaram,percolation_tank,monitoring_column_3_field_photo
VIZIANAGARAM_IWMP_7_PUDI_p9_i0.jpg,ground_truth,c:\Users\Mohammed\Desktop\actual 26015\abc\ground_truth\Vizianagaram\percolation_tank\VIZIANAGARAM_IWMP_7_PUDI_p9_i0.jpg,Vizianagaram,percolation_tank,monitoring_column_3_field_photo
VIZIANAGARAM_IWMP_7_PUDI_p9_i9.jpg,ground_truth,c:\Users\Mohammed\Desktop\actual 26015\abc\ground_truth\Vizianagaram\percolation_tank\VIZIANAGARAM_IWMP_7_PUDI_p9_i9.jpg,Vizianagaram,percolation_tank,monitoring_column_3_field_photo
VIZIANAGARAM_IWMP_8_NEELAKANTAPURAM_p8_i13.jpg,ground_truth,c:\Users\Mohammed\Desktop\actual 26015\abc\ground_truth\Vizianagaram\percolation_tank\VIZIANAGARAM_IWMP_8_NEELAKANTAPURAM_p8_i13.jpg,Vizianagaram,percolation_tank,monitoring_column_3_field_photo
VIZIANAGARAM_IWMP_8_NEELAKANTAPURAM_p8_i5.jpg,ground_truth,c:\Users\Mohammed\Desktop\actual 26015\abc\ground_truth\Vizianagaram\percolation_tank\VIZIANAGARAM_IWMP_8_NEELAKANTAPURAM_p8_i5.jpg,Vizianagaram,percolation_tank,monitoring_column_3_field_photo
VIZIANAGARAM_IWMP_8_NEELAKANTAPURAM_p9_i0.jpg,ground_truth,c:\Users\Mohammed\Desktop\actual 26015\abc\ground_truth\Vizianagaram\farm_pond\VIZIANAGARAM_IWMP_8_NEELAKANTAPURAM_p9_i0.jpg,Vizianagaram,farm_pond,monitoring_column_3_field_photo
VIZIANAGARAM_IWMP_8_NEELAKANTAPURAM_p9_i9.jpg,ground_truth,c:\Users\Mohammed\Desktop\actual 26015\abc\ground_truth\Vizianagaram\farm_pond\VIZIANAGARAM_IWMP_8_NEELAKANTAPURAM_p9_i9.jpg,Vizianagaram,farm_pond,monitoring_column_3_field_photo
Visakhapatnam_IWMP_01_SANTHARI_p9_i9.jpg,ground_truth,c:\Users\Mohammed\Desktop\actual 26015\abc\ground_truth\Visakhapatnam\water_structure_other\Visakhapatnam_IWMP_01_SANTHARI_p9_i9.jpg,Visakhapatnam,water_structure_other,monitoring_column_3_field_photo
Visakhapatnam_IWMP_02_GEMMILI_p8_i13.jpg,ground_truth,c:\Users\Mohammed\Desktop\actual 26015\abc\ground_truth\Visakhapatnam\plantation\Visakhapatnam_IWMP_02_GEMMILI_p8_i13.jpg,Visakhapatnam,plantation,monitoring_column_3_field_photo
Visakhapatnam_IWMP_02_GEMMILI_p8_i6.jpg,ground_truth,c:\Users\Mohammed\Desktop\actual 26015\abc\ground_truth\Visakhapatnam\plantation\Visakhapatnam_IWMP_02_GEMMILI_p8_i6.jpg,Visakhapatnam,plantation,monitoring_column_3_field_photo
Visakhapatnam_IWMP_02_GEMMILI_p9_i9.jpg,ground_truth,c:\Users\Mohammed\Desktop\actual 26015\abc\ground_truth\Visakhapatnam\farm_pond\Visakhapatnam_IWMP_02_GEMMILI_p9_i9.jpg,Visakhapatnam,farm_pond,monitoring_column_3_field_photo
Visakhapatnam_IWMP_04_BARISINGI_p8_i13.jpg,ground_truth,c:\Users\Mohammed\Desktop\actual 26015\abc\ground_truth\Visakhapatnam\farm_pond\Visakhapatnam_IWMP_04_BARISINGI_p8_i13.jpg,Visakhapatnam,farm_pond,monitoring_column_3_field_photo
Visakhapatnam_IWMP_04_BARISINGI_p8_i6.jpg,ground_truth,c:\Users\Mohammed\Desktop\actual 26015\abc\ground_truth\Visakhapatnam\farm_pond\Visakhapatnam_IWMP_04_BARISINGI_p8_i6.jpg,Visakhapatnam,farm_pond,monitoring_column_3_field_photo
Visakhapatnam_IWMP_05_LINGETI_p8_i13.jpg,ground_truth,c:\Users\Mohammed\Desktop\actual 26015\abc\ground_truth\Visakhapatnam\farm_pond\Visakhapatnam_IWMP_05_LINGETI_p8_i13.jpg,Visakhapatnam,farm_pond,monitoring_column_3_field_photo
Visakhapatnam_IWMP_06_SARIYAGUDA_p8_i13.jpg,ground_truth,c:\Users\Mohammed\Desktop\actual 26015\abc\ground_truth\Visakhapatnam\water_structure_other\Visakhapatnam_IWMP_06_SARIYAGUDA_p8_i13.jpg,Visakhapatnam,water_structure_other,monitoring_column_3_field_photo
Visakhapatnam_IWMP_06_SARIYAGUDA_p8_i6.jpg,ground_truth,c:\Users\Mohammed\Desktop\actual 26015\abc\ground_truth\Visakhapatnam\farm_pond\Visakhapatnam_IWMP_06_SARIYAGUDA_p8_i6.jpg,Visakhapatnam,farm_pond,monitoring_column_3_field_photo
Visakhapatnam_IWMP_08_GUMMAKOTA_SEETHAMPETA_p8_i6.jpg,ground_truth,c:\Users\Mohammed\Desktop\actual 26015\abc\ground_truth\Visakhapatnam\check_dam\Visakhapatnam_IWMP_08_GUMMAKOTA_SEETHAMPETA_p8_i6.jpg,Visakhapatnam,check_dam,monitoring_column_3_field_photo
Visakhapatnam_IWMP_08_GUMMAKOTA_SEETHAMPETA_p9_i13.jpg,ground_truth,c:\Users\Mohammed\Desktop\actual 26015\abc\ground_truth\Visakhapatnam\percolation_tank\Visakhapatnam_IWMP_08_GUMMAKOTA_SEETHAMPETA_p9_i13.jpg,Visakhapatnam,percolation_tank,monitoring_column_3_field_photo
Visakhapatnam_IWMP_08_GUMMAKOTA_SEETHAMPETA_p9_i6.jpg,ground_truth,c:\Users\Mohammed\Desktop\actual 26015\abc\ground_truth\Visakhapatnam\percolation_tank\Visakhapatnam_IWMP_08_GUMMAKOTA_SEETHAMPETA_p9_i6.jpg,Visakhapatnam,percolation_tank,monitoring_column_3_field_photo
Visakhapatnam_IWMP_09_LUNGAPARTHI_p8_i13.jpg,ground_truth,c:\Users\Mohammed\Desktop\actual 26015\abc\ground_truth\Visakhapatnam\check_dam\Visakhapatnam_IWMP_09_LUNGAPARTHI_p8_i13.jpg,Visakhapatnam,check_dam,monitoring_column_3_field_photo
Visakhapatnam_IWMP_10_JERRILA_p8_i13.jpg,ground_truth,c:\Users\Mohammed\Desktop\actual 26015\abc\ground_truth\Visakhapatnam\farm_pond\Visakhapatnam_IWMP_10_JERRILA_p8_i13.jpg,Visakhapatnam,farm_pond,monitoring_column_3_field_photo
Visakhapatnam_IWMP_10_JERRILA_p8_i6.jpg,ground_truth,c:\Users\Mohammed\Desktop\actual 26015\abc\ground_truth\Visakhapatnam\farm_pond\Visakhapatnam_IWMP_10_JERRILA_p8_i6.jpg,Visakhapatnam,farm_pond,monitoring_column_3_field_photo
Visakhapatnam_IWMP_10_JERRILA_p9_i13.jpg,ground_truth,c:\Users\Mohammed\Desktop\actual 26015\abc\ground_truth\Visakhapatnam\percolation_tank\Visakhapatnam_IWMP_10_JERRILA_p9_i13.jpg,Visakhapatnam,percolation_tank,monitoring_column_3_field_photo
Visakhapatnam_IWMP_11_SAMPANGIPUTTU_p8_i13.jpg,ground_truth,c:\Users\Mohammed\Desktop\actual 26015\abc\ground_truth\Visakhapatnam\farm_pond\Visakhapatnam_IWMP_11_SAMPANGIPUTTU_p8_i13.jpg,Visakhapatnam,farm_pond,monitoring_column_3_field_photo
Visakhapatnam_IWMP_11_SAMPANGIPUTTU_p8_i6.jpg,ground_truth,c:\Users\Mohammed\Desktop\actual 26015\abc\ground_truth\Visakhapatnam\farm_pond\Visakhapatnam_IWMP_11_SAMPANGIPUTTU_p8_i6.jpg,Visakhapatnam,farm_pond,monitoring_column_3_field_photo
Visakhapatnam_IWMP_11_SAMPANGIPUTTU_p9_i13.jpg,ground_truth,c:\Users\Mohammed\Desktop\actual 26015\abc\ground_truth\Visakhapatnam\farm_pond\Visakhapatnam_IWMP_11_SAMPANGIPUTTU_p9_i13.jpg,Visakhapatnam,farm_pond,monitoring_column_3_field_photo
Visakhapatnam_IWMP_11_SAMPANGIPUTTU_p9_i6.jpg,ground_truth,c:\Users\Mohammed\Desktop\actual 26015\abc\ground_truth\Visakhapatnam\farm_pond\Visakhapatnam_IWMP_11_SAMPANGIPUTTU_p9_i6.jpg,Visakhapatnam,farm_pond,monitoring_column_3_field_photo
Visakhapatnam_IWMP_13_PEDAGARUVU_p8_i13.jpg,ground_truth,c:\Users\Mohammed\Desktop\actual 26015\abc\ground_truth\Visakhapatnam\percolation_tank\Visakhapatnam_IWMP_13_PEDAGARUVU_p8_i13.jpg,Visakhapatnam,percolation_tank,monitoring_column_3_field_photo
Visakhapatnam_IWMP_13_PEDAGARUVU_p8_i6.jpg,ground_truth,c:\Users\Mohammed\Desktop\actual 26015\abc\ground_truth\Visakhapatnam\percolation_tank\Visakhapatnam_IWMP_13_PEDAGARUVU_p8_i6.jpg,Visakhapatnam,percolation_tank,monitoring_column_3_field_photo
Visakhapatnam_IWMP_15_KINCHUMANDA_p8_i6.jpg,ground_truth,c:\Users\Mohammed\Desktop\actual 26015\abc\ground_truth\Visakhapatnam\farm_pond\Visakhapatnam_IWMP_15_KINCHUMANDA_p8_i6.jpg,Visakhapatnam,farm_pond,monitoring_column_3_field_photo
WEST-GODAVARI_IWMP_01_GANAPAVARAM_p8_i13.jpg,ground_truth,c:\Users\Mohammed\Desktop\actual 26015\abc\ground_truth\West Godavari\check_dam\WEST-GODAVARI_IWMP_01_GANAPAVARAM_p8_i13.jpg,West Godavari,check_dam,monitoring_column_3_field_photo
WEST-GODAVARI_IWMP_01_GANAPAVARAM_p8_i6.jpg,ground_truth,c:\Users\Mohammed\Desktop\actual 26015\abc\ground_truth\West Godavari\check_dam\WEST-GODAVARI_IWMP_01_GANAPAVARAM_p8_i6.jpg,West Godavari,check_dam,monitoring_column_3_field_photo
WEST-GODAVARI_IWMP_01_GANAPAVARAM_p9_i13.jpg,ground_truth,c:\Users\Mohammed\Desktop\actual 26015\abc\ground_truth\West Godavari\check_dam\WEST-GODAVARI_IWMP_01_GANAPAVARAM_p9_i13.jpg,West Godavari,check_dam,monitoring_column_3_field_photo
WEST-GODAVARI_IWMP_03_ALIVERU_p8_i6.jpg,ground_truth,c:\Users\Mohammed\Desktop\actual 26015\abc\ground_truth\West Godavari\check_dam\WEST-GODAVARI_IWMP_03_ALIVERU_p8_i6.jpg,West Godavari,check_dam,monitoring_column_3_field_photo
WEST-GODAVARI_IWMP_03_ALIVERU_p9_i6.jpg,ground_truth,c:\Users\Mohammed\Desktop\actual 26015\abc\ground_truth\West Godavari\check_dam\WEST-GODAVARI_IWMP_03_ALIVERU_p9_i6.jpg,West Godavari,check_dam,monitoring_column_3_field_photo
YSR-KADAPA_IWMP-13_ETIMAPURAM_p19_i0.jpg,satellite,c:\Users\Mohammed\Desktop\actual 26015\abc\satellite_images\YSR-KADAPA_IWMP-13_ETIMAPURAM_p19_i0.jpg,Ysr Kadapa,satellite_lulc,lulc_page_pre_post_treatment
YSR-KADAPA_IWMP-13_ETIMAPURAM_p19_i2.jpg,satellite,c:\Users\Mohammed\Desktop\actual 26015\abc\satellite_images\YSR-KADAPA_IWMP-13_ETIMAPURAM_p19_i2.jpg,Ysr Kadapa,satellite_lulc,lulc_page_pre_post_treatment
YSR-KADAPA_IWMP-13_ETIMAPURAM_p7_i0.jpg,ground_truth,c:\Users\Mohammed\Desktop\actual 26015\abc\ground_truth\Ysr Kadapa\farm_pond\YSR-KADAPA_IWMP-13_ETIMAPURAM_p7_i0.jpg,Ysr Kadapa,farm_pond,monitoring_column_3_field_photo
YSR-KADAPA_IWMP-13_ETIMAPURAM_p8_i9.jpg,ground_truth,c:\Users\Mohammed\Desktop\actual 26015\abc\ground_truth\Ysr Kadapa\percolation_tank\YSR-KADAPA_IWMP-13_ETIMAPURAM_p8_i9.jpg,Ysr Kadapa,percolation_tank,monitoring_column_3_field_photo
YSR-KADAPA_IWMP-14_KODURU_IWMP_p7_i9.jpg,ground_truth,c:\Users\Mohammed\Desktop\actual 26015\abc\ground_truth\Ysr Kadapa\farm_pond\YSR-KADAPA_IWMP-14_KODURU_IWMP_p7_i9.jpg,Ysr Kadapa,farm_pond,monitoring_column_3_field_photo
YSR-KADAPA_IWMP-15_-MADAPUR_p16_i0.jpg,satellite,c:\Users\Mohammed\Desktop\actual 26015\abc\satellite_images\YSR-KADAPA_IWMP-15_-MADAPUR_p16_i0.jpg,Ysr Kadapa,satellite_lulc,lulc_page_pre_post_treatment
YSR-KADAPA_IWMP-15_-MADAPUR_p16_i1.jpg,satellite,c:\Users\Mohammed\Desktop\actual 26015\abc\satellite_images\YSR-KADAPA_IWMP-15_-MADAPUR_p16_i1.jpg,Ysr Kadapa,satellite_lulc,lulc_page_pre_post_treatment
YSR-KADAPA_IWMP-15_-MADAPUR_p7_i0.jpg,ground_truth,c:\Users\Mohammed\Desktop\actual 26015\abc\ground_truth\Ysr Kadapa\farm_pond\YSR-KADAPA_IWMP-15_-MADAPUR_p7_i0.jpg,Ysr Kadapa,farm_pond,monitoring_column_3_field_photo
YSR-KADAPA_IWMP-15_-MADAPUR_p7_i9.jpg,ground_truth,c:\Users\Mohammed\Desktop\actual 26015\abc\ground_truth\Ysr Kadapa\farm_pond\YSR-KADAPA_IWMP-15_-MADAPUR_p7_i9.jpg,Ysr Kadapa,farm_pond,monitoring_column_3_field_photo
YSR-KADAPA_IWMP-15_-MADAPUR_p8_i0.jpg,ground_truth,c:\Users\Mohammed\Desktop\actual 26015\abc\ground_truth\Ysr Kadapa\farm_pond\YSR-KADAPA_IWMP-15_-MADAPUR_p8_i0.jpg,Ysr Kadapa,farm_pond,monitoring_column_3_field_photo
YSR-KADAPA_IWMP-15_-MADAPUR_p8_i9.jpg,ground_truth,c:\Users\Mohammed\Desktop\actual 26015\abc\ground_truth\Ysr Kadapa\farm_pond\YSR-KADAPA_IWMP-15_-MADAPUR_p8_i9.jpg,Ysr Kadapa,farm_pond,monitoring_column_3_field_photo
YSR-KADAPA_IWMP-16_PEDDAJUTUR_p7_i0.jpg,ground_truth,c:\Users\Mohammed\Desktop\actual 26015\abc\ground_truth\Ysr Kadapa\farm_pond\YSR-KADAPA_IWMP-16_PEDDAJUTUR_p7_i0.jpg,Ysr Kadapa,farm_pond,monitoring_column_3_field_photo
YSR-KADAPA_IWMP-16_PEDDAJUTUR_p7_i9.jpg,ground_truth,c:\Users\Mohammed\Desktop\actual 26015\abc\ground_truth\Ysr Kadapa\farm_pond\YSR-KADAPA_IWMP-16_PEDDAJUTUR_p7_i9.jpg,Ysr Kadapa,farm_pond,monitoring_column_3_field_photo
YSR-KADAPA_IWMP-16_PEDDAJUTUR_p8_i9.jpg,ground_truth,c:\Users\Mohammed\Desktop\actual 26015\abc\ground_truth\Ysr Kadapa\farm_pond\YSR-KADAPA_IWMP-16_PEDDAJUTUR_p8_i9.jpg,Ysr Kadapa,farm_pond,monitoring_column_3_field_photo
YSR-KADAPA_IWMP-18_UTUKOOR_p18_i1.jpg,satellite,c:\Users\Mohammed\Desktop\actual 26015\abc\satellite_images\YSR-KADAPA_IWMP-18_UTUKOOR_p18_i1.jpg,Ysr Kadapa,satellite_lulc,lulc_page_pre_post_treatment
YSR-KADAPA_IWMP-18_UTUKOOR_p7_i0.jpg,ground_truth,c:\Users\Mohammed\Desktop\actual 26015\abc\ground_truth\Ysr Kadapa\check_dam\YSR-KADAPA_IWMP-18_UTUKOOR_p7_i0.jpg,Ysr Kadapa,check_dam,monitoring_column_3_field_photo
YSR-KADAPA_IWMP-18_UTUKOOR_p7_i9.jpg,ground_truth,c:\Users\Mohammed\Desktop\actual 26015\abc\ground_truth\Ysr Kadapa\check_dam\YSR-KADAPA_IWMP-18_UTUKOOR_p7_i9.jpg,Ysr Kadapa,check_dam,monitoring_column_3_field_photo
YSR-KADAPA_IWMP-18_UTUKOOR_p8_i0.jpg,ground_truth,c:\Users\Mohammed\Desktop\actual 26015\abc\ground_truth\Ysr Kadapa\farm_pond\YSR-KADAPA_IWMP-18_UTUKOOR_p8_i0.jpg,Ysr Kadapa,farm_pond,monitoring_column_3_field_photo
YSR-KADAPA_IWMP-18_UTUKOOR_p8_i9.jpg,ground_truth,c:\Users\Mohammed\Desktop\actual 26015\abc\ground_truth\Ysr Kadapa\farm_pond\YSR-KADAPA_IWMP-18_UTUKOOR_p8_i9.jpg,Ysr Kadapa,farm_pond,monitoring_column_3_field_photo
YSR-KADAPA_IWMP-19_NOOLIVEEDU_p7_i0.jpg,ground_truth,c:\Users\Mohammed\Desktop\actual 26015\abc\ground_truth\Ysr Kadapa\plantation\YSR-KADAPA_IWMP-19_NOOLIVEEDU_p7_i0.jpg,Ysr Kadapa,plantation,monitoring_column_3_field_photo
YSR-KADAPA_IWMP-21_KURNOOTHALA_p7_i0.jpg,ground_truth,c:\Users\Mohammed\Desktop\actual 26015\abc\ground_truth\Ysr Kadapa\farm_pond\YSR-KADAPA_IWMP-21_KURNOOTHALA_p7_i0.jpg,Ysr Kadapa,farm_pond,monitoring_column_3_field_photo
YSR-KADAPA_IWMP-21_KURNOOTHALA_p7_i9.jpg,ground_truth,c:\Users\Mohammed\Desktop\actual 26015\abc\ground_truth\Ysr Kadapa\farm_pond\YSR-KADAPA_IWMP-21_KURNOOTHALA_p7_i9.jpg,Ysr Kadapa,farm_pond,monitoring_column_3_field_photo
YSR-KADAPA_IWMP-21_KURNOOTHALA_p8_i9.jpg,ground_truth,c:\Users\Mohammed\Desktop\actual 26015\abc\ground_truth\Ysr Kadapa\plantation\YSR-KADAPA_IWMP-21_KURNOOTHALA_p8_i9.jpg,Ysr Kadapa,plantation,monitoring_column_3_field_photo
YSR-KADAPA_IWMP-22_MALLEMAPURAM_p7_i0.jpg,ground_truth,c:\Users\Mohammed\Desktop\actual 26015\abc\ground_truth\Ysr Kadapa\plantation\YSR-KADAPA_IWMP-22_MALLEMAPURAM_p7_i0.jpg,Ysr Kadapa,plantation,monitoring_column_3_field_photo
YSR-KADAPA_IWMP-22_MALLEMAPURAM_p7_i9.jpg,ground_truth,c:\Users\Mohammed\Desktop\actual 26015\abc\ground_truth\Ysr Kadapa\farm_pond\YSR-KADAPA_IWMP-22_MALLEMAPURAM_p7_i9.jpg,Ysr Kadapa,farm_pond,monitoring_column_3_field_photo
YSR-KADAPA_IWMP-22_MALLEMAPURAM_p8_i0.jpg,ground_truth,c:\Users\Mohammed\Desktop\actual 26015\abc\ground_truth\Ysr Kadapa\farm_pond\YSR-KADAPA_IWMP-22_MALLEMAPURAM_p8_i0.jpg,Ysr Kadapa,farm_pond,monitoring_column_3_field_photo
YSR-KADAPA_IWMP-23_ITUKULAPADU_p8_i0.jpg,ground_truth,c:\Users\Mohammed\Desktop\actual 26015\abc\ground_truth\Ysr Kadapa\check_dam\YSR-KADAPA_IWMP-23_ITUKULAPADU_p8_i0.jpg,Ysr Kadapa,check_dam,monitoring_column_3_field_photo
YSR-KADAPA_IWMP-23_ITUKULAPADU_p8_i9.jpg,ground_truth,c:\Users\Mohammed\Desktop\actual 26015\abc\ground_truth\Ysr Kadapa\check_dam\YSR-KADAPA_IWMP-23_ITUKULAPADU_p8_i9.jpg,Ysr Kadapa,check_dam,monitoring_column_3_field_photo
YSR-KADAPA_IWMP-24_YENAMALACHINTAL_p17_i3.jpg,satellite,c:\Users\Mohammed\Desktop\actual 26015\abc\satellite_images\YSR-KADAPA_IWMP-24_YENAMALACHINTAL_p17_i3.jpg,Ysr Kadapa,satellite_lulc,lulc_page_pre_post_treatment
YSR-KADAPA_IWMP-24_YENAMALACHINTAL_p7_i0.jpg,ground_truth,c:\Users\Mohammed\Desktop\actual 26015\abc\ground_truth\Ysr Kadapa\check_dam\YSR-KADAPA_IWMP-24_YENAMALACHINTAL_p7_i0.jpg,Ysr Kadapa,check_dam,monitoring_column_3_field_photo
YSR-KADAPA_IWMP-24_YENAMALACHINTAL_p7_i9.jpg,ground_truth,c:\Users\Mohammed\Desktop\actual 26015\abc\ground_truth\Ysr Kadapa\check_dam\YSR-KADAPA_IWMP-24_YENAMALACHINTAL_p7_i9.jpg,Ysr Kadapa,check_dam,monitoring_column_3_field_photo
YSR-KADAPA_IWMP-24_YENAMALACHINTAL_p8_i0.jpg,ground_truth,c:\Users\Mohammed\Desktop\actual 26015\abc\ground_truth\Ysr Kadapa\farm_pond\YSR-KADAPA_IWMP-24_YENAMALACHINTAL_p8_i0.jpg,Ysr Kadapa,farm_pond,monitoring_column_3_field_photo
YSR-KADAPA_IWMP-24_YENAMALACHINTAL_p8_i9.jpg,ground_truth,c:\Users\Mohammed\Desktop\actual 26015\abc\ground_truth\Ysr Kadapa\farm_pond\YSR-KADAPA_IWMP-24_YENAMALACHINTAL_p8_i9.jpg,Ysr Kadapa,farm_pond,monitoring_column_3_field_photo
YSR-KADAPA_IWMP-25_E-NELATUR_p16_i0.jpg,satellite,c:\Users\Mohammed\Desktop\actual 26015\abc\satellite_images\YSR-KADAPA_IWMP-25_E-NELATUR_p16_i0.jpg,Ysr Kadapa,satellite_lulc,lulc_page_pre_post_treatment
YSR-KADAPA_IWMP-25_E-NELATUR_p7_i0.jpg,ground_truth,c:\Users\Mohammed\Desktop\actual 26015\abc\ground_truth\Ysr Kadapa\check_dam\YSR-KADAPA_IWMP-25_E-NELATUR_p7_i0.jpg,Ysr Kadapa,check_dam,monitoring_column_3_field_photo
YSR-KADAPA_IWMP-25_E-NELATUR_p7_i9.jpg,ground_truth,c:\Users\Mohammed\Desktop\actual 26015\abc\ground_truth\Ysr Kadapa\check_dam\YSR-KADAPA_IWMP-25_E-NELATUR_p7_i9.jpg,Ysr Kadapa,check_dam,monitoring_column_3_field_photo
YSR-KADAPA_IWMP-25_E-NELATUR_p8_i0.jpg,ground_truth,c:\Users\Mohammed\Desktop\actual 26015\abc\ground_truth\Ysr Kadapa\farm_pond\YSR-KADAPA_IWMP-25_E-NELATUR_p8_i0.jpg,Ysr Kadapa,farm_pond,monitoring_column_3_field_photo
YSR-KADAPA_IWMP-25_E-NELATUR_p8_i9.jpg,ground_truth,c:\Users\Mohammed\Desktop\actual 26015\abc\ground_truth\Ysr Kadapa\farm_pond\YSR-KADAPA_IWMP-25_E-NELATUR_p8_i9.jpg,Ysr Kadapa,farm_pond,monitoring_column_3_field_photo
YSR-KADAPA_IWMP-26_DEVAPATLA_p18_i2.jpg,satellite,c:\Users\Mohammed\Desktop\actual 26015\abc\satellite_images\YSR-KADAPA_IWMP-26_DEVAPATLA_p18_i2.jpg,Ysr Kadapa,satellite_lulc,lulc_page_pre_post_treatment
YSR-KADAPA_IWMP-26_DEVAPATLA_p8_i0.jpg,ground_truth,c:\Users\Mohammed\Desktop\actual 26015\abc\ground_truth\Ysr Kadapa\check_dam\YSR-KADAPA_IWMP-26_DEVAPATLA_p8_i0.jpg,Ysr Kadapa,check_dam,monitoring_column_3_field_photo
YSR-KADAPA_IWMP-26_DEVAPATLA_p8_i9.jpg,ground_truth,c:\Users\Mohammed\Desktop\actual 26015\abc\ground_truth\Ysr Kadapa\check_dam\YSR-KADAPA_IWMP-26_DEVAPATLA_p8_i9.jpg,Ysr Kadapa,check_dam,monitoring_column_3_field_photo
YSR-KADAPA_IWMP-26_DEVAPATLA_p9_i0.jpg,ground_truth,c:\Users\Mohammed\Desktop\actual 26015\abc\ground_truth\Ysr Kadapa\plantation\YSR-KADAPA_IWMP-26_DEVAPATLA_p9_i0.jpg,Ysr Kadapa,plantation,monitoring_column_3_field_photo
YSR-KADAPA_IWMP-26_DEVAPATLA_p9_i9.jpg,ground_truth,c:\Users\Mohammed\Desktop\actual 26015\abc\ground_truth\Ysr Kadapa\farm_pond\YSR-KADAPA_IWMP-26_DEVAPATLA_p9_i9.jpg,Ysr Kadapa,farm_pond,monitoring_column_3_field_photo
YSR-KADAPA_IWMP-27_Y-N-PALEM_IWMP_p9_i0.jpg,ground_truth,c:\Users\Mohammed\Desktop\actual 26015\abc\ground_truth\Ysr Kadapa\plantation\YSR-KADAPA_IWMP-27_Y-N-PALEM_IWMP_p9_i0.jpg,Ysr Kadapa,plantation,monitoring_column_3_field_photo
YSR-KADAPA_IWMP-27_Y-N-PALEM_IWMP_p9_i9.jpg,ground_truth,c:\Users\Mohammed\Desktop\actual 26015\abc\ground_truth\Ysr Kadapa\percolation_tank\YSR-KADAPA_IWMP-27_Y-N-PALEM_IWMP_p9_i9.jpg,Ysr Kadapa,percolation_tank,monitoring_column_3_field_photo
YSR-KADAPA_IWMP-28_SANKAVARAM_p16_i0.jpg,satellite,c:\Users\Mohammed\Desktop\actual 26015\abc\satellite_images\YSR-KADAPA_IWMP-28_SANKAVARAM_p16_i0.jpg,Ysr Kadapa,satellite_lulc,lulc_page_pre_post_treatment
YSR-KADAPA_IWMP-28_SANKAVARAM_p16_i1.jpg,satellite,c:\Users\Mohammed\Desktop\actual 26015\abc\satellite_images\YSR-KADAPA_IWMP-28_SANKAVARAM_p16_i1.jpg,Ysr Kadapa,satellite_lulc,lulc_page_pre_post_treatment
YSR-KADAPA_IWMP-28_SANKAVARAM_p16_i2.jpg,satellite,c:\Users\Mohammed\Desktop\actual 26015\abc\satellite_images\YSR-KADAPA_IWMP-28_SANKAVARAM_p16_i2.jpg,Ysr Kadapa,satellite_lulc,lulc_page_pre_post_treatment
YSR-KADAPA_IWMP-28_SANKAVARAM_p16_i3.jpg,satellite,c:\Users\Mohammed\Desktop\actual 26015\abc\satellite_images\YSR-KADAPA_IWMP-28_SANKAVARAM_p16_i3.jpg,Ysr Kadapa,satellite_lulc,lulc_page_pre_post_treatment
YSR-KADAPA_IWMP-28_SANKAVARAM_p17_i2.jpg,satellite,c:\Users\Mohammed\Desktop\actual 26015\abc\satellite_images\YSR-KADAPA_IWMP-28_SANKAVARAM_p17_i2.jpg,Ysr Kadapa,satellite_lulc,lulc_page_pre_post_treatment
YSR-KADAPA_IWMP-28_SANKAVARAM_p17_i3.jpg,satellite,c:\Users\Mohammed\Desktop\actual 26015\abc\satellite_images\YSR-KADAPA_IWMP-28_SANKAVARAM_p17_i3.jpg,Ysr Kadapa,satellite_lulc,lulc_page_pre_post_treatment
YSR-KADAPA_IWMP-28_SANKAVARAM_p8_i9.jpg,ground_truth,c:\Users\Mohammed\Desktop\actual 26015\abc\ground_truth\Ysr Kadapa\farm_pond\YSR-KADAPA_IWMP-28_SANKAVARAM_p8_i9.jpg,Ysr Kadapa,farm_pond,monitoring_column_3_field_photo
YSR-KADAPA_IWMP-28_SANKAVARAM_p9_i0.jpg,ground_truth,c:\Users\Mohammed\Desktop\actual 26015\abc\ground_truth\Ysr Kadapa\farm_pond\YSR-KADAPA_IWMP-28_SANKAVARAM_p9_i0.jpg,Ysr Kadapa,farm_pond,monitoring_column_3_field_photo
YSR-KADAPA_IWMP-28_SANKAVARAM_p9_i9.jpg,ground_truth,c:\Users\Mohammed\Desktop\actual 26015\abc\ground_truth\Ysr Kadapa\farm_pond\YSR-KADAPA_IWMP-28_SANKAVARAM_p9_i9.jpg,Ysr Kadapa,farm_pond,monitoring_column_3_field_photo
YSR-KADAPA_IWMP-29_CHITLURU_p20_i0.jpg,satellite,c:\Users\Mohammed\Desktop\actual 26015\abc\satellite_images\YSR-KADAPA_IWMP-29_CHITLURU_p20_i0.jpg,Ysr Kadapa,satellite_lulc,lulc_page_pre_post_treatment
YSR-KADAPA_IWMP-29_CHITLURU_p20_i2.jpg,satellite,c:\Users\Mohammed\Desktop\actual 26015\abc\satellite_images\YSR-KADAPA_IWMP-29_CHITLURU_p20_i2.jpg,Ysr Kadapa,satellite_lulc,lulc_page_pre_post_treatment
YSR-KADAPA_IWMP-29_CHITLURU_p9_i0.jpg,ground_truth,c:\Users\Mohammed\Desktop\actual 26015\abc\ground_truth\Ysr Kadapa\plantation\YSR-KADAPA_IWMP-29_CHITLURU_p9_i0.jpg,Ysr Kadapa,plantation,monitoring_column_3_field_photo
YSR-KADAPA_IWMP-29_CHITLURU_p9_i9.jpg,ground_truth,c:\Users\Mohammed\Desktop\actual 26015\abc\ground_truth\Ysr Kadapa\plantation\YSR-KADAPA_IWMP-29_CHITLURU_p9_i9.jpg,Ysr Kadapa,plantation,monitoring_column_3_field_photo
YSR-KADAPA_IWMP-30_BALAPANUR_p10_i0.jpg,ground_truth,c:\Users\Mohammed\Desktop\actual 26015\abc\ground_truth\Ysr Kadapa\farm_pond\YSR-KADAPA_IWMP-30_BALAPANUR_p10_i0.jpg,Ysr Kadapa,farm_pond,monitoring_column_3_field_photo
YSR-KADAPA_IWMP-30_BALAPANUR_p11_i9.jpg,ground_truth,c:\Users\Mohammed\Desktop\actual 26015\abc\ground_truth\Ysr Kadapa\farm_pond\YSR-KADAPA_IWMP-30_BALAPANUR_p11_i9.jpg,Ysr Kadapa,farm_pond,monitoring_column_3_field_photo
YSR-KADAPA_IWMP-30_BALAPANUR_p18_i0.jpg,satellite,c:\Users\Mohammed\Desktop\actual 26015\abc\satellite_images\YSR-KADAPA_IWMP-30_BALAPANUR_p18_i0.jpg,Ysr Kadapa,satellite_lulc,lulc_page_pre_post_treatment
YSR-KADAPA_IWMP-30_BALAPANUR_p18_i1.jpg,satellite,c:\Users\Mohammed\Desktop\actual 26015\abc\satellite_images\YSR-KADAPA_IWMP-30_BALAPANUR_p18_i1.jpg,Ysr Kadapa,satellite_lulc,lulc_page_pre_post_treatment
YSR-KADAPA_IWMP-30_BALAPANUR_p20_i2.jpg,satellite,c:\Users\Mohammed\Desktop\actual 26015\abc\satellite_images\YSR-KADAPA_IWMP-30_BALAPANUR_p20_i2.jpg,Ysr Kadapa,satellite_lulc,lulc_page_pre_post_treatment
YSR-KADAPA_IWMP-30_BALAPANUR_p8_i0.jpg,ground_truth,c:\Users\Mohammed\Desktop\actual 26015\abc\ground_truth\Ysr Kadapa\check_dam\YSR-KADAPA_IWMP-30_BALAPANUR_p8_i0.jpg,Ysr Kadapa,check_dam,monitoring_column_3_field_photo
YSR-KADAPA_IWMP-30_BALAPANUR_p8_i9.jpg,ground_truth,c:\Users\Mohammed\Desktop\actual 26015\abc\ground_truth\Ysr Kadapa\check_dam\YSR-KADAPA_IWMP-30_BALAPANUR_p8_i9.jpg,Ysr Kadapa,check_dam,monitoring_column_3_field_photo
YSR-KADAPA_IWMP-30_BALAPANUR_p9_i9.jpg,ground_truth,c:\Users\Mohammed\Desktop\actual 26015\abc\ground_truth\Ysr Kadapa\plantation\YSR-KADAPA_IWMP-30_BALAPANUR_p9_i9.jpg,Ysr Kadapa,plantation,monitoring_column_3_field_photo
YSR-KADAPA_IWMP-31_PAMALURU_p10_i9.jpg,ground_truth,c:\Users\Mohammed\Desktop\actual 26015\abc\ground_truth\Ysr Kadapa\percolation_tank\YSR-KADAPA_IWMP-31_PAMALURU_p10_i9.jpg,Ysr Kadapa,percolation_tank,monitoring_column_3_field_photo
YSR-KADAPA_IWMP-31_PAMALURU_p19_i0.jpg,satellite,c:\Users\Mohammed\Desktop\actual 26015\abc\satellite_images\YSR-KADAPA_IWMP-31_PAMALURU_p19_i0.jpg,Ysr Kadapa,satellite_lulc,lulc_page_pre_post_treatment
YSR-KADAPA_IWMP-31_PAMALURU_p19_i1.jpg,satellite,c:\Users\Mohammed\Desktop\actual 26015\abc\satellite_images\YSR-KADAPA_IWMP-31_PAMALURU_p19_i1.jpg,Ysr Kadapa,satellite_lulc,lulc_page_pre_post_treatment
YSR-KADAPA_IWMP-31_PAMALURU_p7_i0.jpg,ground_truth,c:\Users\Mohammed\Desktop\actual 26015\abc\ground_truth\Ysr Kadapa\farm_pond\YSR-KADAPA_IWMP-31_PAMALURU_p7_i0.jpg,Ysr Kadapa,farm_pond,monitoring_column_3_field_photo
YSR-KADAPA_IWMP-31_PAMALURU_p8_i0.jpg,ground_truth,c:\Users\Mohammed\Desktop\actual 26015\abc\ground_truth\Ysr Kadapa\farm_pond\YSR-KADAPA_IWMP-31_PAMALURU_p8_i0.jpg,Ysr Kadapa,farm_pond,monitoring_column_3_field_photo
YSR-KADAPA_IWMP-31_PAMALURU_p9_i0.jpg,ground_truth,c:\Users\Mohammed\Desktop\actual 26015\abc\ground_truth\Ysr Kadapa\check_dam\YSR-KADAPA_IWMP-31_PAMALURU_p9_i0.jpg,Ysr Kadapa,check_dam,monitoring_column_3_field_photo
YSR-KADAPA_IWMP-32_DIGUVAGOTTIVEEDU_p20_i2.jpg,satellite,c:\Users\Mohammed\Desktop\actual 26015\abc\satellite_images\YSR-KADAPA_IWMP-32_DIGUVAGOTTIVEEDU_p20_i2.jpg,Ysr Kadapa,satellite_lulc,lulc_page_pre_post_treatment
YSR-KADAPA_IWMP-32_DIGUVAGOTTIVEEDU_p20_i3.jpg,satellite,c:\Users\Mohammed\Desktop\actual 26015\abc\satellite_images\YSR-KADAPA_IWMP-32_DIGUVAGOTTIVEEDU_p20_i3.jpg,Ysr Kadapa,satellite_lulc,lulc_page_pre_post_treatment
YSR-KADAPA_IWMP-32_DIGUVAGOTTIVEEDU_p7_i0.jpg,ground_truth,c:\Users\Mohammed\Desktop\actual 26015\abc\ground_truth\Ysr Kadapa\plantation\YSR-KADAPA_IWMP-32_DIGUVAGOTTIVEEDU_p7_i0.jpg,Ysr Kadapa,plantation,monitoring_column_3_field_photo
YSR-KADAPA_IWMP-32_DIGUVAGOTTIVEEDU_p8_i0.jpg,ground_truth,c:\Users\Mohammed\Desktop\actual 26015\abc\ground_truth\Ysr Kadapa\plantation\YSR-KADAPA_IWMP-32_DIGUVAGOTTIVEEDU_p8_i0.jpg,Ysr Kadapa,plantation,monitoring_column_3_field_photo
YSR-KADAPA_IWMP-32_DIGUVAGOTTIVEEDU_p8_i9.jpg,ground_truth,c:\Users\Mohammed\Desktop\actual 26015\abc\ground_truth\Ysr Kadapa\plantation\YSR-KADAPA_IWMP-32_DIGUVAGOTTIVEEDU_p8_i9.jpg,Ysr Kadapa,plantation,monitoring_column_3_field_photo
YSR-KADAPA_IWMP-32_DIGUVAGOTTIVEEDU_p9_i0.jpg,ground_truth,c:\Users\Mohammed\Desktop\actual 26015\abc\ground_truth\Ysr Kadapa\farm_pond\YSR-KADAPA_IWMP-32_DIGUVAGOTTIVEEDU_p9_i0.jpg,Ysr Kadapa,farm_pond,monitoring_column_3_field_photo
YSR-KADAPA_IWMP-33_MUNELLIN_p10_i9.jpg,ground_truth,c:\Users\Mohammed\Desktop\actual 26015\abc\ground_truth\Ysr Kadapa\farm_pond\YSR-KADAPA_IWMP-33_MUNELLIN_p10_i9.jpg,Ysr Kadapa,farm_pond,monitoring_column_3_field_photo
YSR-KADAPA_IWMP-33_MUNELLIN_p7_i0.jpg,ground_truth,c:\Users\Mohammed\Desktop\actual 26015\abc\ground_truth\Ysr Kadapa\check_dam\YSR-KADAPA_IWMP-33_MUNELLIN_p7_i0.jpg,Ysr Kadapa,check_dam,monitoring_column_3_field_photo
YSR-KADAPA_IWMP-33_MUNELLIN_p7_i9.jpg,ground_truth,c:\Users\Mohammed\Desktop\actual 26015\abc\ground_truth\Ysr Kadapa\check_dam\YSR-KADAPA_IWMP-33_MUNELLIN_p7_i9.jpg,Ysr Kadapa,check_dam,monitoring_column_3_field_photo
YSR-KADAPA_IWMP-33_MUNELLIN_p8_i9.jpg,ground_truth,c:\Users\Mohammed\Desktop\actual 26015\abc\ground_truth\Ysr Kadapa\farm_pond\YSR-KADAPA_IWMP-33_MUNELLIN_p8_i9.jpg,Ysr Kadapa,farm_pond,monitoring_column_3_field_photo
YSR-KADAPA_IWMP-33_MUNELLIN_p9_i0.jpg,ground_truth,c:\Users\Mohammed\Desktop\actual 26015\abc\ground_truth\Ysr Kadapa\farm_pond\YSR-KADAPA_IWMP-33_MUNELLIN_p9_i0.jpg,Ysr Kadapa,farm_pond,monitoring_column_3_field_photo
YSR-KADAPA_IWMP-33_MUNELLIN_p9_i9.jpg,ground_truth,c:\Users\Mohammed\Desktop\actual 26015\abc\ground_truth\Ysr Kadapa\farm_pond\YSR-KADAPA_IWMP-33_MUNELLIN_p9_i9.jpg,Ysr Kadapa,farm_pond,monitoring_column_3_field_photo
YSR-KADAPA_IWMP-34_THORRIVEMULA_p10_i0.jpg,ground_truth,c:\Users\Mohammed\Desktop\actual 26015\abc\ground_truth\Ysr Kadapa\water_structure_other\YSR-KADAPA_IWMP-34_THORRIVEMULA_p10_i0.jpg,Ysr Kadapa,water_structure_other,monitoring_column_3_field_photo
YSR-KADAPA_IWMP-34_THORRIVEMULA_p10_i9.jpg,ground_truth,c:\Users\Mohammed\Desktop\actual 26015\abc\ground_truth\Ysr Kadapa\farm_pond\YSR-KADAPA_IWMP-34_THORRIVEMULA_p10_i9.jpg,Ysr Kadapa,farm_pond,monitoring_column_3_field_photo
YSR-KADAPA_IWMP-34_THORRIVEMULA_p7_i0.jpg,ground_truth,c:\Users\Mohammed\Desktop\actual 26015\abc\ground_truth\Ysr Kadapa\check_dam\YSR-KADAPA_IWMP-34_THORRIVEMULA_p7_i0.jpg,Ysr Kadapa,check_dam,monitoring_column_3_field_photo
YSR-KADAPA_IWMP-34_THORRIVEMULA_p7_i9.jpg,ground_truth,c:\Users\Mohammed\Desktop\actual 26015\abc\ground_truth\Ysr Kadapa\check_dam\YSR-KADAPA_IWMP-34_THORRIVEMULA_p7_i9.jpg,Ysr Kadapa,check_dam,monitoring_column_3_field_photo
YSR-KADAPA_IWMP-34_THORRIVEMULA_p8_i0.jpg,ground_truth,c:\Users\Mohammed\Desktop\actual 26015\abc\ground_truth\Ysr Kadapa\check_dam\YSR-KADAPA_IWMP-34_THORRIVEMULA_p8_i0.jpg,Ysr Kadapa,check_dam,monitoring_column_3_field_photo
YSR-KADAPA_IWMP-34_THORRIVEMULA_p8_i9.jpg,ground_truth,c:\Users\Mohammed\Desktop\actual 26015\abc\ground_truth\Ysr Kadapa\check_dam\YSR-KADAPA_IWMP-34_THORRIVEMULA_p8_i9.jpg,Ysr Kadapa,check_dam,monitoring_column_3_field_photo
YSR-KADAPA_IWMP-34_THORRIVEMULA_p9_i0.jpg,ground_truth,c:\Users\Mohammed\Desktop\actual 26015\abc\ground_truth\Ysr Kadapa\check_dam\YSR-KADAPA_IWMP-34_THORRIVEMULA_p9_i0.jpg,Ysr Kadapa,check_dam,monitoring_column_3_field_photo
YSR-KADAPA_IWMP-34_THORRIVEMULA_p9_i9.jpg,ground_truth,c:\Users\Mohammed\Desktop\actual 26015\abc\ground_truth\Ysr Kadapa\check_dam\YSR-KADAPA_IWMP-34_THORRIVEMULA_p9_i9.jpg,Ysr Kadapa,check_dam,monitoring_column_3_field_photo
YSR-KADAPA_IWMP-35_KALAMALLA_p10_i0.jpg,ground_truth,c:\Users\Mohammed\Desktop\actual 26015\abc\ground_truth\Ysr Kadapa\check_dam\YSR-KADAPA_IWMP-35_KALAMALLA_p10_i0.jpg,Ysr Kadapa,check_dam,monitoring_column_3_field_photo
YSR-KADAPA_IWMP-35_KALAMALLA_p10_i9.jpg,ground_truth,c:\Users\Mohammed\Desktop\actual 26015\abc\ground_truth\Ysr Kadapa\water_structure_other\YSR-KADAPA_IWMP-35_KALAMALLA_p10_i9.jpg,Ysr Kadapa,water_structure_other,monitoring_column_3_field_photo
YSR-KADAPA_IWMP-35_KALAMALLA_p19_i2.jpg,satellite,c:\Users\Mohammed\Desktop\actual 26015\abc\satellite_images\YSR-KADAPA_IWMP-35_KALAMALLA_p19_i2.jpg,Ysr Kadapa,satellite_lulc,lulc_page_pre_post_treatment
YSR-KADAPA_IWMP-35_KALAMALLA_p19_i3.jpg,satellite,c:\Users\Mohammed\Desktop\actual 26015\abc\satellite_images\YSR-KADAPA_IWMP-35_KALAMALLA_p19_i3.jpg,Ysr Kadapa,satellite_lulc,lulc_page_pre_post_treatment
YSR-KADAPA_IWMP-35_KALAMALLA_p7_i0.jpg,ground_truth,c:\Users\Mohammed\Desktop\actual 26015\abc\ground_truth\Ysr Kadapa\check_dam\YSR-KADAPA_IWMP-35_KALAMALLA_p7_i0.jpg,Ysr Kadapa,check_dam,monitoring_column_3_field_photo
YSR-KADAPA_IWMP-35_KALAMALLA_p7_i9.jpg,ground_truth,c:\Users\Mohammed\Desktop\actual 26015\abc\ground_truth\Ysr Kadapa\check_dam\YSR-KADAPA_IWMP-35_KALAMALLA_p7_i9.jpg,Ysr Kadapa,check_dam,monitoring_column_3_field_photo
YSR-KADAPA_IWMP-35_KALAMALLA_p8_i0.jpg,ground_truth,c:\Users\Mohammed\Desktop\actual 26015\abc\ground_truth\Ysr Kadapa\check_dam\YSR-KADAPA_IWMP-35_KALAMALLA_p8_i0.jpg,Ysr Kadapa,check_dam,monitoring_column_3_field_photo
YSR-KADAPA_IWMP-35_KALAMALLA_p8_i9.jpg,ground_truth,c:\Users\Mohammed\Desktop\actual 26015\abc\ground_truth\Ysr Kadapa\check_dam\YSR-KADAPA_IWMP-35_KALAMALLA_p8_i9.jpg,Ysr Kadapa,check_dam,monitoring_column_3_field_photo
YSR-KADAPA_IWMP-35_KALAMALLA_p9_i0.jpg,ground_truth,c:\Users\Mohammed\Desktop\actual 26015\abc\ground_truth\Ysr Kadapa\check_dam\YSR-KADAPA_IWMP-35_KALAMALLA_p9_i0.jpg,Ysr Kadapa,check_dam,monitoring_column_3_field_photo
YSR-KADAPA_IWMP-35_KALAMALLA_p9_i9.jpg,ground_truth,c:\Users\Mohammed\Desktop\actual 26015\abc\ground_truth\Ysr Kadapa\check_dam\YSR-KADAPA_IWMP-35_KALAMALLA_p9_i9.jpg,Ysr Kadapa,check_dam,monitoring_column_3_field_photo
YSR-KADAPA_IWMP-36_SIBYALA_p10_i0.jpg,ground_truth,c:\Users\Mohammed\Desktop\actual 26015\abc\ground_truth\Ysr Kadapa\farm_pond\YSR-KADAPA_IWMP-36_SIBYALA_p10_i0.jpg,Ysr Kadapa,farm_pond,monitoring_column_3_field_photo
YSR-KADAPA_IWMP-36_SIBYALA_p7_i0.jpg,ground_truth,c:\Users\Mohammed\Desktop\actual 26015\abc\ground_truth\Ysr Kadapa\check_dam\YSR-KADAPA_IWMP-36_SIBYALA_p7_i0.jpg,Ysr Kadapa,check_dam,monitoring_column_3_field_photo
YSR-KADAPA_IWMP-36_SIBYALA_p9_i0.jpg,ground_truth,c:\Users\Mohammed\Desktop\actual 26015\abc\ground_truth\Ysr Kadapa\check_dam\YSR-KADAPA_IWMP-36_SIBYALA_p9_i0.jpg,Ysr Kadapa,check_dam,monitoring_column_3_field_photo
YSR-KADAPA_IWMP-36_SIBYALA_p9_i9.jpg,ground_truth,c:\Users\Mohammed\Desktop\actual 26015\abc\ground_truth\Ysr Kadapa\check_dam\YSR-KADAPA_IWMP-36_SIBYALA_p9_i9.jpg,Ysr Kadapa,check_dam,monitoring_column_3_field_photo
YSR-KADAPA_IWMP-37_GANUGAPENTA_p10_i0.jpg,ground_truth,c:\Users\Mohammed\Desktop\actual 26015\abc\ground_truth\Ysr Kadapa\farm_pond\YSR-KADAPA_IWMP-37_GANUGAPENTA_p10_i0.jpg,Ysr Kadapa,farm_pond,monitoring_column_3_field_photo
YSR-KADAPA_IWMP-37_GANUGAPENTA_p10_i9.jpg,ground_truth,c:\Users\Mohammed\Desktop\actual 26015\abc\ground_truth\Ysr Kadapa\farm_pond\YSR-KADAPA_IWMP-37_GANUGAPENTA_p10_i9.jpg,Ysr Kadapa,farm_pond,monitoring_column_3_field_photo
YSR-KADAPA_IWMP-37_GANUGAPENTA_p7_i0.jpg,ground_truth,c:\Users\Mohammed\Desktop\actual 26015\abc\ground_truth\Ysr Kadapa\check_dam\YSR-KADAPA_IWMP-37_GANUGAPENTA_p7_i0.jpg,Ysr Kadapa,check_dam,monitoring_column_3_field_photo
YSR-KADAPA_IWMP-37_GANUGAPENTA_p7_i9.jpg,ground_truth,c:\Users\Mohammed\Desktop\actual 26015\abc\ground_truth\Ysr Kadapa\check_dam\YSR-KADAPA_IWMP-37_GANUGAPENTA_p7_i9.jpg,Ysr Kadapa,check_dam,monitoring_column_3_field_photo
YSR-KADAPA_IWMP-37_GANUGAPENTA_p8_i0.jpg,ground_truth,c:\Users\Mohammed\Desktop\actual 26015\abc\ground_truth\Ysr Kadapa\plantation\YSR-KADAPA_IWMP-37_GANUGAPENTA_p8_i0.jpg,Ysr Kadapa,plantation,monitoring_column_3_field_photo
YSR-KADAPA_IWMP-37_GANUGAPENTA_p8_i9.jpg,ground_truth,c:\Users\Mohammed\Desktop\actual 26015\abc\ground_truth\Ysr Kadapa\plantation\YSR-KADAPA_IWMP-37_GANUGAPENTA_p8_i9.jpg,Ysr Kadapa,plantation,monitoring_column_3_field_photo
YSR-KADAPA_IWMP-37_GANUGAPENTA_p9_i0.jpg,ground_truth,c:\Users\Mohammed\Desktop\actual 26015\abc\ground_truth\Ysr Kadapa\check_dam\YSR-KADAPA_IWMP-37_GANUGAPENTA_p9_i0.jpg,Ysr Kadapa,check_dam,monitoring_column_3_field_photo
YSR-KADAPA_IWMP-37_GANUGAPENTA_p9_i9.jpg,ground_truth,c:\Users\Mohammed\Desktop\actual 26015\abc\ground_truth\Ysr Kadapa\check_dam\YSR-KADAPA_IWMP-37_GANUGAPENTA_p9_i9.jpg,Ysr Kadapa,check_dam,monitoring_column_3_field_photo
YSR-KADAPA_IWMP-38_VELIDANDLA_p10_i9.jpg,ground_truth,c:\Users\Mohammed\Desktop\actual 26015\abc\ground_truth\Ysr Kadapa\check_dam\YSR-KADAPA_IWMP-38_VELIDANDLA_p10_i9.jpg,Ysr Kadapa,check_dam,monitoring_column_3_field_photo
YSR-KADAPA_IWMP-38_VELIDANDLA_p8_i18.jpg,satellite,c:\Users\Mohammed\Desktop\actual 26015\abc\satellite_images\YSR-KADAPA_IWMP-38_VELIDANDLA_p8_i18.jpg,Ysr Kadapa,satellite_t0_t1,monitoring_column_1_or_2_satellite
YSR-KADAPA_IWMP-38_VELIDANDLA_p9_i0.jpg,ground_truth,c:\Users\Mohammed\Desktop\actual 26015\abc\ground_truth\Ysr Kadapa\farm_pond\YSR-KADAPA_IWMP-38_VELIDANDLA_p9_i0.jpg,Ysr Kadapa,farm_pond,monitoring_column_3_field_photo
YSR-KADAPA_IWMP-38_VELIDANDLA_p9_i9.jpg,ground_truth,c:\Users\Mohammed\Desktop\actual 26015\abc\ground_truth\Ysr Kadapa\farm_pond\YSR-KADAPA_IWMP-38_VELIDANDLA_p9_i9.jpg,Ysr Kadapa,farm_pond,monitoring_column_3_field_photo
YSR-KADAPA_IWMP-39_KUPPAM_p10_i0.jpg,ground_truth,c:\Users\Mohammed\Desktop\actual 26015\abc\ground_truth\Ysr Kadapa\farm_pond\YSR-KADAPA_IWMP-39_KUPPAM_p10_i0.jpg,Ysr Kadapa,farm_pond,monitoring_column_3_field_photo
YSR-KADAPA_IWMP-39_KUPPAM_p10_i9.jpg,ground_truth,c:\Users\Mohammed\Desktop\actual 26015\abc\ground_truth\Ysr Kadapa\check_dam\YSR-KADAPA_IWMP-39_KUPPAM_p10_i9.jpg,Ysr Kadapa,check_dam,monitoring_column_3_field_photo
YSR-KADAPA_IWMP-39_KUPPAM_p8_i18.jpg,ground_truth,c:\Users\Mohammed\Desktop\actual 26015\abc\ground_truth\Ysr Kadapa\water_structure_other\YSR-KADAPA_IWMP-39_KUPPAM_p8_i18.jpg,Ysr Kadapa,water_structure_other,monitoring_column_3_field_photo
YSR-KADAPA_IWMP-39_KUPPAM_p9_i0.jpg,ground_truth,c:\Users\Mohammed\Desktop\actual 26015\abc\ground_truth\Ysr Kadapa\farm_pond\YSR-KADAPA_IWMP-39_KUPPAM_p9_i0.jpg,Ysr Kadapa,farm_pond,monitoring_column_3_field_photo
YSR-KADAPA_IWMP-39_KUPPAM_p9_i9.jpg,ground_truth,c:\Users\Mohammed\Desktop\actual 26015\abc\ground_truth\Ysr Kadapa\farm_pond\YSR-KADAPA_IWMP-39_KUPPAM_p9_i9.jpg,Ysr Kadapa,farm_pond,monitoring_column_3_field_photo
YSR-KADAPA_IWMP-40_CHINNAMANDEM_p10_i0.jpg,ground_truth,c:\Users\Mohammed\Desktop\actual 26015\abc\ground_truth\Ysr Kadapa\plantation\YSR-KADAPA_IWMP-40_CHINNAMANDEM_p10_i0.jpg,Ysr Kadapa,plantation,monitoring_column_3_field_photo
YSR-KADAPA_IWMP-40_CHINNAMANDEM_p10_i9.jpg,ground_truth,c:\Users\Mohammed\Desktop\actual 26015\abc\ground_truth\Ysr Kadapa\plantation\YSR-KADAPA_IWMP-40_CHINNAMANDEM_p10_i9.jpg,Ysr Kadapa,plantation,monitoring_column_3_field_photo
YSR-KADAPA_IWMP-40_CHINNAMANDEM_p8_i18.jpg,satellite,c:\Users\Mohammed\Desktop\actual 26015\abc\satellite_images\YSR-KADAPA_IWMP-40_CHINNAMANDEM_p8_i18.jpg,Ysr Kadapa,satellite_t0_t1,monitoring_column_1_or_2_satellite
YSR-KADAPA_IWMP-40_CHINNAMANDEM_p9_i0.jpg,ground_truth,c:\Users\Mohammed\Desktop\actual 26015\abc\ground_truth\Ysr Kadapa\check_dam\YSR-KADAPA_IWMP-40_CHINNAMANDEM_p9_i0.jpg,Ysr Kadapa,check_dam,monitoring_column_3_field_photo
YSR-KADAPA_IWMP-42_GUNDAPURAM_p10_i0.jpg,ground_truth,c:\Users\Mohammed\Desktop\actual 26015\abc\ground_truth\Ysr Kadapa\check_dam\YSR-KADAPA_IWMP-42_GUNDAPURAM_p10_i0.jpg,Ysr Kadapa,check_dam,monitoring_column_3_field_photo
YSR-KADAPA_IWMP-42_GUNDAPURAM_p8_i18.jpg,satellite,c:\Users\Mohammed\Desktop\actual 26015\abc\satellite_images\YSR-KADAPA_IWMP-42_GUNDAPURAM_p8_i18.jpg,Ysr Kadapa,satellite_t0_t1,monitoring_column_1_or_2_satellite
YSR-KADAPA_IWMP-43_CHINNAORAMPADU_p10_i0.jpg,ground_truth,c:\Users\Mohammed\Desktop\actual 26015\abc\ground_truth\Ysr Kadapa\plantation\YSR-KADAPA_IWMP-43_CHINNAORAMPADU_p10_i0.jpg,Ysr Kadapa,plantation,monitoring_column_3_field_photo
YSR-KADAPA_IWMP-43_CHINNAORAMPADU_p8_i18.jpg,satellite,c:\Users\Mohammed\Desktop\actual 26015\abc\satellite_images\YSR-KADAPA_IWMP-43_CHINNAORAMPADU_p8_i18.jpg,Ysr Kadapa,satellite_t0_t1,monitoring_column_1_or_2_satellite
YSR-KADAPA_IWMP-43_CHINNAORAMPADU_p9_i0.jpg,ground_truth,c:\Users\Mohammed\Desktop\actual 26015\abc\ground_truth\Ysr Kadapa\water_structure_other\YSR-KADAPA_IWMP-43_CHINNAORAMPADU_p9_i0.jpg,Ysr Kadapa,water_structure_other,monitoring_column_3_field_photo
YSR-KADAPA_IWMP-43_CHINNAORAMPADU_p9_i9.jpg,ground_truth,c:\Users\Mohammed\Desktop\actual 26015\abc\ground_truth\Ysr Kadapa\water_structure_other\YSR-KADAPA_IWMP-43_CHINNAORAMPADU_p9_i9.jpg,Ysr Kadapa,water_structure_other,monitoring_column_3_field_photo
YSR-KADAPA_IWMP-44_ANIMELA_p10_i0.jpg,ground_truth,c:\Users\Mohammed\Desktop\actual 26015\abc\ground_truth\Ysr Kadapa\farm_pond\YSR-KADAPA_IWMP-44_ANIMELA_p10_i0.jpg,Ysr Kadapa,farm_pond,monitoring_column_3_field_photo
YSR-KADAPA_IWMP-44_ANIMELA_p10_i9.jpg,ground_truth,c:\Users\Mohammed\Desktop\actual 26015\abc\ground_truth\Ysr Kadapa\farm_pond\YSR-KADAPA_IWMP-44_ANIMELA_p10_i9.jpg,Ysr Kadapa,farm_pond,monitoring_column_3_field_photo
YSR-KADAPA_IWMP-44_ANIMELA_p9_i0.jpg,ground_truth,c:\Users\Mohammed\Desktop\actual 26015\abc\ground_truth\Ysr Kadapa\farm_pond\YSR-KADAPA_IWMP-44_ANIMELA_p9_i0.jpg,Ysr Kadapa,farm_pond,monitoring_column_3_field_photo
YSR-KADAPA_IWMP-44_ANIMELA_p9_i9.jpg,ground_truth,c:\Users\Mohammed\Desktop\actual 26015\abc\ground_truth\Ysr Kadapa\farm_pond\YSR-KADAPA_IWMP-44_ANIMELA_p9_i9.jpg,Ysr Kadapa,farm_pond,monitoring_column_3_field_photo
YSR-KADAPA_IWMP-45_RANGASAMUDRAM_p10_i0.jpg,ground_truth,c:\Users\Mohammed\Desktop\actual 26015\abc\ground_truth\Ysr Kadapa\plantation\YSR-KADAPA_IWMP-45_RANGASAMUDRAM_p10_i0.jpg,Ysr Kadapa,plantation,monitoring_column_3_field_photo
YSR-KADAPA_IWMP-45_RANGASAMUDRAM_p10_i9.jpg,ground_truth,c:\Users\Mohammed\Desktop\actual 26015\abc\ground_truth\Ysr Kadapa\plantation\YSR-KADAPA_IWMP-45_RANGASAMUDRAM_p10_i9.jpg,Ysr Kadapa,plantation,monitoring_column_3_field_photo
YSR-KADAPA_IWMP-45_RANGASAMUDRAM_p8_i15.jpg,satellite,c:\Users\Mohammed\Desktop\actual 26015\abc\satellite_images\YSR-KADAPA_IWMP-45_RANGASAMUDRAM_p8_i15.jpg,Ysr Kadapa,satellite_t0_t1,monitoring_column_1_or_2_satellite
YSR-KADAPA_IWMP-45_RANGASAMUDRAM_p9_i9.jpg,ground_truth,c:\Users\Mohammed\Desktop\actual 26015\abc\ground_truth\Ysr Kadapa\plantation\YSR-KADAPA_IWMP-45_RANGASAMUDRAM_p9_i9.jpg,Ysr Kadapa,plantation,monitoring_column_3_field_photo
YSR-KADAPA_IWMP_01_MALLELA_p10_i0.jpg,ground_truth,c:\Users\Mohammed\Desktop\actual 26015\abc\ground_truth\Ysr Kadapa\farm_pond\YSR-KADAPA_IWMP_01_MALLELA_p10_i0.jpg,Ysr Kadapa,farm_pond,monitoring_column_3_field_photo
YSR-KADAPA_IWMP_01_MALLELA_p10_i9.jpg,ground_truth,c:\Users\Mohammed\Desktop\actual 26015\abc\ground_truth\Ysr Kadapa\farm_pond\YSR-KADAPA_IWMP_01_MALLELA_p10_i9.jpg,Ysr Kadapa,farm_pond,monitoring_column_3_field_photo
YSR-KADAPA_IWMP_01_MALLELA_p11_i0.jpg,ground_truth,c:\Users\Mohammed\Desktop\actual 26015\abc\ground_truth\Ysr Kadapa\farm_pond\YSR-KADAPA_IWMP_01_MALLELA_p11_i0.jpg,Ysr Kadapa,farm_pond,monitoring_column_3_field_photo
YSR-KADAPA_IWMP_01_MALLELA_p11_i9.jpg,ground_truth,c:\Users\Mohammed\Desktop\actual 26015\abc\ground_truth\Ysr Kadapa\farm_pond\YSR-KADAPA_IWMP_01_MALLELA_p11_i9.jpg,Ysr Kadapa,farm_pond,monitoring_column_3_field_photo
YSR-KADAPA_IWMP_02_CHINNACHAPPALLI_p11_i13.jpg,ground_truth,c:\Users\Mohammed\Desktop\actual 26015\abc\ground_truth\Ysr Kadapa\check_dam\YSR-KADAPA_IWMP_02_CHINNACHAPPALLI_p11_i13.jpg,Ysr Kadapa,check_dam,monitoring_column_3_field_photo
YSR-KADAPA_IWMP_02_CHINNACHAPPALLI_p11_i5.jpg,ground_truth,c:\Users\Mohammed\Desktop\actual 26015\abc\ground_truth\Ysr Kadapa\check_dam\YSR-KADAPA_IWMP_02_CHINNACHAPPALLI_p11_i5.jpg,Ysr Kadapa,check_dam,monitoring_column_3_field_photo
YSR-KADAPA_IWMP_02_CHINNACHAPPALLI_p12_i0.jpg,ground_truth,c:\Users\Mohammed\Desktop\actual 26015\abc\ground_truth\Ysr Kadapa\farm_pond\YSR-KADAPA_IWMP_02_CHINNACHAPPALLI_p12_i0.jpg,Ysr Kadapa,farm_pond,monitoring_column_3_field_photo
YSR-KADAPA_IWMP_02_CHINNACHAPPALLI_p12_i9.jpg,ground_truth,c:\Users\Mohammed\Desktop\actual 26015\abc\ground_truth\Ysr Kadapa\farm_pond\YSR-KADAPA_IWMP_02_CHINNACHAPPALLI_p12_i9.jpg,Ysr Kadapa,farm_pond,monitoring_column_3_field_photo
YSR-KADAPA_IWMP_03_GOPAVARAM_p10_i0.jpg,ground_truth,c:\Users\Mohammed\Desktop\actual 26015\abc\ground_truth\Ysr Kadapa\farm_pond\YSR-KADAPA_IWMP_03_GOPAVARAM_p10_i0.jpg,Ysr Kadapa,farm_pond,monitoring_column_3_field_photo
YSR-KADAPA_IWMP_03_GOPAVARAM_p10_i9.jpg,ground_truth,c:\Users\Mohammed\Desktop\actual 26015\abc\ground_truth\Ysr Kadapa\farm_pond\YSR-KADAPA_IWMP_03_GOPAVARAM_p10_i9.jpg,Ysr Kadapa,farm_pond,monitoring_column_3_field_photo
YSR-KADAPA_IWMP_03_GOPAVARAM_p8_i5.jpg,ground_truth,c:\Users\Mohammed\Desktop\actual 26015\abc\ground_truth\Ysr Kadapa\check_dam\YSR-KADAPA_IWMP_03_GOPAVARAM_p8_i5.jpg,Ysr Kadapa,check_dam,monitoring_column_3_field_photo
YSR-KADAPA_IWMP_03_GOPAVARAM_p9_i0.jpg,ground_truth,c:\Users\Mohammed\Desktop\actual 26015\abc\ground_truth\Ysr Kadapa\farm_pond\YSR-KADAPA_IWMP_03_GOPAVARAM_p9_i0.jpg,Ysr Kadapa,farm_pond,monitoring_column_3_field_photo
YSR-KADAPA_IWMP_03_GOPAVARAM_p9_i9.jpg,ground_truth,c:\Users\Mohammed\Desktop\actual 26015\abc\ground_truth\Ysr Kadapa\farm_pond\YSR-KADAPA_IWMP_03_GOPAVARAM_p9_i9.jpg,Ysr Kadapa,farm_pond,monitoring_column_3_field_photo
YSR-KADAPA_IWMP_04_DHODIUM_p11_i11.jpg,ground_truth,c:\Users\Mohammed\Desktop\actual 26015\abc\ground_truth\Ysr Kadapa\water_structure_other\YSR-KADAPA_IWMP_04_DHODIUM_p11_i11.jpg,Ysr Kadapa,water_structure_other,monitoring_column_3_field_photo
YSR-KADAPA_IWMP_04_DHODIUM_p12_i0.jpg,ground_truth,c:\Users\Mohammed\Desktop\actual 26015\abc\ground_truth\Ysr Kadapa\farm_pond\YSR-KADAPA_IWMP_04_DHODIUM_p12_i0.jpg,Ysr Kadapa,farm_pond,monitoring_column_3_field_photo
YSR-KADAPA_IWMP_04_DHODIUM_p12_i9.jpg,ground_truth,c:\Users\Mohammed\Desktop\actual 26015\abc\ground_truth\Ysr Kadapa\farm_pond\YSR-KADAPA_IWMP_04_DHODIUM_p12_i9.jpg,Ysr Kadapa,farm_pond,monitoring_column_3_field_photo
YSR-KADAPA_IWMP_04_DHODIUM_p13_i9.jpg,ground_truth,c:\Users\Mohammed\Desktop\actual 26015\abc\ground_truth\Ysr Kadapa\farm_pond\YSR-KADAPA_IWMP_04_DHODIUM_p13_i9.jpg,Ysr Kadapa,farm_pond,monitoring_column_3_field_photo
YSR-KADAPA_IWMP_05_K-YERRAGUDI_p8_i11.jpg,ground_truth,c:\Users\Mohammed\Desktop\actual 26015\abc\ground_truth\Ysr Kadapa\check_dam\YSR-KADAPA_IWMP_05_K-YERRAGUDI_p8_i11.jpg,Ysr Kadapa,check_dam,monitoring_column_3_field_photo
YSR-KADAPA_IWMP_05_K-YERRAGUDI_p8_i3.jpg,ground_truth,c:\Users\Mohammed\Desktop\actual 26015\abc\ground_truth\Ysr Kadapa\check_dam\YSR-KADAPA_IWMP_05_K-YERRAGUDI_p8_i3.jpg,Ysr Kadapa,check_dam,monitoring_column_3_field_photo
YSR-KADAPA_IWMP_05_K-YERRAGUDI_p9_i3.jpg,ground_truth,c:\Users\Mohammed\Desktop\actual 26015\abc\ground_truth\Ysr Kadapa\check_dam\YSR-KADAPA_IWMP_05_K-YERRAGUDI_p9_i3.jpg,Ysr Kadapa,check_dam,monitoring_column_3_field_photo
YSR-KADAPA_IWMP_06_VERRABELLI_p10_i13.jpg,ground_truth,c:\Users\Mohammed\Desktop\actual 26015\abc\ground_truth\Ysr Kadapa\check_dam\YSR-KADAPA_IWMP_06_VERRABELLI_p10_i13.jpg,Ysr Kadapa,check_dam,monitoring_column_3_field_photo
YSR-KADAPA_IWMP_06_VERRABELLI_p11_i0.jpg,ground_truth,c:\Users\Mohammed\Desktop\actual 26015\abc\ground_truth\Ysr Kadapa\plantation\YSR-KADAPA_IWMP_06_VERRABELLI_p11_i0.jpg,Ysr Kadapa,plantation,monitoring_column_3_field_photo
YSR-KADAPA_IWMP_06_VERRABELLI_p11_i9.jpg,ground_truth,c:\Users\Mohammed\Desktop\actual 26015\abc\ground_truth\Ysr Kadapa\plantation\YSR-KADAPA_IWMP_06_VERRABELLI_p11_i9.jpg,Ysr Kadapa,plantation,monitoring_column_3_field_photo
YSR-KADAPA_IWMP_07_UPPALUR_p10_i13.jpg,ground_truth,c:\Users\Mohammed\Desktop\actual 26015\abc\ground_truth\Ysr Kadapa\check_dam\YSR-KADAPA_IWMP_07_UPPALUR_p10_i13.jpg,Ysr Kadapa,check_dam,monitoring_column_3_field_photo
YSR-KADAPA_IWMP_07_UPPALUR_p10_i5.jpg,ground_truth,c:\Users\Mohammed\Desktop\actual 26015\abc\ground_truth\Ysr Kadapa\check_dam\YSR-KADAPA_IWMP_07_UPPALUR_p10_i5.jpg,Ysr Kadapa,check_dam,monitoring_column_3_field_photo
YSR-KADAPA_IWMP_07_UPPALUR_p12_i0.jpg,ground_truth,c:\Users\Mohammed\Desktop\actual 26015\abc\ground_truth\Ysr Kadapa\plantation\YSR-KADAPA_IWMP_07_UPPALUR_p12_i0.jpg,Ysr Kadapa,plantation,monitoring_column_3_field_photo
YSR-KADAPA_IWMP_07_UPPALUR_p12_i9.jpg,ground_truth,c:\Users\Mohammed\Desktop\actual 26015\abc\ground_truth\Ysr Kadapa\plantation\YSR-KADAPA_IWMP_07_UPPALUR_p12_i9.jpg,Ysr Kadapa,plantation,monitoring_column_3_field_photo
