{"type": "FeatureCollection", "features": [{"type": "Feature", "properties": {"name": "Andhra Pradesh (real-asset-coverage union, not the full current state)", "source_note": "Union of 11 real Census district polygons matching this project's live asset districts."}, "geometry": {"type": "MultiPolygon", "coordinates": [[[[80.00310348548469, 13.492093075590082], [79.99120728265147, 13.484559814751222], [79.98595945156927, 13.480450547525132], [79.98491028205225, 13.476341641205243], [79.98316151369649, 13.471890305018102], [79.9820101864503, 13.469722749438024], [79.98079018357012, 13.469372774682665], [79.9743971426846, 13.464213977165006], [79.97472277331764, 13.457088445604679], [79.97561988960263, 13.453520217393447], [79.9735931851116, 13.440622723299608], [79.97582075141025, 13.430895613121214], [79.9710693445328, 13.425832763192664], [79.96344884734317, 13.42109098974822], [79.95685015350753, 13.423734588998268], [79.9485133577212, 13.42250094359304], [79.9450508926025, 13.41731087452706], [79.94817306584292, 13.40356172288682], [79.94823083700342, 13.397822430142801], [79.96291859700442, 13.394975485857081], [79.96622923860863, 13.387133731315291], [79.96069076661828, 13.380246404133306], [79.95238322453471, 13.382104759746113], [79.95329122134929, 13.374002109328437], [79.95266480413659, 13.371137042480516], [79.94141777156236, 13.356552750474641], [79.93819896915309, 13.34896132134834], [79.92981506892278, 13.354036387862351], [79.92333240814862, 13.356682533578638], [79.91894859563597, 13.352022630800791], [79.91653553513112, 13.346246635083155], [79.9100362836963, 13.34246247851328], [79.90447090808019, 13.337586345287104], [79.89874512052651, 13.334248781481566], [79.8928139499392, 13.333390081031272], [79.88762063829408, 13.330340306086226], [79.88321660698992, 13.324700759188971], [79.87786239203714, 13.32366067040004], [79.87151167909118, 13.326648760835619], [79.8683395704791, 13.321055213552832], [79.86382921223192, 13.316337437553027], [79.85169652242787, 13.316228018423361], [79.84941519335362, 13.315876643603534], [79.84323532544947, 13.314931887996885], [79.83666772820851, 13.3151693307406], [79.82110198019636, 13.317899611826265], [79.81289250788207, 13.317120946479362], [79.80760585740666, 13.311367110176866], [79.80489206299465, 13.304445151127288], [79.79988566871768, 13.297431681631544], [79.79241834843722, 13.294862823916015], [79.78681671688095, 13.297902417565586], [79.7809510859183, 13.302382565335245], [79.76661299887654, 13.315494227291197], [79.76310244979783, 13.311506923211887], [79.76231544609908, 13.303588006211227], [79.75873403230237, 13.292718799699944], [79.75406862435592, 13.289373138494], [79.742209561433, 13.287763977685175], [79.7338513157687, 13.28491408635254], [79.73436587495577, 13.278420984839197], [79.75201467119076, 13.267168666194847], [79.7582135510796, 13.260966461870607], [79.76543818857382, 13.256537589586022], [79.78807730800253, 13.246961712352656], [79.7959824420342, 13.241030412014704], [79.79762909682198, 13.23635884654973], [79.79598830943586, 13.230805890462017], [79.79005976850675, 13.230063340396523], [79.78630814473648, 13.230386313663947], [79.77988099696171, 13.226199001424048], [79.77607714839377, 13.22169843200603], [79.77041232346417, 13.21842043189842], [79.76454233780454, 13.217613518870358], [79.75710669921381, 13.207746624997146], [79.75098470676224, 13.211077566805898], [79.75019233045737, 13.218323298851374], [79.74636815779559, 13.223012917662764], [79.74518928991874, 13.22773438489642], [79.73918351175685, 13.230140950237077], [79.73547476786041, 13.234597293927726], [79.7312063129495, 13.235327937459383], [79.72836157475137, 13.227143994401674], [79.72409571314984, 13.223223387897802], [79.7183446787321, 13.221954880963828], [79.71229259992748, 13.21540482544451], [79.70507909485661, 13.22023825878136], [79.7013817298139, 13.220099234267567], [79.70206719686658, 13.22394291605946], [79.70836326503213, 13.236461557960894], [79.7086379568942, 13.246562183617547], [79.70452722866506, 13.251191611891368], [79.69714747835623, 13.246495426236224], [79.69327854031893, 13.241022526666807], [79.68590502415127, 13.242119019891437], [79.68368863998887, 13.248455707440206], [79.68633242449157, 13.259629121427954], [79.69686839906853, 13.269297079508775], [79.69414910936283, 13.278164352820268], [79.69184577176611, 13.281916257453284], [79.68101951205725, 13.294477708265438], [79.67840662492831, 13.28583408219065], [79.67506864322904, 13.280694294495813], [79.6699064311252, 13.281026944374577], [79.66587088628407, 13.2870993539236], [79.6611054684114, 13.285878193067047], [79.65623770092257, 13.285864378925725], [79.65094174818606, 13.288668192297534], [79.6449885919295, 13.28602513374844], [79.64317478952933, 13.280645894549108], [79.64204154905602, 13.273358334991393], [79.63677327329461, 13.274502974063909], [79.63322574474817, 13.271428320934124], [79.62767430424763, 13.272923085865745], [79.62320750007645, 13.277035299431883], [79.61754348835287, 13.279789250030067], [79.61356555403232, 13.280166085034836], [79.60729777745911, 13.275458755178883], [79.60111701073244, 13.272817928903597], [79.5988769929031, 13.265889626871742], [79.59786845109669, 13.259520043956792], [79.59269676235533, 13.257783522415323], [79.58338967351851, 13.259766569645082], [79.57778339957306, 13.26176673071518], [79.56716534578472, 13.27151207987969], [79.56109304163567, 13.27943096465769], [79.55869267218769, 13.286343685569713], [79.55376513828996, 13.29120934690566], [79.55152969429045, 13.30202256265869], [79.55117412162897, 13.313168261981465], [79.54805862211711, 13.323295039157916], [79.53497393836531, 13.328121171079928], [79.52176591001266, 13.326860913370007], [79.51004370290663, 13.326957443058138], [79.4994380815429, 13.328659131352584], [79.49146109441145, 13.333553429766782], [79.46679960907066, 13.33634913113721], [79.44098983431574, 13.335537298530213], [79.42942896344339, 13.333916837513454], [79.41348141467319, 13.327674955052622], [79.38667823034595, 13.314924657907474], [79.39773190981869, 13.306620757154148], [79.41110924731983, 13.301115229731233], [79.41757599471123, 13.297386754640245], [79.43394546088253, 13.298678046715315], [79.43722730757636, 13.293368022838958], [79.43054080917157, 13.286595925630111], [79.43019105592366, 13.281086104298417], [79.43122250264923, 13.278377916933282], [79.42451093399906, 13.269537050193929], [79.42088945070027, 13.258775893413983], [79.41956980401285, 13.249705473745804], [79.42193873934468, 13.240212857032718], [79.42091532679724, 13.231665233792496], [79.4231248573242, 13.224245409869246], [79.42927612503895, 13.22430168724462], [79.43045518144109, 13.23055015728904], [79.43917503076952, 13.234845943054832], [79.44838839388332, 13.241943434220188], [79.45476746344477, 13.241312997447816], [79.45774325730119, 13.233879517574872], [79.45781585827558, 13.22894087342575], [79.43393472690626, 13.22065000064918], [79.43546411166808, 13.215928005749964], [79.43548177582873, 13.211043802905321], [79.43389589189292, 13.20531514613608], [79.43612969595888, 13.199608466877548], [79.4329281623388, 13.196596612778478], [79.42561382713495, 13.197981143894236], [79.41021276310478, 13.198510046489925], [79.40485707818745, 13.196546609220045], [79.39665726207527, 13.196788797360721], [79.39065127939058, 13.194486852503523], [79.38127810390766, 13.188307901721023], [79.38307866220642, 13.18064557509717], [79.37947184413754, 13.177635491027385], [79.37725057953453, 13.172429592407125], [79.37351374339464, 13.168091496329142], [79.3670030551856, 13.173374738346252], [79.36004400266944, 13.17504052604161], [79.35937634503979, 13.1659770111648], [79.36015138482269, 13.155860157998948], [79.35917682408586, 13.15218875354055], [79.35907418689885, 13.146913143879374], [79.36693034492373, 13.141847295424219], [79.3624342156643, 13.137524119339632], [79.35667456421088, 13.135616306932162], [79.350108329755, 13.135213024068504], [79.34763115944277, 13.139543676871943], [79.34299943378039, 13.133262428689969], [79.32903830494664, 13.131372444008615], [79.32470710425223, 13.125773888763055], [79.32205784779259, 13.118901337922248], [79.32235074266681, 13.111956699205557], [79.32026522183266, 13.108928062655323], [79.30978194256232, 13.109358210073559], [79.31106050850264, 13.126805313624299], [79.30037124611472, 13.130221167699018], [79.2971934668603, 13.134789756021867], [79.28977493975972, 13.13163454616815], [79.2860897208309, 13.132805368498438], [79.28492283617712, 13.138563702925337], [79.28350715838604, 13.149944845397693], [79.27960779633901, 13.153071457469355], [79.27339256465164, 13.152609818102881], [79.26866731045416, 13.14839561542509], [79.26483764635833, 13.153134892103491], [79.26353104305579, 13.15802969887305], [79.25938808554086, 13.159899729046469], [79.25639962579822, 13.152973711945007], [79.25551020551873, 13.14517294288132], [79.24889198324456, 13.138567969198997], [79.24520978170177, 13.139511278420047], [79.23852719703977, 13.146397738598814], [79.23044411617845, 13.147319581965963], [79.22680178199492, 13.139429303544548], [79.23043351134302, 13.132223807820536], [79.23461775576881, 13.127827394212298], [79.23045983213932, 13.122113678591758], [79.2304675836133, 13.115742893921015], [79.22647732387718, 13.108653280252542], [79.21963596318517, 13.10324897048419], [79.21439994033865, 13.102085875927985], [79.20549170566451, 13.101468479895706], [79.20110103153624, 13.096391713874032], [79.19920179572487, 13.088826466661924], [79.19570016010064, 13.084717150693946], [79.1928722506393, 13.078818055235892], [79.19130265232701, 13.071884493417295], [79.18163334650264, 13.064782853951483], [79.186949528671, 13.061461734765594], [79.1844923295907, 13.05550842182527], [79.18878114738186, 13.050075689206897], [79.18922092855074, 13.045191894556487], [79.18887954694446, 13.04158076189096], [79.18666129027696, 13.037062430833988], [79.18537779306943, 13.031093559454842], [79.18285647673845, 13.02749282586168], [79.1734739742864, 13.023603768678315], [79.16497560686916, 13.019080774837304], [79.15387401392893, 13.0215787863209], [79.14337508639068, 13.02849006065193], [79.13144807163313, 13.034266816006639], [79.11653967952657, 13.035880895370743], [79.09493580954201, 13.024095093253369], [79.08118017664927, 13.02574438345248], [79.07267881897454, 13.032412038428973], [79.06605467036411, 13.039705134392925], [79.06532076397231, 13.049527334709765], [79.05592067157194, 13.05522405044583], [79.04554811303689, 13.057139119529571], [79.03787775805044, 13.061039292992378], [79.03481119885205, 13.06784366910412], [79.0233876364829, 13.069247446510785], [79.01229707342344, 13.069271312313852], [79.00717569698114, 13.074419373682424], [79.0001367472464, 13.084001601708053], [78.9936075557103, 13.087536294585151], [78.99144764815588, 13.08783367326829], [78.98354043429076, 13.086428283627928], [78.97649968187922, 13.084104708725352], [78.9747901166269, 13.082856086885636], [78.97103306367218, 13.076733117636634], [78.96693174146097, 13.076221339618998], [78.9618500922521, 13.077364558698056], [78.95767438034882, 13.074775439808503], [78.94843803793087, 13.081211857959303], [78.94188889021069, 13.077248418744139], [78.9261572728274, 13.078959238576132], [78.9238265373164, 13.074480690831837], [78.9226373779173, 13.06729795474397], [78.92047072423729, 13.06167045657086], [78.91269911160414, 13.063278483663602], [78.90525269584431, 13.046277771527713], [78.91019892333776, 13.042896297894346], [78.9162180228886, 13.04226478086284], [78.92923220602836, 13.043793384908119], [78.93229500141783, 13.039874061839967], [78.93932997630307, 13.034741089879756], [78.94052783618193, 13.032730232470078], [78.93651726618253, 13.029917930600552], [78.93485826612961, 13.033025679254902], [78.9277791210688, 13.03431345059166], [78.9019255793861, 13.031032119384427], [78.89373250120263, 13.030955703413726], [78.89115553046304, 13.036668822331533], [78.89265636668988, 13.05543556203261], [78.89211404221669, 13.080718557340466], [78.89521928368603, 13.093100318263723], [78.88771160971713, 13.097250083193195], [78.8819824653688, 13.097996032775441], [78.87639310878372, 13.095753470529235], [78.87235282836922, 13.090565261150479], [78.87003742877022, 13.08214321434854], [78.85557217989297, 13.082515627911942], [78.8439051807879, 13.08061062117613], [78.825008761287, 13.085622863483492], [78.81966486011216, 13.088883157369716], [78.8124355245806, 13.08648424909577], [78.80574870485884, 13.08069267920458], [78.79816125034455, 13.07306592595009], [78.79463555870319, 13.067298207233046], [78.78909208494173, 13.064076823205003], [78.76599257867733, 13.057859272967589], [78.7575481298811, 13.056273922983435], [78.75103847048156, 13.056335216256313], [78.74366027022491, 13.061223171874868], [78.73695144861875, 13.063589593284856], [78.71386947635374, 13.066906137771557], [78.71270040192633, 13.055030039273776], [78.70746755257468, 13.023310443100625], [78.70525062855907, 13.015180362395114], [78.69082148918122, 13.019729537516836], [78.68005462764457, 13.02179331593679], [78.66250047231631, 13.028613716172512], [78.66034963082521, 13.027033655746676], [78.6564561310701, 13.018001775475849], [78.65311257242958, 13.012298880494056], [78.64873734296047, 13.007523644004227], [78.63977459066182, 13.000393387598521], [78.6319033479887, 12.993180352908396], [78.6250477775536, 12.989540125428139], [78.63166079659618, 12.984568320965451], [78.6493964868357, 12.965138230183321], [78.64046008150798, 12.963824691137528], [78.6471715023167, 12.94908353805728], [78.6582757792194, 12.929807013786899], [78.649027180502, 12.92665781314633], [78.64228558342282, 12.926743626379524], [78.63722349707294, 12.92992342333336], [78.63628277665119, 12.924928092611943], [78.63118508040536, 12.912820059991656], [78.62707108759979, 12.903974098443328], [78.62377891798982, 12.899307352738854], [78.61753413114809, 12.884454894700156], [78.61619915873929, 12.876772228377023], [78.6160195916795, 12.868211485679591], [78.60315001692341, 12.849308552938675], [78.60541775583586, 12.843768389534612], [78.60728684350809, 12.826274559243572], [78.60933034807618, 12.821879742560588], [78.59986378737847, 12.81557211556769], [78.6022828803357, 12.808703639034096], [78.60144791447185, 12.803260733590038], [78.59419786645492, 12.796119364112654], [78.59459690086626, 12.78703026537614], [78.59364246164115, 12.781586482121702], [78.59177438607898, 12.77804786675317], [78.57742634914312, 12.769795804095523], [78.57855481808608, 12.762943036248311], [78.57328830580865, 12.763359075193733], [78.56981510842576, 12.762426378024525], [78.56575869826742, 12.756843290410275], [78.56260486853756, 12.757583212261537], [78.55830963961799, 12.756375076715745], [78.55722572571972, 12.754667512255315], [78.5620200677867, 12.749539630180752], [78.55736674913467, 12.739383307861454], [78.5626089376442, 12.737010930262272], [78.56565483135184, 12.736858163990526], [78.56398758475746, 12.731188520249596], [78.559992748716, 12.725778365216211], [78.5572492401372, 12.718175386266513], [78.56108590211318, 12.711516266644338], [78.56402419737732, 12.707910781758237], [78.56375093251246, 12.705162100830986], [78.55977962851533, 12.706189926304111], [78.55687098995305, 12.703414774717183], [78.55951994543841, 12.699931008750823], [78.55946890348469, 12.696426902145161], [78.55646534254282, 12.695259054133864], [78.55313273360218, 12.695822600624599], [78.54303789145169, 12.690728669199878], [78.53951383212309, 12.689792697736356], [78.53613161998537, 12.690472915381344], [78.53189358058268, 12.697771434301137], [78.53026533133186, 12.703135726296775], [78.532559864194, 12.707931784397655], [78.5373317925755, 12.705515042887052], [78.53918481450181, 12.708074008663457], [78.5381273084433, 12.711994490953845], [78.52766325087659, 12.714258008692616], [78.52788611306163, 12.717133001853085], [78.52398183859442, 12.718730596479555], [78.52258664779441, 12.73242644391627], [78.52103103283551, 12.730496692595487], [78.51907027064938, 12.723796637565636], [78.51520986053315, 12.724073439134937], [78.5148042867207, 12.728796898404525], [78.51343800637147, 12.732203041409615], [78.508734303653, 12.73479637407742], [78.50593838855525, 12.741035645181926], [78.50045942002023, 12.742604990889609], [78.49592560277068, 12.74541696563091], [78.4912322302671, 12.740651058066723], [78.49600004530987, 12.733697583222327], [78.50306784472497, 12.727743021221606], [78.50527227902367, 12.721850773749125], [78.52071547412926, 12.715618412175601], [78.52219355528182, 12.712496302445372], [78.52150425803207, 12.709512512879941], [78.51627784330947, 12.708723430861836], [78.51557723281114, 12.70401822622339], [78.5095562269533, 12.709212488232376], [78.50657375546865, 12.714424638871433], [78.5050513794035, 12.714153187326836], [78.50579069597642, 12.708632712337561], [78.5046798446014, 12.704395937196216], [78.49921269273447, 12.703314233673863], [78.49795920334644, 12.701202090585753], [78.50124538023873, 12.697307620722391], [78.50527714344665, 12.696456243058869], [78.50509308640245, 12.691745247070012], [78.50910928418325, 12.689970823529185], [78.50883720645858, 12.687213156259308], [78.5057673107397, 12.685419334099784], [78.50516827242284, 12.680310614390168], [78.50027642701255, 12.67405578674823], [78.48575721858168, 12.66987303486867], [78.46933013800906, 12.672908026033957], [78.47106145308155, 12.649442315377913], [78.47465010172262, 12.64605664940293], [78.473613234151, 12.642972304976832], [78.47079593535516, 12.642207354978353], [78.47181385840864, 12.631157730465075], [78.47135701713727, 12.62811359538216], [78.46653957328215, 12.622720937190312], [78.46313639120038, 12.626438346383473], [78.45916522187248, 12.627180422052069], [78.45114720784446, 12.627580287532433], [78.43658953441648, 12.625527379727785], [78.42999189535834, 12.631244355774717], [78.42398061121972, 12.628905802187878], [78.41875790228207, 12.628104337803995], [78.41144205098767, 12.623896610733828], [78.40915940919919, 12.624156226117597], [78.39773743230542, 12.6244112825105], [78.38578222155132, 12.623594372066213], [78.3799089627544, 12.622343222354871], [78.37210371119917, 12.625601613948897], [78.35985622302618, 12.634096026055877], [78.35029568176984, 12.642322003034604], [78.34083772160514, 12.64881195862548], [78.33379122582947, 12.647583714332965], [78.32013789106728, 12.660344692868273], [78.30630355632424, 12.664542493041598], [78.30177766137258, 12.663211176907565], [78.30018733621718, 12.66685393267046], [78.29832745916927, 12.668435402015922], [78.2954675702634, 12.677889242432602], [78.27843775959992, 12.697639563357205], [78.27562732895424, 12.702045916974866], [78.25020795774182, 12.702534450375785], [78.24378113561426, 12.70387643105424], [78.23856646395222, 12.69940403422971], [78.23780036611329, 12.690272523102006], [78.23924416335274, 12.683993332623057], [78.21120415210228, 12.68571614816351], [78.20639323500656, 12.690032715634546], [78.20090900280105, 12.69136189195526], [78.20052500384037, 12.693605325296144], [78.20984872520339, 12.698774994482738], [78.21039681271816, 12.700039428329829], [78.20577105785244, 12.705319782904306], [78.20713276457464, 12.706741516478472], [78.21105319753407, 12.706292837169308], [78.21431457071041, 12.709065889218092], [78.22088253820765, 12.709330687203101], [78.22489790460537, 12.712440852662894], [78.2314181467582, 12.713389977783878], [78.23831542563838, 12.725264572870604], [78.23995665804736, 12.730295277342915], [78.23028310777626, 12.757078680161165], [78.23164340969402, 12.762635916335809], [78.23612661511751, 12.764987392765184], [78.24049916927284, 12.772063550391575], [78.2463921341797, 12.797620698506377], [78.25116390611309, 12.813180462456462], [78.2528049998521, 12.82235781937129], [78.25197438269436, 12.857411662584507], [78.25553073562564, 12.861100712772366], [78.25962466064564, 12.859849094250631], [78.26471612245376, 12.859609748298752], [78.26902072260111, 12.865652076632331], [78.27354365340706, 12.86662077384016], [78.28149601167667, 12.860605860306203], [78.28663614576715, 12.859227989153865], [78.31410571907399, 12.857328527492497], [78.3172082869228, 12.866598217003853], [78.31505150118114, 12.875869906095152], [78.3220205374116, 12.8754966090412], [78.33260000493426, 12.87300361366885], [78.33372323379967, 12.877995631293027], [78.33848863367533, 12.884193157959071], [78.33371506457968, 12.886326398010533], [78.33242236206215, 12.88180079075782], [78.3271560130963, 12.882328010412042], [78.32189726058371, 12.883941403521883], [78.32093063402314, 12.886596181266805], [78.32425907954229, 12.889887373371879], [78.3233719886464, 12.893405481477537], [78.32444025595892, 12.898729924177799], [78.32741681481488, 12.902718704774607], [78.33312913089625, 12.89971377648599], [78.33815860646581, 12.899362372273426], [78.34929722595834, 12.916633759685093], [78.34868054368378, 12.92324735596107], [78.3492375613746, 12.925879441766897], [78.35495585248074, 12.928224404666134], [78.35137392556081, 12.932119651422358], [78.35171062236135, 12.935043516927042], [78.35638346814444, 12.938195959520808], [78.37199589039922, 12.92180002532604], [78.37972154828722, 12.911989294487404], [78.38942014187779, 12.905432705170536], [78.39446374227299, 12.90565890300532], [78.39617764871007, 12.906497402057006], [78.39947369425838, 12.915764366650212], [78.41065438411073, 12.906479510988826], [78.41405825386093, 12.901612456451574], [78.42266214871549, 12.901211560432369], [78.42850919942164, 12.899354088395441], [78.43583577699152, 12.903747975614326], [78.43607265641003, 12.908508150520394], [78.43758849744312, 12.91239504985256], [78.4470139082216, 12.911017002773058], [78.44691096462836, 12.899232863541334], [78.44951526092689, 12.896615204061527], [78.44971963496472, 12.89011956079373], [78.45768402685921, 12.885135671715966], [78.46394847440872, 12.875919274072261], [78.46340410666475, 12.866161707814078], [78.46553617964227, 12.863606880112775], [78.4682351601466, 12.876494627195067], [78.46959269441386, 12.890147112110176], [78.46736741721104, 12.903159915905619], [78.46027055845558, 12.907051681496503], [78.45408904593889, 12.914479365435762], [78.45241530306086, 12.915993725958614], [78.44564547508705, 12.918616353034663], [78.43709060967113, 12.927450721620145], [78.43357278513766, 12.927727035462576], [78.42809963224992, 12.93049662530948], [78.42572296517145, 12.927831318393622], [78.42514891631392, 12.924339225507108], [78.42118040543909, 12.91680358557584], [78.4187370800059, 12.918383758476216], [78.41836017457919, 12.925509585154913], [78.4140846162355, 12.93470445920705], [78.4121429414867, 12.943006309047892], [78.41434713687168, 12.945615731083292], [78.42165498201793, 12.947989275572334], [78.42245782625422, 12.950852617306445], [78.41968119359869, 12.954278745914586], [78.42018852144795, 12.957145693216006], [78.42438931892015, 12.955138624313784], [78.4274857105008, 12.954636025984975], [78.43086172947262, 12.956948007087133], [78.43164012503492, 12.957918597047565], [78.43841900269753, 12.960813079960298], [78.4348922554736, 12.964657057679519], [78.43388256611448, 12.968000999117962], [78.43295781789554, 12.973005297858675], [78.43367637852883, 12.978856183087611], [78.43668506713713, 12.980027664926077], [78.44464453624005, 12.979056830949812], [78.46903096232279, 12.973570822063303], [78.46871093867337, 12.98099063132884], [78.47048535462677, 12.98607844763685], [78.47252368572508, 12.98944398057963], [78.46647789486221, 13.000391657629955], [78.463340699559, 13.014030938003405], [78.463658816971, 13.018856948597069], [78.46136508801062, 13.025133692302635], [78.46089930826496, 13.03605596181968], [78.46255622701115, 13.041777514493559], [78.46600192848841, 13.042840083332816], [78.47205256857248, 13.042272786220343], [78.47571142197863, 13.045171492243082], [78.47805140648035, 13.051642969835724], [78.48208005422183, 13.054133401186046], [78.48839040272848, 13.053509293382112], [78.49210334398633, 13.054687273186738], [78.49894477594634, 13.060028243530068], [78.51563346007757, 13.063097827747345], [78.5158350874677, 13.069696413757692], [78.50957576565652, 13.080091625105032], [78.51057818410925, 13.086114562610552], [78.5129180885526, 13.09195216032304], [78.51779816832351, 13.094498261426535], [78.52482134529002, 13.095003078773827], [78.52581552933792, 13.101433777503772], [78.5389798843575, 13.10769663285256], [78.53338448416233, 13.10998143987311], [78.52719788864522, 13.111127603554372], [78.52210386682889, 13.116621894485691], [78.51965411425576, 13.123540811080934], [78.51970887611422, 13.12985824753245], [78.52387112870106, 13.130512563198813], [78.53237926835581, 13.139335718868049], [78.54642983261863, 13.141050371396988], [78.54766134668823, 13.147241858147233], [78.54367540502506, 13.152386334656086], [78.5446477983083, 13.156405427593276], [78.54972898671483, 13.161865947499814], [78.55782075322799, 13.163754945843289], [78.56904818186831, 13.162671094134124], [78.57223810934406, 13.16603716279942], [78.57634376433491, 13.167151551502526], [78.58007119263942, 13.166832793768915], [78.57664993071465, 13.182075820424737], [78.57429816095743, 13.187720367944042], [78.57034521546971, 13.190109592541312], [78.56442331403622, 13.190168399385986], [78.55780309540485, 13.18890376364817], [78.55336170008842, 13.19043812715206], [78.55185169474298, 13.197509078610866], [78.56417108006627, 13.199526492754407], [78.56928769337502, 13.202465932126728], [78.5710451721009, 13.208482369909227], [78.57680518837482, 13.211192384311495], [78.57959179307937, 13.2145502252288], [78.5752400394661, 13.218326917437283], [78.56807387552803, 13.222288482292251], [78.56974452967594, 13.237376161387399], [78.57074371071097, 13.243628110286158], [78.57407106388506, 13.248657144890807], [78.57938698685926, 13.253778370719747], [78.58300825488881, 13.258850977068986], [78.58829522372562, 13.272301167398552], [78.58693855579455, 13.277365819059298], [78.5779652339392, 13.281983849582506], [78.57520543238127, 13.293604025316814], [78.57232315605981, 13.298223222928026], [78.57084753153319, 13.303520419259534], [78.56640179105021, 13.309588036324907], [78.56486541717916, 13.308455496532225], [78.5639732016331, 13.294797600939066], [78.56137409841155, 13.286203633134027], [78.55793859478302, 13.28284726120086], [78.55437213061627, 13.283396094110849], [78.5463208290358, 13.286222269632578], [78.53946774624919, 13.285994249370715], [78.53635609273515, 13.279420615412423], [78.53450927213537, 13.27076169429822], [78.53153449407729, 13.265730501249955], [78.52622039115421, 13.267271358279466], [78.52267880060393, 13.270060600159868], [78.51902336744133, 13.279562720983808], [78.51459788871927, 13.2825286270778], [78.51183055308239, 13.287267765480873], [78.50587420622382, 13.28926360978054], [78.49412330402734, 13.29809897476493], [78.48314055230692, 13.301122174395429], [78.48076371412355, 13.303891297915554], [78.48230585929535, 13.317892431918695], [78.47693593949239, 13.32006568145093], [78.4710565583527, 13.317870792791917], [78.46469975003038, 13.314079587158114], [78.4584176468224, 13.312754665215419], [78.45182033426747, 13.309418174629307], [78.44647849347635, 13.308261479252241], [78.44077142451216, 13.317724770240213], [78.43951424424122, 13.326978085975611], [78.4348975459864, 13.328967629529899], [78.43121315985795, 13.328947926346526], [78.42568095329177, 13.326979181125072], [78.41748312537119, 13.319929412645221], [78.41246924213226, 13.31721129899811], [78.4016582007816, 13.313513147176252], [78.39326903993853, 13.323858242596456], [78.38948257601294, 13.326646567611439], [78.38545411047762, 13.32834877282768], [78.37732504795017, 13.329787092661098], [78.37822340762695, 13.338223747796597], [78.38159368986496, 13.342153165762124], [78.38785368329509, 13.341069812485005], [78.38570530458591, 13.336154761437232], [78.38931935868897, 13.334286971769773], [78.39492718046522, 13.333320693325874], [78.39875652491756, 13.328239067888891], [78.4016094852615, 13.333497048381666], [78.40558500405628, 13.332371706969578], [78.4077291285548, 13.342120655765347], [78.40288453756848, 13.345317056822571], [78.39524066419558, 13.347956352511082], [78.39399330748849, 13.352105990399691], [78.38505934745018, 13.356142426947578], [78.37846282631475, 13.358026574755366], [78.37429618635126, 13.358004441930731], [78.37077476688789, 13.356663651195358], [78.36666882895608, 13.35640632347558], [78.36539172874423, 13.364744175894934], [78.37004904213384, 13.37400186802404], [78.37467631076241, 13.380167501056611], [78.37892416616099, 13.389490970333837], [78.38148362680069, 13.40066574997071], [78.38147810314544, 13.406858809356926], [78.37965201303942, 13.418594661211934], [78.37748265738779, 13.42463669108974], [78.3754568442069, 13.4340108123526], [78.37715714235344, 13.440883470791668], [78.37428543929848, 13.44751424274183], [78.37430598307142, 13.455207147715786], [78.37266158204415, 13.461652516747556], [78.37366127029048, 13.468817168083612], [78.37736211254388, 13.476420552944713], [78.37750416018191, 13.491520990469395], [78.37832775539559, 13.499316914718616], [78.37732324011256, 13.504725021037268], [78.37960118524299, 13.50946503100042], [78.38421924502669, 13.515061273679322], [78.38310674081413, 13.521783743459777], [78.39547972436594, 13.54120256463326], [78.39599294043508, 13.553472913165093], [78.40774912507193, 13.5757093608945], [78.40385801680436, 13.58015708180054], [78.4007040945814, 13.587593179471785], [78.39023921918168, 13.59077909231778], [78.37698063984183, 13.589738912841883], [78.37128637998504, 13.588297846015703], [78.35351206896165, 13.587177174225223], [78.3326290502246, 13.592337446087823], [78.32225301613441, 13.592824818035618], [78.30157775156269, 13.588111955049785], [78.29030894139865, 13.586933025066445], [78.27507008716493, 13.587456732507603], [78.26794861720622, 13.584531513265], [78.25932871526335, 13.583509048480002], [78.24616580796508, 13.593658173730427], [78.23727743125241, 13.596366809093118], [78.2322012142948, 13.586240631454633], [78.22799262885987, 13.587139285662682], [78.22437146766133, 13.589231304178846], [78.21806219586578, 13.590997438894542], [78.21195834976967, 13.5770974155606], [78.20539647375212, 13.569801047100256], [78.19960438385083, 13.5661521931948], [78.19855742483772, 13.565492596549147], [78.19280550306765, 13.565477241299636], [78.19113463322576, 13.56824593868817], [78.18964997376749, 13.573251045072528], [78.19055665943311, 13.582777144405036], [78.18895522687014, 13.588007794028032], [78.19806518054436, 13.597469382237497], [78.20322133011312, 13.603975625294858], [78.20485559192076, 13.61061719987823], [78.20340599831906, 13.625209730629653], [78.19529661695412, 13.630205563358013], [78.17495036613435, 13.62995608008505], [78.16992605768746, 13.632410346234694], [78.16834783290344, 13.65411622169413], [78.1650923229973, 13.65764339573837], [78.15548652719642, 13.65857565323102], [78.13835359353467, 13.657155159131184], [78.13248719335112, 13.657768923101044], [78.12513546314266, 13.654495072043687], [78.11659211050407, 13.655935433103377], [78.10310273921736, 13.64908862741455], [78.09981814417873, 13.641829005673218], [78.0955429322538, 13.642321527080306], [78.08992243608623, 13.644139095951116], [78.08882755758849, 13.653330606307213], [78.08917100948912, 13.659176979336005], [78.08194267514995, 13.66393823996646], [78.07497527962089, 13.67323333409894], [78.06743215634351, 13.675698365346793], [78.06999621044864, 13.68049724260261], [78.07318487981325, 13.683289761249927], [78.07445855961859, 13.68878836453509], [78.07169164290978, 13.694314700579204], [78.07312219476569, 13.69689543093202], [78.0942841166277, 13.68939224891525], [78.10901843433403, 13.691351540988766], [78.11454636960453, 13.693198273535348], [78.11636541451583, 13.707137504737167], [78.11904845480069, 13.712738469074267], [78.11851962364554, 13.718998689234581], [78.11462515379574, 13.723386103464671], [78.10954203081637, 13.726754986910294], [78.10648181212683, 13.731883924383355], [78.10235119215922, 13.736338459570256], [78.09395500924391, 13.742193415185376], [78.09831051063955, 13.751745553915313], [78.10435843585364, 13.758991735217913], [78.11024404641758, 13.76170147610171], [78.11555306412367, 13.765504106166984], [78.12005932020189, 13.77046712409774], [78.127278875254, 13.78561673153292], [78.12419703513905, 13.79637518455014], [78.1180062085181, 13.807034388117543], [78.11665027352184, 13.812264166534838], [78.12624162871941, 13.830440434903279], [78.12246912721866, 13.84951968161583], [78.11494543683588, 13.862142509028274], [78.1062572456996, 13.861345381504238], [78.09723354607797, 13.863480776965323], [78.08374581106592, 13.863461026157106], [78.0797188528717, 13.880471809209206], [78.0767458670852, 13.883024713018122], [78.06913179337832, 13.885261250157031], [78.06346028424382, 13.887823180431655], [78.05704548187286, 13.892978841906642], [78.04984970920215, 13.895154234434614], [78.05144213152967, 13.881826933445758], [78.05166139297512, 13.87224985417495], [78.0500857634128, 13.866519341140732], [78.04658126521241, 13.861318887292136], [78.02430091785327, 13.862804155228737], [78.01903577027333, 13.864904344534454], [78.01344456412968, 13.87010765009538], [78.00012967619445, 13.8707748606449], [77.99378302151558, 13.870026151095177], [77.99089375769243, 13.865159708643699], [77.98987195092464, 13.857164006689267], [77.97901920322445, 13.835009685536706], [77.97442192186904, 13.82853284228128], [77.95318195535656, 13.828300975886597], [77.95672939504618, 13.833133870878582], [77.95663399701323, 13.837681350426188], [77.95428143114614, 13.848105581207836], [77.95033182377445, 13.879312926397557], [77.95096444559233, 13.88848673981144], [77.958029143445, 13.892727905574233], [77.98015798518587, 13.89688764406109], [77.98657714757168, 13.901654161963842], [77.98319451180846, 13.913614805232637], [77.98312340280386, 13.920527225170986], [77.98186810187062, 13.928140727476821], [77.98201112882812, 13.932495268350792], [77.98642990968732, 13.945873846651986], [77.98706915260385, 13.955894003189059], [77.97487116929146, 13.95877053276452], [77.96970652427618, 13.958173416521538], [77.96373849976473, 13.950119290235428], [77.96270842937786, 13.945256972979626], [77.95919805797728, 13.936147765423446], [77.95749544157853, 13.934954304677968], [77.9544506288043, 13.9366322080831], [77.94727056299466, 13.932813396989642], [77.9440626366898, 13.92611055171577], [77.93814576776921, 13.917005601399847], [77.92823317465496, 13.906887427450926], [77.92000883445229, 13.905418190239441], [77.91432765185327, 13.907611079902548], [77.9088194216625, 13.910489598204567], [77.90403785857471, 13.915857851992827], [77.89801361092653, 13.919466451818183], [77.89562879246144, 13.925838908241891], [77.89615030909097, 13.935820959769336], [77.89528394440897, 13.939266417184882], [77.87067409973838, 13.934847725292942], [77.86228445512579, 13.935116440781691], [77.85419147884393, 13.936338192831354], [77.83827383271664, 13.93513326307143], [77.8297257695323, 13.938512943675907], [77.82640491410469, 13.942840682455595], [77.82233510894987, 13.938951062777347], [77.81660055358832, 13.93054499634249], [77.8144651531769, 13.925506162056951], [77.81447626073349, 13.91661056996333], [77.81550573870759, 13.91120890142814], [77.81922486932798, 13.902694452725497], [77.8228469345543, 13.89911208853507], [77.82917249876638, 13.897250424259113], [77.83324009963708, 13.887930720899373], [77.83548986818589, 13.879646401203958], [77.82742122771886, 13.87406298303229], [77.83597135231096, 13.868679627095135], [77.81902061204366, 13.860149681850437], [77.816060727554, 13.854713538802198], [77.81099125606525, 13.848707314898334], [77.80271821382671, 13.848976461828657], [77.79455216099326, 13.847930178472971], [77.78420613428588, 13.84390352426884], [77.78225225865317, 13.839723954540254], [77.78561864002724, 13.8320647217862], [77.78847569995588, 13.828034123535316], [77.78863373829309, 13.824704407252066], [77.78668514566866, 13.82092473011619], [77.7773853256163, 13.81654843807082], [77.76347685140597, 13.815520744183697], [77.75631424952368, 13.814183762203449], [77.74914885604169, 13.811747809818677], [77.74168958023867, 13.811383782949868], [77.73651936676511, 13.809677514106857], [77.72656694539462, 13.80065531892229], [77.72092956411271, 13.798444128216401], [77.72323480982098, 13.791201701723391], [77.72085182041126, 13.782657532768692], [77.72231497114025, 13.768752441217478], [77.72127134492588, 13.758713987749665], [77.72160038319095, 13.75412131841395], [77.71915819062511, 13.745692846952704], [77.71690750940293, 13.740714592129509], [77.7155069559373, 13.742153854164133], [77.71032961610501, 13.73895816706553], [77.70360353784342, 13.769349745676365], [77.69273727809289, 13.76652771193768], [77.68685674399423, 13.763564812654524], [77.67652108832215, 13.760166857440497], [77.67170841643255, 13.760132328690636], [77.67779671901454, 13.770438704884052], [77.67976151266336, 13.77799845128118], [77.6782093268976, 13.785354140876386], [77.67198079142283, 13.783714879545942], [77.664540851874, 13.7844978783027], [77.65702154591489, 13.783663199715042], [77.6222241898208, 13.768080211577265], [77.6183377052983, 13.763213746548317], [77.62053358705928, 13.754653297193862], [77.64168706505724, 13.749118657181729], [77.64471100924675, 13.743081664065093], [77.64152514098573, 13.740678505410271], [77.6364721997861, 13.73777498294104], [77.62918716910302, 13.735220347426969], [77.62356447993419, 13.736167081491786], [77.6121247271826, 13.750329411197908], [77.60344252517825, 13.751335904985233], [77.59473158092355, 13.744541470070097], [77.58937782350655, 13.738311156504537], [77.58143987944436, 13.73438154614232], [77.57441349168698, 13.737106953485267], [77.5638589328811, 13.724170977512562], [77.55589207588721, 13.728102597827869], [77.55287339984933, 13.735862305295504], [77.54926663585819, 13.74259774844366], [77.5471902590098, 13.75137899705116], [77.5371620213237, 13.753484300688996], [77.52730512972857, 13.751463655032586], [77.52276097076943, 13.74464773861373], [77.53035715087454, 13.73870753267744], [77.53427099420385, 13.732890137600855], [77.53524319891358, 13.726691189027791], [77.53554835867759, 13.714696712640084], [77.53328460379925, 13.70488473226668], [77.52926027915403, 13.695553359916198], [77.52004464272338, 13.69334150517123], [77.51565320828847, 13.696456182459091], [77.51460891767539, 13.700309237309051], [77.51446578277343, 13.708112565404429], [77.51043746680617, 13.71203676426773], [77.49495238295454, 13.714387035411812], [77.48732320427892, 13.710798257279267], [77.49000256696227, 13.706422334939102], [77.4911465514127, 13.699303614549303], [77.49276699680166, 13.694305795192808], [77.4905736261904, 13.687310755987792], [77.48411400201596, 13.685210447891366], [77.45730050512184, 13.683351114775157], [77.45233456266742, 13.703287936634792], [77.45352092260008, 13.708164888325792], [77.46092838635656, 13.711638108824134], [77.46436203112077, 13.720174089758535], [77.46557055341512, 13.730563712340734], [77.46560136925883, 13.737846612950749], [77.46754638515823, 13.741405086334485], [77.47010790418486, 13.751092862168427], [77.46959198009442, 13.756553202486522], [77.46619512297426, 13.757308288008415], [77.46137294861596, 13.78550025170922], [77.45979901842213, 13.787857972758475], [77.45817177918981, 13.792972480175452], [77.46012735570976, 13.798765304922538], [77.46484590036636, 13.804491045472828], [77.46297874054812, 13.807247796591893], [77.45412313660006, 13.809456865152255], [77.44790743424247, 13.809705616945527], [77.44279406804796, 13.806630139392164], [77.43600009324331, 13.795405634009054], [77.4273820748794, 13.796350657883954], [77.42416565393293, 13.798317882483794], [77.42682011051399, 13.80317950306904], [77.42654270630894, 13.807085473276548], [77.42196268558604, 13.807557462002151], [77.41884684319848, 13.806251041860346], [77.41591594162301, 13.806602518803212], [77.41546527498855, 13.809822201616893], [77.42093395314666, 13.81473682454583], [77.42000890784414, 13.81910346209981], [77.42231309390782, 13.822710692257594], [77.43197677065507, 13.83404466643934], [77.43351152389711, 13.837082060037046], [77.43177066225472, 13.842476484113732], [77.4259761853664, 13.840865808168745], [77.41112855373997, 13.83873171797175], [77.4063819550403, 13.839724699974267], [77.39699350925324, 13.840216053225378], [77.3882459254336, 13.838518755959072], [77.37997221002762, 13.83854579440568], [77.380233634383, 13.84544021678719], [77.37461774233769, 13.850445841384465], [77.36652952810604, 13.852884043668334], [77.35924690472046, 13.851586262964386], [77.35400687871899, 13.846777394975417], [77.34688857528195, 13.842040554829039], [77.3417078994802, 13.836605903222118], [77.33424232660839, 13.831975631258034], [77.32697791752769, 13.832921679085032], [77.32309166839937, 13.846876423460504], [77.31778618784837, 13.858258084518933], [77.31381231360557, 13.864352339763055], [77.30289116541316, 13.86065454814438], [77.29654273908436, 13.857112174562799], [77.29236446094417, 13.853115444778988], [77.28976619010103, 13.84806997231735], [77.28196792284982, 13.849868736538681], [77.26271756822004, 13.84648525090136], [77.25719434674181, 13.846502881190249], [77.25977442559211, 13.863140357074123], [77.25045232946704, 13.867292276460645], [77.24742454869731, 13.872862598956083], [77.2459225872634, 13.88056217341208], [77.24548059953784, 13.888479720840735], [77.24820420777668, 13.895817607750649], [77.24674938136427, 13.90103921315831], [77.24047082148385, 13.901868301644885], [77.23208066031042, 13.902400037887558], [77.22848841991294, 13.895757930975009], [77.2275241736291, 13.888703240227851], [77.22361382038915, 13.876199839570107], [77.21812972197459, 13.868359158547236], [77.21472501124013, 13.8673376302202], [77.21542957051498, 13.885350655840965], [77.21150264245036, 13.888062856082525], [77.20913675549654, 13.881753007454174], [77.20753003419479, 13.873430489574023], [77.20345868044065, 13.866445272861052], [77.19927829339683, 13.863126712650793], [77.18532492588022, 13.866723601018416], [77.18163538489902, 13.868279340983499], [77.18471718944392, 13.878258711700262], [77.18609287409166, 13.885198940651188], [77.18569667643719, 13.890138520222349], [77.1878290306452, 13.898049623498675], [77.18868501444015, 13.908145253434745], [77.18806618679504, 13.91761067998139], [77.18345347239715, 13.924225946606558], [77.17646635676516, 13.923147023446061], [77.16594407809353, 13.915261290016176], [77.16234029684905, 13.906609815889786], [77.16342899353788, 13.898114405714741], [77.16815058422836, 13.88926145297344], [77.16883003145523, 13.883124145696144], [77.17138630660847, 13.873071150200127], [77.16895946791763, 13.86384008039549], [77.15464306170949, 13.866629990455687], [77.14578915645524, 13.865851117919219], [77.13655316050983, 13.856745790636555], [77.13027690885937, 13.85618965460397], [77.13165510324481, 13.849821833727733], [77.14689626001848, 13.844730236162627], [77.1522266397094, 13.841793603351258], [77.15437382480567, 13.835706639974063], [77.16440306027485, 13.832346999980853], [77.16878871043615, 13.827634275597589], [77.16848146904249, 13.822354937389195], [77.16272376925107, 13.818237449575463], [77.16188533668348, 13.81428706886573], [77.16286839704624, 13.810658620526665], [77.16063004008198, 13.807459340881175], [77.16226635406917, 13.805042321729617], [77.16254693912305, 13.800219781656523], [77.16505078052727, 13.794017865303374], [77.17066116166603, 13.787286891457777], [77.1758082611763, 13.782507848846839], [77.17796796358029, 13.779002543205923], [77.17628698786267, 13.768338372275817], [77.1732223690927, 13.761632806909924], [77.16476727060889, 13.76188436155554], [77.15333759470505, 13.76168175534221], [77.1440704078889, 13.762569703304587], [77.14066049897475, 13.759939682437171], [77.13003107378395, 13.757781098835332], [77.1174309312759, 13.761487846237909], [77.10167220073659, 13.767719791042023], [77.09216364229623, 13.76493400968696], [77.09162117790859, 13.761373331483362], [77.08675727930454, 13.760235611311385], [77.08568305771959, 13.75284221395132], [77.08700311267224, 13.744224165125182], [77.07785933166387, 13.745564195944688], [77.06637145162009, 13.745653087347709], [77.06105042719602, 13.75128213403478], [77.05363081395491, 13.762835071798289], [77.0414098328965, 13.776003245315927], [77.0325596168377, 13.778150086268399], [77.02604730510114, 13.77655412526114], [77.02463262665171, 13.768403848302619], [77.02004533387951, 13.75417589291019], [77.01762466043338, 13.739434905111581], [77.00811792800788, 13.74335479573329], [77.00006273052671, 13.748189446573535], [76.99873299160355, 13.749223947750986], [76.9978063955492, 13.751998514504924], [76.99825856862842, 13.756181779217759], [76.99626029815983, 13.759755695888407], [76.99507226719948, 13.766844113312345], [76.99242854954454, 13.773164649668582], [76.99042559914479, 13.783202948774143], [76.98726520169322, 13.792413775883105], [76.99090627201663, 13.795320386888628], [76.99182734638532, 13.799620690700603], [76.98974806978664, 13.810793150824601], [76.98604958124005, 13.813780409725876], [76.97479538024935, 13.816813508053238], [76.97436507416744, 13.820958711942291], [76.97750988009271, 13.825437716308208], [76.98251281885291, 13.827928403010343], [76.9899700274803, 13.834320369931811], [76.99222839356192, 13.845800196766705], [76.99591880144136, 13.846090526299616], [77.0001222943898, 13.845546914073848], [77.01201161741089, 13.85668652006138], [77.01313618056763, 13.86076006372737], [77.01403907767227, 13.869485532921013], [77.01831948217037, 13.870677509040679], [77.0186252970277, 13.873832844732469], [77.0177001168469, 13.878025374793557], [77.02260713391881, 13.89431309674189], [77.02325936063204, 13.899941655760294], [77.03382765464556, 13.903758298520108], [77.04733451348116, 13.904012734965228], [77.04184539633474, 13.93217489035297], [77.02454503520507, 13.941320134691585], [77.01990033186001, 13.946002148802684], [77.01398610644179, 13.95387798408478], [77.00527634225166, 13.956928981869714], [77.00091330875001, 13.959195618455682], [77.00016400606125, 13.959859040590498], [76.99482252128738, 13.963154319931629], [76.99599585223116, 13.976727861051788], [76.99712405937406, 13.982256504497434], [77.00016564432335, 13.987940860206718], [76.99077944688165, 13.993941178292378], [76.98308331282819, 14.000271596283843], [76.98338120260873, 14.000264205259947], [76.98089997540632, 14.002985512298412], [76.9698871332263, 14.008609999783292], [76.95419403377855, 14.013124309743102], [76.95034614835828, 14.01700883967888], [76.94791794080419, 14.021804628185697], [76.94635027114353, 14.026920772685271], [76.93664542707032, 14.029034176037902], [76.93925484816546, 14.046959513777656], [76.94349646599255, 14.053889167750024], [76.9488291496496, 14.053513603231936], [76.95529597162722, 14.054147677626258], [76.97715102895681, 14.05873010847809], [76.97983397012732, 14.064040582169351], [76.9806290284329, 14.071603767071402], [76.97786089923628, 14.074717148263286], [76.97744417590798, 14.08202800579251], [76.97366666502982, 14.08604264226222], [76.96567724645328, 14.089255355490332], [76.95695627073268, 14.09164121155512], [76.95181010510183, 14.09151669194219], [76.95405281044285, 14.097668566469366], [76.95372189567462, 14.102830202885475], [76.95206273757985, 14.109208823401264], [76.94838210666761, 14.118125868467079], [76.94283188434522, 14.121366496393685], [76.93236362377945, 14.13339324893489], [76.92779630236753, 14.135222860909046], [76.92248492613898, 14.130654093070453], [76.91786741298577, 14.128283521216062], [76.90377201055531, 14.133021443793238], [76.89619012706812, 14.13397197015682], [76.88893510143124, 14.137144490216844], [76.89217973286047, 14.142351793435646], [76.89443167646279, 14.156978940823002], [76.89667266465833, 14.165096121795743], [76.90200806619674, 14.168003409245468], [76.92249932864604, 14.163815166583584], [76.92829851492677, 14.169539952660816], [76.94235422610761, 14.172051600352136], [76.94461711740752, 14.173876481603745], [76.94689420523703, 14.184186868900333], [76.94457736012762, 14.192952772890097], [76.94700256753826, 14.195456069956187], [76.94940520703317, 14.194468348675283], [76.95445475634608, 14.18997995637324], [76.95917948743701, 14.187207144851085], [76.96392255687142, 14.181698556331666], [76.97112247001229, 14.18052265549262], [76.97822689853844, 14.18050564211556], [76.98369087651326, 14.179140545464454], [76.99177664711182, 14.178766102441646], [76.99992269456601, 14.18000362722123], [77.01161657619927, 14.18111643005079], [77.01962372331329, 14.179320858949904], [77.02544205186685, 14.178993173239917], [77.02696732194516, 14.174700262231722], [77.02669666320777, 14.170634004727052], [77.02164569333343, 14.158995753510666], [77.0205899674885, 14.138510591454466], [77.01945942936119, 14.13373401824006], [77.02486477342013, 14.131637051700757], [77.02594213773322, 14.128655552155285], [77.02203417933315, 14.123867263816294], [77.0227205452875, 14.118299133532057], [77.02227923273892, 14.112446519712417], [77.01398989964879, 14.104477990413653], [77.01612811687463, 14.098415346606034], [77.02043014282386, 14.0950737111648], [77.02974185350284, 14.08975872682251], [77.03030134520536, 14.083577332438262], [77.02600743067033, 14.067848123793087], [77.02948845682636, 14.05968739474995], [77.03429366579724, 14.058407292192337], [77.04068124318475, 14.05788196540009], [77.0490629281664, 14.058124011293007], [77.05707039902966, 14.056061381030553], [77.07496025537671, 14.053683317918619], [77.07547129040047, 14.0459568100114], [77.08244862710548, 14.044576116501306], [77.09675855207641, 14.044810196385056], [77.1026870541854, 14.047255365889571], [77.11000989702528, 14.047140978580128], [77.11621487908967, 14.048623470307428], [77.12718775692585, 14.048776451978656], [77.13080271839237, 14.041354729265683], [77.13397884990083, 14.025272650144027], [77.14020694960597, 14.016322280128918], [77.13905024816673, 14.01086644838957], [77.14053028222563, 14.004799783509243], [77.14571146016934, 14.003864428440423], [77.150613897145, 14.000211536144143], [77.15082789486365, 14.00021122222951], [77.153577084784, 13.99831227648505], [77.16068516294985, 13.997314498398534], [77.16462124683467, 14.00022857031097], [77.1644257918725, 14.000231576468611], [77.1690533891077, 14.004476460290494], [77.16794374117515, 14.012953643780643], [77.1776727076751, 14.015315623454473], [77.20092162702962, 14.009620215592978], [77.21407707483844, 14.011657722356873], [77.22527230504096, 14.014707971393307], [77.23371320341809, 14.014770128491145], [77.24906436374309, 14.013148940207753], [77.26226946777739, 14.027815950400301], [77.27104391339425, 14.03338571080611], [77.27805501658668, 14.03497867244979], [77.28077303243167, 14.023068989426882], [77.27918028558939, 14.014910115676523], [77.28509229274486, 14.013804083361167], [77.29180306513436, 14.018440901731292], [77.29890738866075, 14.021417695886216], [77.30465861739944, 14.029947233755161], [77.31019074920695, 14.033655092193984], [77.32016207759241, 14.031769143676602], [77.3231704791809, 14.028413436205605], [77.32370631731246, 14.022277244954036], [77.32692745969813, 14.016220440305965], [77.33082115054302, 14.012292888055596], [77.33688001504059, 14.001891553593596], [77.33642119326784, 14.00035917304806], [77.33652361280897, 14.000354254631254], [77.33709773709475, 13.997373756423457], [77.34025680871736, 13.99506782899537], [77.35245680854551, 13.992625968853043], [77.36060853835117, 13.98938002879863], [77.36023561649174, 13.983361817078443], [77.35378604966549, 13.967660308959626], [77.35406328664516, 13.962435515195914], [77.3505867732792, 13.957970774012132], [77.3689388448928, 13.952581882784708], [77.36952014722975, 13.949420179035048], [77.35954825921978, 13.935570347051184], [77.34951933994482, 13.919355612944203], [77.35043699629308, 13.913107944689129], [77.35283340850113, 13.910459065390938], [77.35527660750563, 13.903678735802918], [77.3658359415744, 13.902727646836274], [77.39748039481636, 13.904911925755144], [77.39894854453578, 13.887126826358196], [77.40336541122414, 13.887685493123266], [77.40417233237933, 13.887784049766553], [77.41564191093335, 13.89607043418081], [77.4261145409319, 13.902181284908515], [77.43277069582454, 13.909324778016487], [77.43455934854866, 13.916495176199666], [77.42963166355136, 13.919209307485403], [77.41725722376201, 13.921833296125296], [77.41552631383111, 13.928836672784138], [77.41475462689132, 13.943305333095601], [77.42967317493236, 13.946233238195113], [77.43579086752806, 13.950579341697505], [77.43613182261961, 13.963601766775978], [77.43797350800168, 13.969220836675353], [77.43770329599666, 13.975990202314872], [77.433663695362, 13.980478502002782], [77.42751520064314, 13.98405481085778], [77.41718364844895, 13.984090533381323], [77.39345917959595, 13.981127129958416], [77.38258677498972, 13.976227088815392], [77.37960700618977, 13.98261124724357], [77.380098349375, 13.988806450291536], [77.38676295469324, 14.000378096393037], [77.39025715463563, 14.014449914473742], [77.38193482913066, 14.01916407023125], [77.36915432241408, 14.023035797052335], [77.35687868180203, 14.023476937210615], [77.35080563240447, 14.02607067596706], [77.3329035279556, 14.029908740338849], [77.33795541667435, 14.046805722627278], [77.34123164656151, 14.054745774350847], [77.34465882382621, 14.06079202526084], [77.35685388788454, 14.060359420976413], [77.36530622193108, 14.065920191836765], [77.36810644779351, 14.07293592764783], [77.37913886106303, 14.078852075458542], [77.38641353185234, 14.097375535692523], [77.39244886696387, 14.100458413318659], [77.40222978125813, 14.110442107808844], [77.40320335109566, 14.117563694646762], [77.40120359561963, 14.121628404520006], [77.39648948172882, 14.125551151612754], [77.38708140502288, 14.123595471285592], [77.3799508791697, 14.119540377646697], [77.36560553412242, 14.115653386997476], [77.35910542799947, 14.112281328748981], [77.35517447706172, 14.106182166368948], [77.35120527897735, 14.102935683618746], [77.35313911376362, 14.117351906953667], [77.35315028850127, 14.124751696552671], [77.35435716195352, 14.1312375220898], [77.36150207330884, 14.130657154932427], [77.37166508186415, 14.134048312011805], [77.38336618656876, 14.136539659995524], [77.38542238509523, 14.145215165924798], [77.38930871178175, 14.154651056524388], [77.39625165445551, 14.160481700080842], [77.39638856691725, 14.172188189930312], [77.4041573949133, 14.173443715768114], [77.41644229999689, 14.176679311979322], [77.42306442856156, 14.176263676137477], [77.43024867381507, 14.17206311851793], [77.46077180739172, 14.17001734268035], [77.47019665291458, 14.171284785895114], [77.4955087387793, 14.160194797470727], [77.50743943312212, 14.158092852335297], [77.50966828278655, 14.164245562241865], [77.51377751774494, 14.171382820442384], [77.51733545947643, 14.17914908368425], [77.51640337612203, 14.184075176476867], [77.51110077358791, 14.187764966240987], [77.50802481607708, 14.200307442834413], [77.50662360576116, 14.211547523391665], [77.49997269915252, 14.221024675498471], [77.49973632198004, 14.227101851631415], [77.49694494920288, 14.234662067640173], [77.50314589153723, 14.247432494610043], [77.50566220098219, 14.256559963442601], [77.50620889347344, 14.267526370211879], [77.5030803064188, 14.278741020511315], [77.49894743098612, 14.278258153148789], [77.49116972654349, 14.282225824654484], [77.48611075065791, 14.29171829000085], [77.48588261991993, 14.290682398287373], [77.47515809389819, 14.286372253280216], [77.46140053470226, 14.279110143401887], [77.45028438068576, 14.284437549803986], [77.44909492737771, 14.297786086419602], [77.44896690783214, 14.316602554461756], [77.43411942230442, 14.311686590300317], [77.43242274830126, 14.327622998508017], [77.42726208497587, 14.328795121606296], [77.41580464390738, 14.333882741449177], [77.40134973451795, 14.335905843258729], [77.3921068528651, 14.331608831672341], [77.38526950774036, 14.323822292850693], [77.3802984911368, 14.311857337347439], [77.38146198719255, 14.301942737919475], [77.38768208583946, 14.289771987634067], [77.39156947736106, 14.279245825323198], [77.39086716994484, 14.272412203603135], [77.39640752771909, 14.268205105209002], [77.40759368839336, 14.267242596921562], [77.41137213214245, 14.2554577931641], [77.41279338916871, 14.243590164124216], [77.41569171285704, 14.230476692360538], [77.42138219754764, 14.223974328941578], [77.422372440332, 14.21887654859389], [77.42157171248608, 14.210149503649829], [77.39787190402846, 14.197785177666173], [77.39041207750434, 14.198709448933148], [77.38670519909304, 14.209411506963233], [77.38822109723495, 14.217044917224047], [77.38319309189855, 14.223557912916068], [77.37083363843853, 14.230128452251458], [77.36189780238256, 14.236835639012147], [77.36571997881457, 14.25039835085922], [77.36472887652452, 14.267082937239397], [77.36570283251547, 14.276089875637123], [77.35983631916928, 14.277430599667223], [77.34977112073841, 14.277250842265298], [77.3269252230787, 14.280134771282583], [77.31379115646537, 14.280500277568855], [77.30171769572058, 14.283109645437708], [77.29174096678756, 14.281375074076154], [77.28582021073318, 14.282700454376798], [77.28810523585578, 14.297063305386052], [77.28887658671273, 14.308886436862991], [77.28730108276767, 14.337669861743304], [77.27943301312524, 14.338294867168443], [77.27344590037451, 14.33355130031959], [77.2639474331806, 14.332221471624084], [77.2573783429006, 14.327120760996934], [77.25116959733582, 14.321049192778279], [77.23801297328801, 14.317570343997053], [77.2289329320007, 14.321454169524415], [77.21577227657374, 14.319464426218117], [77.20228442665938, 14.320736051415025], [77.18538638159647, 14.332763068490216], [77.18260869565948, 14.33267936192734], [77.17772247316616, 14.336600995808636], [77.17004394063419, 14.336825925193247], [77.16555755434575, 14.342589588484811], [77.15792010899214, 14.34408094211663], [77.15222656609801, 14.338521902238327], [77.14628544798724, 14.342433086340986], [77.14128322813696, 14.340319971821536], [77.1376444412511, 14.336903855774553], [77.13836119747131, 14.33036857207432], [77.13668127720885, 14.32013286764278], [77.13152608154324, 14.307862117904767], [77.12305155555345, 14.297741858304217], [77.11765045657597, 14.293849482437809], [77.11628746110948, 14.281268270572133], [77.11267858593517, 14.268103900654005], [77.12129546150688, 14.263184601957645], [77.11734809414396, 14.254828119345206], [77.11879016233493, 14.246292929185776], [77.11626522149561, 14.238358345027924], [77.11577033035978, 14.227855426088325], [77.11088877924215, 14.219669534363728], [77.10100219219503, 14.215860241342261], [77.09062655516094, 14.21481754699555], [77.08106533651745, 14.215692715241113], [77.07331274866239, 14.224185445518769], [77.06589077679534, 14.230462006130697], [77.06096375417066, 14.238586812386638], [77.05523054110158, 14.245811080963453], [77.04622589998719, 14.247022732488903], [77.03859808586692, 14.246732448232578], [77.0301214131348, 14.242912843246964], [77.01801115465398, 14.241304234468439], [77.00959660549746, 14.237775605611468], [77.00001686951538, 14.241745201628243], [76.99823684606784, 14.23917407017837], [76.99481158362356, 14.24257567314973], [76.98789468978376, 14.244308926973375], [76.98101101866953, 14.24356970268162], [76.97510592949328, 14.24135518456197], [76.9669304770243, 14.24203375592576], [76.9567118965177, 14.240266481809982], [76.94875301782103, 14.24241683191992], [76.94311127413243, 14.246195425269297], [76.94125471230899, 14.25485213369906], [76.93886089039805, 14.259579085066655], [76.93102755626602, 14.270445804534107], [76.93004045077747, 14.278216771553577], [76.94071422234163, 14.282684756665669], [76.94899801808879, 14.287740246400718], [76.95398807436123, 14.292816820228028], [76.95535379629759, 14.3000879156371], [76.9519270533956, 14.30648972191587], [76.94813640279081, 14.311415346928282], [76.94174643165198, 14.314430979425275], [76.92828512455793, 14.315650313712302], [76.92192019373897, 14.318247379518649], [76.91124529074649, 14.321299969416124], [76.90401830901659, 14.325185000121621], [76.89034945436812, 14.345497763880957], [76.88404840020456, 14.352280314829459], [76.88355505152555, 14.357266920168522], [76.88804297547182, 14.396141266618969], [76.89168942248281, 14.398298026849607], [76.89726467886062, 14.39873157356058], [76.90158391903736, 14.400340889183484], [76.90612588278125, 14.404185467392683], [76.91807195173418, 14.419418783139362], [76.92395651831636, 14.417333875325118], [76.94183710262905, 14.407232936145137], [76.94665222855265, 14.405463354704942], [76.94867376597531, 14.40919195952317], [76.94975209945655, 14.414842573843595], [76.94936907464628, 14.431136431811849], [76.94773784462268, 14.445730928372042], [76.94882531916964, 14.450982063517232], [76.9636612787657, 14.451298963926398], [76.96943483257, 14.457653544749931], [76.97928733535223, 14.476269466985064], [76.97847605979577, 14.484176175614014], [76.97415840399107, 14.484981974058092], [76.96083968361354, 14.485455423458335], [76.95039503882528, 14.488003396869116], [76.91137802193386, 14.489940834181414], [76.89910821968165, 14.486521426751702], [76.89030212613952, 14.481706261416605], [76.88509582800484, 14.476288208366082], [76.87497322851644, 14.474191205655728], [76.86855721817079, 14.480397759735768], [76.86515909162804, 14.492837712466775], [76.85889792015897, 14.50456535438658], [76.84855555956247, 14.514809956402038], [76.83668182225459, 14.520712524777071], [76.8329909157929, 14.527862761203968], [76.83214777753803, 14.52867909211663], [76.82427136397868, 14.525949670630458], [76.81539493564456, 14.529398444551594], [76.80958844331245, 14.530455552379308], [76.8042093268819, 14.533312061220672], [76.79914746599229, 14.546284330797292], [76.7905686283701, 14.55859203291382], [76.78844481912378, 14.567501048534016], [76.782505060153, 14.584820235653002], [76.78061901429506, 14.595803115227085], [76.77866487360362, 14.596043984395749], [76.77704564362281, 14.59267041368623], [76.76519029820128, 14.60172911214111], [76.7644478121588, 14.607454960749365], [76.76724970351388, 14.61735321315148], [76.77372353141844, 14.66171223792823], [76.77549731974186, 14.679223317067782], [76.78530475549395, 14.695851077451305], [76.78975333784545, 14.7124579760494], [76.80228856732941, 14.739947944076276], [76.79922436437512, 14.746475932060955], [76.7923319263454, 14.757159515461014], [76.7905922724036, 14.767224479287641], [76.78542198554275, 14.779617207640571], [76.78446667066414, 14.78453761675472], [76.81519407156048, 14.786753213415999], [76.82094800364662, 14.787824307897628], [76.82157691011338, 14.790769890573735], [76.82495845499211, 14.791948056818763], [76.83067484522687, 14.7923259590362], [76.83564028316063, 14.789459552155765], [76.83804550584897, 14.79026550472547], [76.83923210508938, 14.805465059966316], [76.84147945725067, 14.809479461333467], [76.85120146269271, 14.807667536147449], [76.85304568777055, 14.809383014493985], [76.85389686525188, 14.817154813242903], [76.85283222711689, 14.819594736467536], [76.84872514318782, 14.820925901562473], [76.84725662227585, 14.829626319267886], [76.84450179821464, 14.833399935707972], [76.84433509028203, 14.835354077594042], [76.84861436172018, 14.838566065951527], [76.8536542269601, 14.844030056146853], [76.85836857200205, 14.866670859526113], [76.85591709806077, 14.867815184754095], [76.85510902028595, 14.878136232960907], [76.85327044079024, 14.885204390889761], [76.84745012781585, 14.886728501103043], [76.84796611718468, 14.891675860225444], [76.85033929709155, 14.89558674128529], [76.86453862945643, 14.896463987166015], [76.86697303162525, 14.907038122206869], [76.86811738485441, 14.917001750185308], [76.8677192452613, 14.920895886639201], [76.8696791541549, 14.942834463884664], [76.86784821113044, 14.960420251427562], [76.86862612024599, 14.969222729292566], [76.84526828543767, 14.966334082991635], [76.83995878641086, 14.964250853804948], [76.83662594291097, 14.958644406372308], [76.83196528643447, 14.956174296124672], [76.82770762047127, 14.958763707137184], [76.82431819283298, 14.964312010221155], [76.81947609741698, 14.968949389785244], [76.80084541208694, 14.968017795904487], [76.7759728518585, 14.973704146557889], [76.76762021512987, 14.974923217030176], [76.76569786744477, 14.98033233987891], [76.76246223404134, 14.984498350252986], [76.76080956709913, 14.988002748080714], [76.76305618254887, 14.990098133915259], [76.76618817562273, 14.994492946914159], [76.76901632548247, 14.994095940411958], [76.77005523041736, 14.995845431107124], [76.77189568727037, 15.000669165244062], [76.77337739060569, 15.005607935795677], [76.7836029554383, 15.010925498054387], [76.78843310159274, 15.021698552429262], [76.78563777692796, 15.028362463303143], [76.78462283858748, 15.039243241322662], [76.77883254434055, 15.048943200798552], [76.7749185418654, 15.059065305011588], [76.77459943988568, 15.063256294893977], [76.77633757331337, 15.070083056179428], [76.77952249511696, 15.074117400842951], [76.77798354578432, 15.076349752483063], [76.78014265551982, 15.07825197787458], [76.78239390282367, 15.076536520652297], [76.78770902506268, 15.080629384734035], [76.7860314081381, 15.083776840698778], [76.78801118839613, 15.085736475146579], [76.79136492642559, 15.085400704103824], [76.80076760484084, 15.095711467004183], [76.81576534255868, 15.085227882310598], [76.8251910189585, 15.079867239317982], [76.8333838819844, 15.079319748130379], [76.84138061526335, 15.077516916561853], [76.84719016352544, 15.071215127790351], [76.86461837178452, 15.061807454617623], [76.86814274286203, 15.0551048761525], [76.87384616514315, 15.049146337851486], [76.88083336766871, 15.033833525934144], [76.89285486197407, 15.036918287410828], [76.90040113762177, 15.03705703631178], [76.90965866694977, 15.034485083290889], [76.91777503695226, 15.036154295651098], [76.92361391239213, 15.033734167142649], [76.93597233299148, 15.031542936753421], [76.94707918121543, 15.032276050219329], [76.95502328895843, 15.02969179968492], [76.97121083370388, 15.018470012923885], [76.98624227871873, 15.015681292166065], [76.98797312087774, 15.025738458994573], [77.00015852830309, 15.02900439595618], [77.00313119655166, 15.032386604619381], [77.00518495360237, 15.034927565329216], [77.01381467652826, 15.034923412021566], [77.0275294314124, 15.033016493582306], [77.0420592748789, 15.032958376940401], [77.05150878456872, 15.034604011826023], [77.05342839687881, 15.029263355039776], [77.05103771725453, 15.021436960851506], [77.04565246247627, 15.010898657553968], [77.05558758612433, 15.009725204055151], [77.06617658731729, 15.007006583485229], [77.07331864219073, 15.006574775869714], [77.08356988138421, 15.005492377593127], [77.0852463586014, 15.013367329629583], [77.08682209197502, 15.027747314592544], [77.09302100079502, 15.028514030254714], [77.09554445237193, 15.033183499149898], [77.10647360643, 15.03282355456774], [77.11438305344967, 15.034065348592192], [77.11641551564514, 15.043612516032177], [77.12088356754178, 15.045587197441572], [77.12320084826206, 15.056110494321937], [77.12572589642906, 15.060551978999799], [77.13033358339773, 15.073676604788442], [77.13240349926045, 15.09908625195426], [77.14419175474895, 15.105332714320637], [77.15254163174532, 15.112786524283104], [77.15886920935928, 15.125968425853301], [77.15757416830196, 15.137055729490307], [77.14012207860952, 15.141414821125672], [77.13683517601301, 15.148068422716673], [77.14171755498583, 15.154639457931957], [77.15028419966826, 15.156104350039476], [77.15784812989448, 15.154241054002883], [77.1625181737928, 15.15436895484499], [77.1641062100106, 15.157539443011304], [77.16360239260719, 15.163284560118589], [77.16802297829089, 15.166751946616872], [77.16929251487025, 15.173878306878668], [77.16632906578111, 15.187600297465647], [77.16291413600007, 15.199192535325203], [77.16054055371401, 15.199706590305723], [77.15468836536377, 15.213242780869079], [77.15178304226306, 15.214147351025101], [77.14607187864395, 15.223441303566293], [77.12553735577899, 15.226517770527698], [77.12808372708496, 15.238592950338118], [77.13730672917325, 15.239896330692778], [77.14491515302892, 15.256820479249612], [77.15135674614551, 15.255577489473009], [77.16264686448285, 15.256655506585938], [77.16997873732717, 15.2562813760204], [77.16888391782211, 15.264377307886749], [77.16237522807393, 15.265674495768433], [77.15453449514112, 15.272198186869524], [77.14981269019667, 15.271319306714288], [77.14955793991825, 15.274529897561553], [77.15268308627255, 15.27621157666755], [77.15336820449939, 15.283112065220841], [77.1525552706374, 15.290917712013108], [77.143458379029, 15.29071387097252], [77.12831451178775, 15.292778430124804], [77.11996388227882, 15.295042437772809], [77.11793404058344, 15.324277904255984], [77.11473667716722, 15.32587593379298], [77.11417339271786, 15.332422217407343], [77.10376612446238, 15.331743122446273], [77.07346997456612, 15.324562131650314], [77.06593832777905, 15.326942357201114], [77.06751029469244, 15.333153255176086], [77.06723144817148, 15.34297615348761], [77.06217133297862, 15.348239467512231], [77.04687198836321, 15.357249593007902], [77.0422906065657, 15.3637782170653], [77.04654241113955, 15.379787251831655], [77.04806224620475, 15.388724531993777], [77.04524183963998, 15.396472696345429], [77.0374713846053, 15.401206561299121], [77.03271840934055, 15.406243424788386], [77.03102764683265, 15.412671953947111], [77.03517639900575, 15.423259705497351], [77.03466001779148, 15.431242278743667], [77.03154401443713, 15.440077027250927], [77.02797990619403, 15.443449141899814], [77.01938533835161, 15.445938279947137], [77.01017844596888, 15.45308372977564], [77.00608906966167, 15.460215735945097], [77.0047939414994, 15.46652987233672], [77.00002888127436, 15.472277683248732], [76.99297259830594, 15.477948392586317], [76.9800400235705, 15.486780253603985], [76.97431948265181, 15.49567036812075], [76.97406800411285, 15.49969661203754], [76.97580616487052, 15.51105220563281], [76.9855839736136, 15.509520058733038], [76.99483946690012, 15.505851217254676], [77.00001717294904, 15.504505690048108], [77.00943750386625, 15.507557093104836], [77.03068505502321, 15.504809601637255], [77.03283912611042, 15.513370501853242], [77.03293383067941, 15.529907364381527], [77.02771045643244, 15.581099367010268], [77.02843562720763, 15.589080738182497], [77.03288519691652, 15.602961167162617], [77.03238313251472, 15.611549678792167], [77.03106596633263, 15.63402177486993], [77.03324016538105, 15.638504951851159], [77.03662249540766, 15.636685270184227], [77.03999039464131, 15.637045825919483], [77.07292370448751, 15.64561401446308], [77.08553216890927, 15.657553154091671], [77.09301449199205, 15.65224661552034], [77.10007814203846, 15.648888502453989], [77.10471324741546, 15.64391476412572], [77.10805607597497, 15.638696247685168], [77.12040982926324, 15.629902012743361], [77.12514806856427, 15.641982234196458], [77.1291829832251, 15.663814002911177], [77.1232518526755, 15.666835661686692], [77.11462438073715, 15.675985493213652], [77.10493837044882, 15.68358332064935], [77.07996125151982, 15.695539588405664], [77.08196424061191, 15.698016238692627], [77.0856809517059, 15.699986528851731], [77.08840489378483, 15.713608298360953], [77.0802866536794, 15.71500374804806], [77.080293251794, 15.72603231705091], [77.06695955221684, 15.728273683822339], [77.05101883735196, 15.72958490507865], [77.05116539355966, 15.737732888645844], [77.04713233694912, 15.73903823320102], [77.0506013211871, 15.755873687454862], [77.05564317333719, 15.754684417711534], [77.05708032211314, 15.763424847470036], [77.05239105991255, 15.765294423096007], [77.05361966613927, 15.76863004072097], [77.05764193239985, 15.768193499818173], [77.06050773379975, 15.776807871920974], [77.06367494082228, 15.783372542762713], [77.06639697371754, 15.782925453035574], [77.07116267032389, 15.800564084966883], [77.0654164804462, 15.802431231379718], [77.06777820703991, 15.827641802749765], [77.05610557540861, 15.828798152929526], [77.05375637267214, 15.824599640013124], [77.04533628521357, 15.826113044100204], [77.04217676149841, 15.829948824786944], [77.03767942279273, 15.828837308513382], [77.03193936217377, 15.830021105809747], [77.02818410561206, 15.833910654029934], [77.02603620468646, 15.83619220202804], [77.03278324964951, 15.849308182773111], [77.03694867080843, 15.857478693591965], [77.0448381178148, 15.868358624256736], [77.05626096659417, 15.880683767499404], [77.06202142870166, 15.891554439281121], [77.06977204866713, 15.903699988253393], [77.08062729704521, 15.914131942526637], [77.09391804108242, 15.922272372709465], [77.10851791343843, 15.928938133020974], [77.12461028110802, 15.933248953932363], [77.1339075643899, 15.934829195418779], [77.14075195258471, 15.940658724654023], [77.14743125965015, 15.94504673162522], [77.16115242242083, 15.948937420848415], [77.17477669947951, 15.950028672816611], [77.18470872993586, 15.954539775002905], [77.19193646594186, 15.955199769670463], [77.20711052007069, 15.95439363722508], [77.22286167066825, 15.95617171075128], [77.23133283049857, 15.956148155257473], [77.24032834776858, 15.957263893472208], [77.24831613727582, 15.961316114853522], [77.25317352383352, 15.962304868198757], [77.26242542367848, 15.958552957775623], [77.26747212666741, 15.95598392314382], [77.28680537104378, 15.951981091955544], [77.29615583630108, 15.9545950799764], [77.30462494197498, 15.955142408154765], [77.31922333336216, 15.949849253733849], [77.33967094253083, 15.947973633455463], [77.35815937412241, 15.948428928316341], [77.36444391926261, 15.94627167878796], [77.37270333298915, 15.940789948429874], [77.38083007815783, 15.938005634059813], [77.39024780451128, 15.939236074261], [77.39734487085865, 15.941552023559648], [77.40469484930134, 15.940258929175002], [77.41233488140445, 15.940454247507551], [77.4211591249799, 15.942779149137175], [77.42665440228346, 15.946119811846879], [77.43115135868612, 15.947112217259189], [77.44123914036196, 15.943875176457825], [77.45731993578896, 15.936403302429108], [77.4718445465467, 15.932481670238083], [77.48819743248598, 15.932990586926827], [77.50224435847757, 15.931251100979365], [77.51440942804425, 15.925835427279996], [77.53675537340966, 15.92113463847205], [77.55388849721707, 15.918709771742092], [77.57675419840402, 15.917396362437442], [77.58524038261808, 15.915298420679282], [77.59360184779929, 15.91210011270775], [77.60389953648365, 15.913853882689018], [77.61159755976574, 15.916853776462288], [77.61907415576194, 15.912968504799226], [77.62405568620083, 15.908907544556444], [77.63098989597778, 15.904294026931916], [77.63731934664644, 15.896986486528553], [77.64490943780541, 15.888339075343708], [77.653565309575, 15.884158781004764], [77.66430282794454, 15.881768618032696], [77.68894642711467, 15.87917694692963], [77.69794868926878, 15.880620377185899], [77.70492022015723, 15.88573967825576], [77.71278673590115, 15.889412209613674], [77.72160752383076, 15.891892002703242], [77.7303814226448, 15.890121195762685], [77.73749160709427, 15.88755494197957], [77.74437220351298, 15.883884788901401], [77.75522028188665, 15.881261471106173], [77.76564666392659, 15.882186381976888], [77.77584106988151, 15.878691181739292], [77.78455928612944, 15.874734682936968], [77.79547286459525, 15.872047824807588], [77.80488927929503, 15.870793510923406], [77.81495809032941, 15.872517338031942], [77.8234779111235, 15.874981772290958], [77.83110335731763, 15.87928996043986], [77.83963560594918, 15.881014287467718], [77.84556004176588, 15.879456736832404], [77.85592517849082, 15.879351895647753], [77.86148783701387, 15.88129812952308], [77.87276862432098, 15.897928772533483], [77.88223784069754, 15.901537955906715], [77.89355423843188, 15.901483051716518], [77.91348331855816, 15.890494043203908], [77.93428151670841, 15.882155334582478], [77.95003794084423, 15.880584367856127], [77.96915101169502, 15.881598502388604], [77.97896055746772, 15.87983406314783], [77.99977077182146, 15.866749060410953], [78.00803887108235, 15.865011764124953], [78.01277862333878, 15.877741516832181], [78.0209002833246, 15.894574972142854], [78.02313132267545, 15.900908459555037], [78.03043019696416, 15.904348441648523], [78.03497227799762, 15.908453773467569], [78.04248305138364, 15.907863440894298], [78.04604233509684, 15.903887830650884], [78.04694348233063, 15.878025883373336], [78.05511762870871, 15.876594965073012], [78.06475961212705, 15.856295590101094], [78.0699838327243, 15.850473212264822], [78.10755594468539, 15.83389872094235], [78.1160069799612, 15.833175517494336], [78.126236755992, 15.836278428038858], [78.13334836068674, 15.840933340275917], [78.13227273090608, 15.854927640608215], [78.14439369172986, 15.856244135155825], [78.15489050206914, 15.855991935062358], [78.15742550347204, 15.855072500621159], [78.17118911665268, 15.855042998441052], [78.17519282775943, 15.85922110748079], [78.17717992368952, 15.872474254022936], [78.18035020312075, 15.878556494639371], [78.18560854868885, 15.885808123767541], [78.18800349397449, 15.89367673083836], [78.18570406042492, 15.900957537521034], [78.18652243821757, 15.906449364662032], [78.20318933242665, 15.918253877080085], [78.21193535024132, 15.923083359223078], [78.23445287565066, 15.929520105595309], [78.24454970111408, 15.935105856231814], [78.24946435879721, 15.943102800495213], [78.2505971351927, 15.95299429414338], [78.25393766332549, 15.966075913181166], [78.25493860829972, 15.974320626560434], [78.2576739740402, 15.976857253210282], [78.2595331755428, 15.984448233312595], [78.2663180429554, 16.000721548084996], [78.26524253598735, 16.011051280772836], [78.25790609335097, 16.031615320971657], [78.26320241559532, 16.037230265428963], [78.27470671290405, 16.04070437505376], [78.28763417603297, 16.038055908528396], [78.29879038502665, 16.034486230652067], [78.32286695734383, 16.03517854275375], [78.33022263758214, 16.043264202306396], [78.33779842846235, 16.053119053058854], [78.34709043877501, 16.05880404064777], [78.35979752875754, 16.060557070885096], [78.37675440094182, 16.065910846468025], [78.39098492736801, 16.077901165636128], [78.41243491570413, 16.087044633455], [78.42775769010521, 16.088964103635035], [78.45787750970666, 16.087196993054874], [78.50255329608723, 16.07933457529075], [78.52783947567733, 16.071371406519425], [78.53987773361989, 16.06864346230791], [78.55395815000205, 16.06254705668799], [78.56621465035433, 16.062736692648667], [78.57419875094894, 16.068239079649455], [78.58352914235016, 16.07671522023873], [78.5996860409255, 16.0936077842905], [78.61061580017694, 16.102824003849538], [78.62416119398024, 16.10530404761649], [78.6436770770716, 16.097888993851843], [78.65391558099934, 16.089201216162515], [78.66499967484798, 16.077945494225897], [78.67564017456174, 16.06234321539525], [78.68229498730786, 16.055598450966748], [78.69389646125133, 16.04697585476314], [78.721047975455, 16.033324088012524], [78.73338432453062, 16.029727084714924], [78.74642417966572, 16.02784709776381], [78.76140422531954, 16.027742375451677], [78.78255107973551, 16.03037448073241], [78.79754216950745, 16.039472187487004], [78.81552112201994, 16.052973477673927], [78.82131226940143, 16.058971672645264], [78.82909994927802, 16.068978440981116], [78.84404702708756, 16.09414591768735], [78.84691017040403, 16.101003876351616], [78.84780826955685, 16.109581492254406], [78.84561946155569, 16.11759144982748], [78.84145448808323, 16.12685530783287], [78.83875639245308, 16.139667561511544], [78.83797664521201, 16.148821683438868], [78.83958866748999, 16.158428886253017], [78.84532319894959, 16.16340406919895], [78.85375819199642, 16.166208383588586], [78.8639400232848, 16.16528570817738], [78.87045718489803, 16.15979925862285], [78.87385289395425, 16.150589644985025], [78.87557280232053, 16.142004253407904], [78.87696307263126, 16.12839577068606], [78.88024833755156, 16.11695748455855], [78.89668183388497, 16.10539586423617], [78.90881427263396, 16.104475805652047], [78.91811096395395, 16.11208142814589], [78.92097795088206, 16.115693937629942], [78.92490665543257, 16.120371355478852], [78.9294988578348, 16.128718003418324], [78.92847784397708, 16.140498509638448], [78.91316912220223, 16.17168216853135], [78.91301275917374, 16.18860563320995], [78.91563147699078, 16.197761319244353], [78.93306686290538, 16.209074622489467], [78.94868156955039, 16.21655480708612], [78.96661723231524, 16.223981388440254], [78.98569407615388, 16.229849550975537], [79.00008456476888, 16.23509857005936], [79.01784474229385, 16.247258922118515], [79.02781546956248, 16.251089330427988], [79.03863310522539, 16.252579249490648], [79.05024706819205, 16.25180121709904], [79.06180797417899, 16.249439262802873], [79.07635637370097, 16.24504459548235], [79.13084793928115, 16.244902210279438], [79.14102788258793, 16.24339365580884], [79.1503605817769, 16.23631409068885], [79.15907442716491, 16.23167850736968], [79.17064617121153, 16.227325949465982], [79.18452601359056, 16.22424141115106], [79.19995679235444, 16.229837242484138], [79.21548389226075, 16.237809289568183], [79.22666891606546, 16.24678456768323], [79.23303114445855, 16.257211442804017], [79.23775596579712, 16.307289849082807], [79.2357367103514, 16.343813493283065], [79.23112506371716, 16.357332471198127], [79.2193133522648, 16.369746566964388], [79.22114254329554, 16.38130603004296], [79.22041402737055, 16.40064893025463], [79.22282575672756, 16.422611553777084], [79.2268481900364, 16.444990372806487], [79.23414471517597, 16.459351802707392], [79.24398759537075, 16.46536176555047], [79.2428994568423, 16.47747939900616], [79.23865827914283, 16.488440748992318], [79.23186130252269, 16.49888839859432], [79.23300240224975, 16.51493733910873], [79.23817072399001, 16.52599437623755], [79.26851367032097, 16.553132508804456], [79.27384279409837, 16.568170900303418], [79.29014465180622, 16.572158863302555], [79.30288668138871, 16.57407818676158], [79.32756879733154, 16.58263127815725], [79.34114061617062, 16.585293842513842], [79.3533601266733, 16.586356296211502], [79.41063033293881, 16.587318413338494], [79.4345235036458, 16.589430778570417], [79.44243854801003, 16.592578497291395], [79.45109497212795, 16.60062847374861], [79.45852590643776, 16.616064800446143], [79.47803655702089, 16.62567332646563], [79.50516201532997, 16.63745836326188], [79.52010899683653, 16.64062120723975], [79.54474319677013, 16.63856981950392], [79.5620270172521, 16.641619066612385], [79.57166831840128, 16.64510806770889], [79.58207919912466, 16.650639771260803], [79.59366748184702, 16.658402610347174], [79.6079888288058, 16.670322882567323], [79.6249197931501, 16.67171591113328], [79.64139743258383, 16.667985777166958], [79.6561757510513, 16.669136720840406], [79.66364440295659, 16.681218419408033], [79.67678599452306, 16.691129682527354], [79.69119469166056, 16.697522387858438], [79.73093474915088, 16.699809088072726], [79.74200406091231, 16.705228332328257], [79.75869281191306, 16.727323218178533], [79.77131444623049, 16.734338773668213], [79.78312142633945, 16.73674109037182], [79.79160604829646, 16.732085347968027], [79.8185614502437, 16.697831920620764], [79.83424125446244, 16.69884259964238], [79.85289147641903, 16.703854948639506], [79.87019162724461, 16.70563376177869], [79.88167136307415, 16.696152494698545], [79.88904879776177, 16.683650198284123], [79.8993356620714, 16.65710646088299], [79.91052851758417, 16.64542718851788], [79.92228450559749, 16.640748406627186], [79.93212994324996, 16.638373988963174], [79.95106105564257, 16.640285444495902], [79.9666549292892, 16.649711172576428], [79.9815242093188, 16.66718103719926], [80.00001185368423, 16.700180117890003], [80.00215618347521, 16.702075097654674], [80.01087646154578, 16.710578313264424], [80.0251705305918, 16.719468883767888], [80.03181225368701, 16.726115241544164], [80.04125392797586, 16.73940160428691], [80.05184627259632, 16.747335563319908], [80.05639964443674, 16.75279084621582], [80.06007259966249, 16.778879405480353], [80.06612984512755, 16.78945769929432], [80.07339699189619, 16.810058834539284], [80.07812986317538, 16.821152379234892], [80.08714372246112, 16.83122378049097], [80.09913066004445, 16.833244269611374], [80.11087943832834, 16.833965263115196], [80.12030796716148, 16.828653122473742], [80.12930748823163, 16.812359129252005], [80.13370601189322, 16.799885204785493], [80.13738577370633, 16.781566155071467], [80.1481659788363, 16.755572916816604], [80.14791832271015, 16.73952011202518], [80.14925848955198, 16.704641402392088], [80.13826677086315, 16.684157217367257], [80.13737124349841, 16.67812812411987], [80.13983188141688, 16.672434251012007], [80.14622526936023, 16.663408484409715], [80.15811475160557, 16.656856753122486], [80.17473731587579, 16.64956027351228], [80.1922289646664, 16.63944497931266], [80.22777606966585, 16.623596105208488], [80.24283660505846, 16.62209543702806], [80.27310858405882, 16.622704793443727], [80.29851636515991, 16.623368225215305], [80.31894063867337, 16.625797984625034], [80.33411631703991, 16.624180216530753], [80.34788107917782, 16.62070610088934], [80.36460996278059, 16.620482473696466], [80.37488980854114, 16.61820294061705], [80.38028618648183, 16.610921146175496], [80.38888138057341, 16.60261379016141], [80.39716054882095, 16.601691059023118], [80.41510911080611, 16.605798382749292], [80.44773415906567, 16.603434900769443], [80.48358358335975, 16.596944337398778], [80.50867595347067, 16.585253927149658], [80.53701421304666, 16.566673563920542], [80.56679246510504, 16.544691599767777], [80.59347311988897, 16.528925686729263], [80.61933850986205, 16.51546214057868], [80.64535860382382, 16.499244944071776], [80.67282967193013, 16.47072449707873], [80.68980876442366, 16.4437241008594], [80.73847240801241, 16.381975103379997], [80.75850271700237, 16.351911419810843], [80.77621643066983, 16.326980160605878], [80.79461964243464, 16.30581747549319], [80.80960087945543, 16.28479129006325], [80.82108951336217, 16.258995059445695], [80.83500832440389, 16.217350925334358], [80.85108466050026, 16.17445680607122], [80.8613098028649, 16.15555036779007], [80.86923290376569, 16.14245014738256], [80.87014735490195, 16.130284551257123], [80.86949281654236, 16.1202610804923], [80.87524685856286, 16.108916420548553], [80.87837537916634, 16.086823613418993], [80.8898133135441, 16.07408198555841], [80.89226795216472, 16.0465412937578], [80.90214520940542, 16.02411053191793], [80.90540671249083, 16.000249322670577], [80.90383115751425, 15.99895126205838], [80.90518133451256, 15.985860045393023], [80.9028231824373, 15.978600730018222], [80.90399567750227, 15.97714874146035], [80.90396581674726, 15.96553654641758], [80.9039557776536, 15.96117287428399], [80.90511056828623, 15.95246352937787], [80.90624025790065, 15.935036711122184], [80.90622567530285, 15.932133938482222], [80.90620076516647, 15.923416532765202], [80.90146645498892, 15.91617760558317], [80.89554597153275, 15.903124664029193], [80.88490370659787, 15.887179776721942], [80.87660510920945, 15.86977401634881], [80.87542178955624, 15.866871909233664], [80.8742291943689, 15.863978952243375], [80.87067284478259, 15.853819222502043], [80.86947603781064, 15.84801496015682], [80.86474625101643, 15.840769220218414], [80.86119775971285, 15.833511980888213], [80.86001015804658, 15.832070173650909], [80.86000566148506, 15.83060997398097], [80.85528371026406, 15.82481301775452], [80.85173113821004, 15.8190182328909], [80.84935984883303, 15.811763268375765], [80.84579065120383, 15.800153290636555], [80.84341338961242, 15.791447652747763], [80.84221827504042, 15.78564169124456], [80.84104300625589, 15.784190663797727], [80.84102982692991, 15.78128897246422], [80.83863584273465, 15.768221964270044], [80.81934092104143, 15.742652793758106], [80.81973218557582, 15.744263334398054], [80.81903529506756, 15.746281479999766], [80.81811440370937, 15.75022617924339], [80.81766110809082, 15.75162708420279], [80.81480895558789, 15.75761744530807], [80.81230682450737, 15.770207721708418], [80.81236695582776, 15.773182145943887], [80.81367173429705, 15.780228618931872], [80.81421423177252, 15.78071832329154], [80.81388491990135, 15.787130639508723], [80.81289574987949, 15.79470571777489], [80.81311819075702, 15.797243648437503], [80.81460319859119, 15.805222519223328], [80.81588631445162, 15.809358473768226], [80.81415183112153, 15.820405997255035], [80.80774129171787, 15.835502235192392], [80.8060716279354, 15.836547336655599], [80.80474865201224, 15.839228688873808], [80.79938055045498, 15.843876305723093], [80.79858387295073, 15.845493765831135], [80.79687531747746, 15.84677630258648], [80.79264247856347, 15.851768891697333], [80.79236244823548, 15.852662524177498], [80.78895450897043, 15.855234268248134], [80.78716073736216, 15.858531887894616], [80.78569716818683, 15.85982668753684], [80.7828957186779, 15.862148621524149], [80.7816689315927, 15.863223010873828], [80.77713255384154, 15.86643492730922], [80.76195233124196, 15.876566409698167], [80.75587284387362, 15.880164578025367], [80.74395928078278, 15.884545472740665], [80.73758232791373, 15.885611561807561], [80.73054240949041, 15.886190161523807], [80.72564971784507, 15.885726295684302], [80.70674776426902, 15.885041170987918], [80.70534475630085, 15.884571083364841], [80.70217699611413, 15.883429497362293], [80.6913895818627, 15.883369343833976], [80.68448555394171, 15.881435005142071], [80.67285785865977, 15.880197696218424], [80.6721397703894, 15.880401809822738], [80.66961052235403, 15.879585157339202], [80.66870971966327, 15.879073643183482], [80.66167699864444, 15.879657956609636], [80.6548929580958, 15.879020072647814], [80.64069635786828, 15.878396403101323], [80.63207034981131, 15.876061061385057], [80.62165711321302, 15.872603364396294], [80.61703672096657, 15.870651552169505], [80.60959974281494, 15.869357198971564], [80.60548736588635, 15.867594612486768], [80.60357567298273, 15.868186677821623], [80.59497646771716, 15.869016117415892], [80.59440860684298, 15.869075485595777], [80.58283079843495, 15.866936374921533], [80.57910180619233, 15.866526874002819], [80.56325981381059, 15.8609759776398], [80.55924275517687, 15.859257361757143], [80.54583850311973, 15.853355361136703], [80.54084273131518, 15.851416312995605], [80.5368550999809, 15.850436287052172], [80.53419953124597, 15.850108417241193], [80.53285873184048, 15.852039021258639], [80.53418987808554, 15.853658684354876], [80.5371771336347, 15.855596238208133], [80.54050054001401, 15.857856491858369], [80.54182922063366, 15.858828114537149], [80.54383089381082, 15.859477773423139], [80.54515961614678, 15.860440247828171], [80.54715793479198, 15.861418440879705], [80.54948026932145, 15.862071381752092], [80.55114250399976, 15.862708544329346], [80.55380099041953, 15.86368414964037], [80.55579255981323, 15.865301146103851], [80.55379679085247, 15.864980185683047], [80.5527972393116, 15.864979424644444], [80.55113751526967, 15.864972035251009], [80.54681331676744, 15.863669518054389], [80.54315194198935, 15.86302149643053], [80.54210491656241, 15.862947828338347], [80.53198588539699, 15.860327004922441], [80.5255517955442, 15.86076335117476], [80.52375805925051, 15.860835984070752], [80.51243414250848, 15.858019604647179], [80.50566929145874, 15.857612046824304], [80.50189928039433, 15.85745619719647], [80.49823466999081, 15.857117422355419], [80.49657275620484, 15.856470542473238], [80.49624393589178, 15.855508790449186], [80.4959115365147, 15.854857366816006], [80.4975781934008, 15.85421736717449], [80.50123792342758, 15.853260185793497], [80.50490353450449, 15.852622365933339], [80.50590303287142, 15.852623456591184], [80.50591996409312, 15.852742049941483], [80.50989979786884, 15.853558696108319], [80.51740343116155, 15.853032522851777], [80.52000148663294, 15.85249392558442], [80.52120171148886, 15.8513556301172], [80.52207421814977, 15.848361269153624], [80.52123289479604, 15.84594344802009], [80.51635302606789, 15.842086685666526], [80.50671574147555, 15.837881367433397], [80.49950594683284, 15.83413029519613], [80.49053243465895, 15.828735282689168], [80.48825763856219, 15.827305574404534], [80.48624126763836, 15.826290194043692], [80.48177386670076, 15.824609889259381], [80.47012818216285, 15.81893967330194], [80.45977371771713, 15.815707980529009], [80.45477083522246, 15.81297228179373], [80.44796209352234, 15.809222151661599], [80.43917219612605, 15.80628996517362], [80.43345164057747, 15.804374758201037], [80.43117446647658, 15.803364007685909], [80.4221228586807, 15.798622475728177], [80.41959675004823, 15.79782903489987], [80.41689111511221, 15.796100724315957], [80.40985966935858, 15.792110050636747], [80.39253317959809, 15.783550425218477], [80.37257448223748, 15.77137539383247], [80.3698003192646, 15.770038822443524], [80.36758616510183, 15.768406534269289], [80.3597078193544, 15.76377486087475], [80.3510488166948, 15.75581879838743], [80.34987507743837, 15.75555929628706], [80.34516706696198, 15.752167118038347], [80.34210652753166, 15.748143637165587], [80.33765167048935, 15.744068619967873], [80.33663048283623, 15.74355546214545], [80.33600338032527, 15.743319667854463], [80.33580363477986, 15.742551404015746], [80.33223327620053, 15.737876606089012], [80.33062185184805, 15.735768060663212], [80.32576154926618, 15.730245259341261], [80.32133308688529, 15.724929012906692], [80.32050636136435, 15.723897555426005], [80.31716963094085, 15.721012637136603], [80.31084397433371, 15.716843032271266], [80.30548977732708, 15.710933142013578], [80.30479687680095, 15.710667735297786], [80.30437746995086, 15.709514475295515], [80.30361505135669, 15.708692657520709], [80.29757630607212, 15.702811372480893], [80.29499291221083, 15.698327951201962], [80.29421012287405, 15.697825503335284], [80.29260542993939, 15.695068936200324], [80.28755984675111, 15.68959139353539], [80.27955726436278, 15.683975819774846], [80.27745331372, 15.682073124603079], [80.27333790945009, 15.676176128341806], [80.27196748426499, 15.671332214397799], [80.27095849230362, 15.670617966301329], [80.27065062368574, 15.669683478833624], [80.26791336265697, 15.666386144819352], [80.26669637971808, 15.665193337601572], [80.26573026306414, 15.661067142200658], [80.26512851354919, 15.660322495410755], [80.2629976088459, 15.657587320426943], [80.26153229355, 15.655744973479889], [80.25976595380082, 15.650304391348344], [80.25645514047602, 15.647071873575447], [80.25516396240052, 15.645094653426307], [80.2530841907499, 15.64048019533455], [80.25239169843141, 15.64020774514114], [80.25168985490161, 15.639944425669922], [80.25117269677321, 15.639017164792449], [80.24771432972004, 15.632024284708159], [80.24442393068956, 15.621373418126684], [80.24332959046774, 15.620011535134376], [80.2414300103336, 15.617041063721722], [80.23957525284484, 15.614145761812118], [80.23666722708762, 15.600847105464315], [80.23451854716728, 15.590997502560954], [80.23370219358296, 15.58415588435452], [80.23143612319122, 15.57830851520742], [80.23101136946194, 15.576168076825992], [80.23026365974445, 15.574999579902324], [80.2284421093203, 15.568939583806852], [80.22672920943782, 15.5602094777897], [80.22458896354726, 15.554665400207057], [80.22348285984258, 15.547127078758887], [80.22299374650405, 15.545743884183533], [80.22231519055934, 15.545013094218094], [80.21867661952129, 15.543490969079615], [80.20676993306631, 15.547395785090401], [80.20574945502993, 15.549171066937731], [80.20571287115345, 15.54985286111379], [80.20205466621707, 15.552525615472806], [80.20072468998207, 15.553421239694233], [80.20042987675147, 15.55446817936105], [80.19970634447736, 15.555105314537299], [80.19848414723904, 15.555729419640983], [80.19617016616822, 15.557752720578572], [80.19567038858666, 15.558631198448492], [80.18381105799658, 15.56597255500677], [80.18189025280051, 15.56676847749873], [80.18138302074581, 15.567409826363907], [80.1805215212641, 15.570564320729282], [80.17690650636426, 15.572871682773862], [80.17548848131491, 15.573256469479286], [80.17109029766324, 15.572114827033625], [80.16930511235654, 15.570450128481188], [80.16890400762688, 15.56951572216549], [80.16923157687465, 15.566190943431504], [80.16911739285402, 15.561345869262924], [80.16856871659192, 15.56088365630646], [80.1682826613457, 15.559712032641121], [80.16758139367084, 15.559448357958273], [80.16433013373812, 15.55905082263715], [80.15684574365216, 15.559357757521685], [80.15377904857323, 15.559892283339117], [80.14591480010601, 15.559163904514234], [80.13795694593793, 15.558852500483686], [80.13565615473733, 15.558503514474596], [80.13466918330654, 15.55709534558418], [80.13598192493598, 15.55262523525156], [80.13720161870286, 15.551554774814642], [80.13723856202354, 15.550888983199934], [80.14031663850496, 15.550126786980387], [80.14648195849892, 15.550670171414765], [80.15188155300079, 15.552098797087211], [80.15906812933478, 15.552882272563803], [80.16592536826693, 15.551663898688942], [80.16984949308947, 15.552334276136127], [80.17143809432477, 15.553103029584824], [80.17186674645977, 15.553535741535187], [80.17852258116802, 15.560242497685746], [80.18217507746657, 15.561574067561809], [80.18287338406913, 15.561381662967296], [80.18555031367231, 15.5597001301365], [80.18716849111134, 15.556163980322976], [80.19033769510153, 15.553375929233844], [80.19085566907577, 15.552050567039258], [80.19089234994404, 15.551384686263836], [80.1940130652848, 15.549371893145954], [80.20009045003233, 15.54595278912207], [80.20092681369313, 15.545324624709938], [80.20251478960628, 15.544022829164584], [80.20340459128336, 15.542938584133598], [80.20737591392192, 15.540653005311697], [80.21056547181671, 15.537846358039847], [80.21060202825724, 15.53716458234012], [80.21088756428047, 15.536272737113043], [80.21184614705187, 15.53563751132269], [80.21279096364621, 15.53524854091228], [80.21319875533564, 15.534340528757266], [80.21349251731579, 15.531207495066496], [80.21297850463024, 15.528802949864948], [80.21310194682269, 15.526550222731032], [80.21194042752404, 15.51909450891561], [80.21090986742588, 15.517203708246232], [80.21034241911794, 15.516712070232566], [80.20654027214091, 15.509077861989503], [80.20574913744957, 15.508365409074269], [80.20450871020972, 15.507503133408969], [80.2021400631236, 15.505347509023434], [80.20090908700536, 15.504485158457141], [80.19705462332439, 15.50073339520815], [80.1953360085235, 15.499153589359228], [80.1869330500405, 15.49584764300114], [80.18524796706258, 15.494605083732592], [80.18470890414127, 15.494115578679073], [80.18384619810595, 15.492479890887704], [80.1839637062626, 15.490694723059482], [80.1844800780987, 15.49005347089271], [80.18683031349182, 15.489480575972319], [80.18763904798763, 15.489472661561559], [80.19428354636048, 15.489856070428031], [80.1962738262844, 15.490765268585545], [80.19752876838318, 15.492031058108747], [80.20090750532508, 15.495420934785743], [80.20417747675486, 15.499845880079251], [80.2085922728781, 15.502436241840403], [80.21074601134455, 15.502444526468318], [80.21025838872353, 15.498763434627877], [80.21014687448947, 15.495086425118673], [80.20547852744735, 15.491016984957351], [80.20236341676694, 15.484695241721507], [80.20200133258518, 15.483068076634439], [80.20180275447503, 15.475960454453107], [80.19886621415655, 15.467607572559967], [80.19832745411149, 15.465668402085596], [80.19756485634701, 15.464965054801718], [80.19726935698625, 15.463821111021268], [80.19669400602302, 15.462547615912213], [80.19039189653309, 15.4555943837197], [80.18925243647632, 15.454285172313728], [80.18794386445, 15.453001234573975], [80.18466356131333, 15.450142427565472], [80.18421874993906, 15.449680266346245], [80.17881222215654, 15.44191639888371], [80.17651947580472, 15.439079047043842], [80.1752773334197, 15.436274624782325], [80.17261163649552, 15.433877627592635], [80.17183679212023, 15.430660067438716], [80.1710462703617, 15.42992933797998], [80.17020085864007, 15.428523960757795], [80.16971270883207, 15.427140983536285], [80.16890784502976, 15.42618231407874], [80.16699725083554, 15.424187824997125], [80.16592201068093, 15.423081312059336], [80.161676748249, 15.41788474301828], [80.16095367402235, 15.416488329093156], [80.15860378196001, 15.414343843770432], [80.15746359519373, 15.41384595185176], [80.15708108064172, 15.412237201921023], [80.15660459216315, 15.410617169749173], [80.1546119921604, 15.408467708839876], [80.15361287691928, 15.40591145583531], [80.15048269623517, 15.40325489341494], [80.14960218710921, 15.401619347171742], [80.14752962975983, 15.399169053785215], [80.14688559916999, 15.398923547512533], [80.14668744831144, 15.398183030771875], [80.14266202028723, 15.39287886870233], [80.13465279339734, 15.38544516282886], [80.13049229077936, 15.380487436981342], [80.12608907687164, 15.37185137348388], [80.12529211225483, 15.371138690638611], [80.12480459763685, 15.369728462905098], [80.12208563685483, 15.365747051728828], [80.12115214695879, 15.364640209985486], [80.12016125022056, 15.362302838008631], [80.1191912451883, 15.359701061784964], [80.11616104076228, 15.35659726580151], [80.11493970244103, 15.353838468940422], [80.11188825499194, 15.350315381092905], [80.11137276943214, 15.348932495793388], [80.10905020556616, 15.346249701898396], [80.10657501369028, 15.340456391914108], [80.10270710751948, 15.334151340663215], [80.0999276871151, 15.325929147816185], [80.09961457679556, 15.324849213997393], [80.09840418561882, 15.320085154062742], [80.09753952565171, 15.31601596267605], [80.09722202869442, 15.315255075919], [80.09504301995794, 15.30850931804414], [80.09445097105339, 15.304517475761953], [80.0917809503928, 15.293235476101948], [80.09108701879794, 15.291146465059683], [80.08628995458578, 15.282279000211954], [80.083881065537, 15.277853276820206], [80.08052268893053, 15.267034732899392], [80.07963222966627, 15.257454503080517], [80.08089577004567, 15.243006835748727], [80.08171955757861, 15.239217558124945], [80.08237544756538, 15.23333701890125], [80.0845146069474, 15.228007016628357], [80.08729220801598, 15.21589455817297], [80.08739526554677, 15.211914572358864], [80.0873591279699, 15.210465723554062], [80.08506250659666, 15.199653016002468], [80.08376246246276, 15.19529816590037], [80.08159547345937, 15.192472362843228], [80.08070137077382, 15.191985388571474], [80.07996499353165, 15.192386718604668], [80.07882237437597, 15.192097979505307], [80.07129734145047, 15.19332065416894], [80.06745809937055, 15.195381830628838], [80.06740927730948, 15.196302170694452], [80.06618509330326, 15.19713422377222], [80.06395972777543, 15.199281099203926], [80.06296788507098, 15.200354550765395], [80.06215238445849, 15.202366430019854], [80.05958639507438, 15.203843668581195], [80.0591175033982, 15.204602471895106], [80.05152965588674, 15.209532884745308], [80.05147836551653, 15.210423654395422], [80.04855349444033, 15.212764289488536], [80.04758226041059, 15.213151893987517], [80.04329576261142, 15.213531412210093], [80.03476931192785, 15.21317829850089], [80.0318901095579, 15.211718700712643], [80.03021468940437, 15.210775900644341], [80.03025653027825, 15.209117485806015], [80.03184227180475, 15.20784595012332], [80.03206970893636, 15.207146478980544], [80.04011887294435, 15.205458689719272], [80.0415031929968, 15.205761298069694], [80.04310316458024, 15.205455520434969], [80.04376466903331, 15.205118210162924], [80.05029740031917, 15.201751372938782], [80.05056929001296, 15.201072433633929], [80.05349391963514, 15.19874093338256], [80.05792245972523, 15.191483714507743], [80.05993679980313, 15.189715140520365], [80.06038464975512, 15.189300374735964], [80.06108130609259, 15.189111006603763], [80.06230029154503, 15.187167364259981], [80.06281349248822, 15.186062324514467], [80.07230543431248, 15.183144383121299], [80.07365588541269, 15.181858930820122], [80.07341796576416, 15.180025315143745], [80.07242274700243, 15.178818532451016], [80.070543290552, 15.173079090135225], [80.06788384341664, 15.169326392427301], [80.06614878759737, 15.165848874484839], [80.06499852487637, 15.163664922393721], [80.06210993836926, 15.150277251081993], [80.06152686825114, 15.14704535184252], [80.06056241314606, 15.145638099622238], [80.05920513585316, 15.141436239928488], [80.05914210171723, 15.136671324974769], [80.0583865993393, 15.135730927010982], [80.05630849195215, 15.128823571292497], [80.05577358077785, 15.128106322776265], [80.05538897160669, 15.122186934212174], [80.05350562283859, 15.120759584846853], [80.05229583639898, 15.1147927624675], [80.05104069119619, 15.11268189613142], [80.05113847283626, 15.104510125183419], [80.05014627582514, 15.103121174486008], [80.0487958928737, 15.089891875835626], [80.04845421328878, 15.084858908330574], [80.04750427530672, 15.083242275553609], [80.04720565657935, 15.08050497679084], [80.04674860165673, 15.073729998666572], [80.04600484532999, 15.057550143390342], [80.0456670606038, 15.049600531569778], [80.04807356448659, 15.022269891410177], [80.04883133142329, 15.018380492924264], [80.04021789662085, 15.015659849783834], [80.036372436406, 15.012584644200542], [80.0330749565683, 15.00803835382017], [80.03335065267416, 15.00514656672997], [80.03349326235193, 15.00364600953197], [80.0331410055574, 15.000069110392952], [80.03309322835466, 14.996289462548418], [80.02822724127631, 14.99381781779978], [80.00016629146654, 14.98705835693653], [79.99144010422738, 15.000036199602809], [79.991730573822, 15.000040768076845], [79.99034808774246, 15.00477438158723], [79.9852778013958, 15.011245038432545], [79.98044628785033, 15.015905443432798], [79.97505267362052, 15.017478047037319], [79.96057344186217, 15.017477108096047], [79.95231859789006, 15.019756181795419], [79.94719219350908, 15.019811334929152], [79.92532757546756, 15.011483852652507], [79.92318616486529, 15.00746391030444], [79.91129079593239, 15.0058336644931], [79.90363645846651, 15.000150135178307], [79.90339280971477, 15.000154561951165], [79.89957825232976, 14.991647813121267], [79.89499244604792, 14.984549981578448], [79.88950172413469, 14.979031512470867], [79.88257337896822, 14.976243851332127], [79.87762261560547, 14.972892920453456], [79.87220965487195, 14.960625927329998], [79.86833878806128, 14.955342884662318], [79.85805491875087, 14.953869287434523], [79.84215060775077, 14.956730567035336], [79.82864067714542, 14.960216682139103], [79.82355823507422, 14.962355207062815], [79.80490330143402, 14.964787844566104], [79.79412903190595, 14.971728292378], [79.78695803574023, 14.97129902785225], [79.78204189922427, 14.97571542554628], [79.78411983777683, 14.982879026439528], [79.7869804561013, 14.988513831875041], [79.79556193312995, 15.000267989835061], [79.79573999401892, 15.000261414338754], [79.80068995683368, 15.01472917252981], [79.79075415351578, 15.020662715619444], [79.78762815505108, 15.02549688394835], [79.79447077534532, 15.029582727092103], [79.80028522776354, 15.03522661403093], [79.80403474558524, 15.046417013800479], [79.80511789650433, 15.055962242486919], [79.79896204305156, 15.058647785942101], [79.79006445685803, 15.060971632179573], [79.78102888797389, 15.061434240816153], [79.77421889390158, 15.058169578018722], [79.76708921067497, 15.05152704431963], [79.75774345138298, 15.051466175973008], [79.756251976093, 15.044126608808519], [79.75234786534293, 15.036377745515267], [79.74390211302664, 15.031765604239895], [79.73316555767613, 15.034266990169439], [79.72420288799111, 15.038863647954061], [79.72686595843969, 15.04887906074647], [79.72263547124797, 15.04800343653899], [79.71769044612412, 15.045912557773306], [79.69264091225588, 15.033781391189695], [79.68169388817077, 15.033598391583142], [79.66968256569514, 15.036556811638057], [79.66198680992218, 15.03486766470534], [79.65040624972434, 15.03502693117776], [79.64014331405855, 15.036652712196476], [79.63452529916869, 15.036260688965045], [79.6265855511442, 15.035712134648454], [79.61645596786715, 15.038142710098965], [79.606810218822, 15.039241799827222], [79.5957419481131, 15.037956637915261], [79.56322446789504, 15.043051973800209], [79.56270572200454, 15.033786991761154], [79.55227586560434, 15.02311666604571], [79.54037511223422, 15.026076056291332], [79.53407937541306, 15.031545970400396], [79.5162464243787, 15.037927268529014], [79.51060858655822, 15.04380616714559], [79.50427090416795, 15.045428742268589], [79.5049077278778, 15.05207124323049], [79.49981764831371, 15.05462701020318], [79.47303207784003, 15.059136726201803], [79.4672842198785, 15.063672571523357], [79.44711807784765, 15.058637167133753], [79.43775137586756, 15.055592918863486], [79.42131947970164, 15.056384506768328], [79.41389298041143, 15.062312003298091], [79.41569082802829, 15.074899157865223], [79.41096698433867, 15.077273555869361], [79.39203154299841, 15.07643247877729], [79.386526174509, 15.079449590143286], [79.38936713632266, 15.087847015082776], [79.38499558570064, 15.088826043902015], [79.37886270401687, 15.085852930893452], [79.37055858487423, 15.084610080721966], [79.36046387222297, 15.086340009554288], [79.35427986669443, 15.094837115838347], [79.35269315116818, 15.101705793318027], [79.35289762284982, 15.111021895120869], [79.34698707210619, 15.110029675586437], [79.3438421667804, 15.104834058913347], [79.34076542876666, 15.096739491629725], [79.33900601625392, 15.08921812544888], [79.33232078839106, 15.089151082992437], [79.32780718031078, 15.097003412947613], [79.32806954323902, 15.104688966146888], [79.33185783198515, 15.112914794487564], [79.3244992638947, 15.11697808963454], [79.31841287023147, 15.115507903817367], [79.30952205284015, 15.098778233259143], [79.30500105888468, 15.092536833099114], [79.29904432156799, 15.090720343322516], [79.29382298324582, 15.097238195575768], [79.28736569866999, 15.096990259714635], [79.280187989047, 15.100008936795225], [79.27259878700866, 15.100986854382644], [79.25701745567886, 15.100666441474111], [79.25566282147241, 15.108348476362128], [79.24419430922568, 15.108204906072146], [79.23525008091949, 15.105682290022592], [79.21522744718388, 15.093591054018649], [79.19889007812264, 15.087619071120113], [79.1764310614971, 15.087566138366899], [79.15569654151919, 15.09106806914878], [79.13870987566673, 15.097850747141354], [79.1309301447685, 15.101733038522081], [79.12358329771381, 15.10311915557855], [79.11704040419065, 15.099426285164071], [79.11429190695937, 15.092319679615322], [79.10906688221858, 15.089745985173344], [79.10276802359925, 15.088682322743056], [79.0946803271139, 15.08836563767348], [79.08937222650374, 15.08533293601716], [79.08635704165127, 15.076643834157702], [79.08174580332236, 15.0687076800904], [79.08121101159095, 15.060733657673547], [79.07636960117622, 15.054722762744358], [79.07332596860739, 15.03176738334148], [79.0739735101556, 15.000122908281341], [79.07422656183218, 15.000117698031648], [79.0747397321232, 14.989699515056978], [79.07257417813513, 14.980172949776037], [79.07166195173582, 14.970652340548904], [79.07301273307888, 14.961754358047358], [79.07777347636255, 14.95383448237885], [79.08129613558278, 14.94154474922863], [79.08374913631009, 14.926648855171713], [79.0867284596794, 14.915606221078322], [79.09132886369702, 14.903267383932471], [79.0935240162015, 14.892054180689504], [79.09813809043935, 14.889515329202297], [79.10406396255806, 14.88823182343128], [79.10282139703229, 14.884600299925252], [79.10829700889974, 14.877643791160441], [79.11626494760692, 14.871380678382696], [79.12232735831006, 14.865447189290352], [79.12755588179378, 14.857692113071044], [79.13316427132449, 14.846038149922824], [79.14098232122224, 14.81953116648135], [79.1413118032193, 14.797931110157934], [79.14309414140502, 14.787851136512188], [79.14863151335807, 14.777545524125282], [79.15439363488969, 14.77047484810461], [79.1602377697562, 14.759838804799545], [79.1633155759702, 14.752133611276008], [79.16317802628839, 14.742098128882253], [79.16752663472948, 14.729868017656786], [79.17691186008088, 14.713846831671573], [79.17910784671703, 14.687158002958451], [79.17811149691579, 14.684142453925976], [79.17060038212644, 14.679754278066332], [79.16882091309606, 14.677198293034062], [79.17491160331541, 14.664748015901909], [79.17146888726515, 14.659402797666333], [79.17481407632259, 14.657265314220508], [79.17536111281854, 14.64245914928251], [79.17833779675682, 14.629603176265512], [79.17938688168788, 14.62177960034737], [79.18287464641473, 14.614358936239215], [79.19142821668845, 14.6105833502704], [79.1948509885439, 14.606910765931207], [79.19785974596533, 14.600908968314107], [79.20635720992895, 14.595713028826674], [79.21456628306645, 14.587744781038591], [79.22325088852017, 14.596273249793446], [79.23035539727763, 14.594764543152067], [79.23623986618912, 14.587915410189545], [79.24021624769948, 14.578854486361527], [79.24895007651186, 14.559367957341559], [79.26428690847658, 14.544609608249756], [79.27401914312055, 14.528189381358397], [79.29048006715338, 14.484904292552544], [79.29544758379757, 14.479692024597787], [79.30572195081086, 14.477629354158413], [79.3174532416581, 14.469258670283168], [79.32232348972701, 14.459797995493911], [79.32312673790946, 14.450218328330847], [79.32743925955381, 14.430094825421717], [79.33104723008627, 14.422158995239082], [79.34544857528492, 14.400414195135767], [79.3589001318316, 14.37832414147104], [79.36233116533609, 14.369655959009448], [79.36470921923453, 14.355141557365567], [79.37229947218307, 14.350387785616983], [79.3820965989586, 14.346272749727643], [79.38777404788382, 14.342028322535654], [79.39559852374022, 14.323437303501459], [79.40279393262342, 14.311264714885592], [79.40980613773382, 14.302934470697657], [79.41406258821961, 14.296256550016178], [79.41797142255515, 14.286279666229754], [79.41875772104677, 14.265682522619585], [79.42907828491329, 14.248748878008678], [79.42946270475471, 14.2386477261463], [79.4256259226236, 14.227462178021025], [79.4245932092488, 14.216508455158207], [79.42689249043683, 14.204714069951773], [79.43192794928555, 14.193460155641457], [79.43160322025311, 14.190880176985695], [79.43156308081274, 14.178627505933704], [79.43779423122963, 14.145674628960666], [79.43981363761007, 14.128315878737686], [79.44188153225204, 14.121227562818666], [79.44580527666695, 14.115055087374833], [79.45193361812429, 14.107512247356393], [79.45279302577818, 14.103265665818736], [79.4507826602571, 14.096732331716206], [79.45005711149587, 14.079136005929916], [79.44781252324161, 14.073690101842883], [79.4412345749831, 14.063914574361778], [79.44131639969571, 14.054094546726168], [79.43683725757988, 14.0371805948781], [79.43476702460137, 14.026957768293524], [79.43392023988662, 14.01850445893847], [79.43762811106757, 14.00874984781283], [79.44341356848096, 14.00039311920208], [79.44425412047113, 13.992660044680218], [79.45053151748517, 13.991280788972048], [79.45297294190084, 13.989026201519538], [79.4552060659993, 13.983560098490939], [79.4516755824192, 13.965629621703386], [79.4538485428895, 13.958837701763642], [79.45360412084511, 13.952474986910696], [79.45768328742948, 13.949168730532973], [79.4592855576987, 13.944908672843056], [79.45757116303001, 13.938093443541591], [79.45645490896463, 13.920553578147578], [79.45317183835725, 13.915010973993802], [79.44800847198849, 13.910124037587018], [79.44518608697811, 13.903434492486802], [79.44124636948344, 13.897271884753554], [79.44445912833486, 13.888928242378817], [79.45083127699628, 13.891737961532453], [79.4741963200477, 13.896181274420664], [79.47823134269515, 13.905787052023378], [79.4812096274394, 13.909781897525242], [79.50305790155234, 13.909307198118075], [79.52970847565241, 13.913317088974711], [79.54291899350117, 13.91331644765332], [79.55424217322897, 13.911901227943465], [79.58908423378966, 13.918590488772235], [79.59726324344423, 13.914613479895396], [79.59740769502034, 13.899404055516396], [79.5962982000563, 13.889430898617867], [79.59834301861841, 13.887868044569021], [79.60882916809234, 13.885708551065651], [79.62255802483595, 13.884664648862083], [79.6259348786278, 13.875911465939096], [79.62733682336071, 13.869586614277463], [79.62522059771307, 13.863468387826227], [79.62071100219897, 13.85926195910787], [79.61575772382282, 13.857644088110842], [79.61160927436059, 13.854062607087322], [79.61560619114523, 13.848689423984213], [79.62721765486266, 13.841524919184785], [79.63481204780177, 13.843012856338209], [79.64527772074574, 13.839126019787434], [79.6559376889916, 13.836276200053735], [79.6704830388482, 13.83447627112166], [79.67196457829793, 13.841465682621477], [79.67220265569597, 13.85758596683724], [79.674707843289, 13.867088602726705], [79.67569143547702, 13.876603924435642], [79.67322684394831, 13.882193780475301], [79.67177601430525, 13.889381819390133], [79.67494524848708, 13.900366927586553], [79.67807717055457, 13.907626920057897], [79.68188365199542, 13.922845531663006], [79.68556305855216, 13.920808156004387], [79.69277571205876, 13.914374077300863], [79.71009926998022, 13.908130707141328], [79.72616408644595, 13.905342599191181], [79.73152175894427, 13.901330069150085], [79.73385752847064, 13.889207813648815], [79.7302668723129, 13.866921770527172], [79.73334880848718, 13.859141961635746], [79.7449914151795, 13.854902618161045], [79.76391215745828, 13.85030224053623], [79.7718909976428, 13.849482120215905], [79.77560574112107, 13.856503729168878], [79.77744454323029, 13.862971028245642], [79.78390315173817, 13.863078471720005], [79.78865341162386, 13.872732412734285], [79.78631154558433, 13.878608036990125], [79.78807848238793, 13.890012722960332], [79.78832198057493, 13.896382832505708], [79.78703717872368, 13.902183206731042], [79.79029919263796, 13.910362648300747], [79.8021649745285, 13.920806348263124], [79.80765594704211, 13.92338590095552], [79.81189212878473, 13.924149753022323], [79.81489457859753, 13.909029691332242], [79.81801726590128, 13.904409421186555], [79.82524839203899, 13.899814638073165], [79.82789042955235, 13.894449141934917], [79.82966589168578, 13.88502391642525], [79.83356852915715, 13.882111574846926], [79.8376620292822, 13.874845635565668], [79.83686939518894, 13.867279229095045], [79.83820757242046, 13.861415467920668], [79.84272376917109, 13.855516732239764], [79.84669389122519, 13.853587158536682], [79.85315411659123, 13.858342247381579], [79.85805101466948, 13.86552432166601], [79.86191064469064, 13.86961384240427], [79.87088703986879, 13.868439530751198], [79.87789713729003, 13.865326904947466], [79.88312178881567, 13.855008096006939], [79.88503758116372, 13.847644295071985], [79.8830309952935, 13.84158709401512], [79.88150674789728, 13.831267999016553], [79.88147425922179, 13.823122411343618], [79.87955809609716, 13.804547229548785], [79.8772852721193, 13.795905648646322], [79.8766762618473, 13.783632519071674], [79.87324681733597, 13.775972984671691], [79.8681493065228, 13.772240042056916], [79.86348295191183, 13.769528517176523], [79.85949834999572, 13.770023925435272], [79.85566848150579, 13.769087512696764], [79.85294956089496, 13.767103741243888], [79.85232449683608, 13.758961336016378], [79.85844979892889, 13.755629582003847], [79.8616648262343, 13.748941128769006], [79.86076191094116, 13.741947061165801], [79.86477052062352, 13.737433276143536], [79.86728112624743, 13.73115282961396], [79.86639353197819, 13.720147740159462], [79.86825203929541, 13.713413225389838], [79.87152751734153, 13.707526308228253], [79.88060567242559, 13.705199537943756], [79.88614555436068, 13.701760043538329], [79.89370672780254, 13.700880994029076], [79.9063905709208, 13.701273249449992], [79.91037793427066, 13.703909787701583], [79.91930510217641, 13.704284882890846], [79.949221309124, 13.707654062630327], [79.95866670633487, 13.706817627815228], [79.96022804536271, 13.70031349811219], [79.96884560146329, 13.694435082025544], [79.97396306406104, 13.689959942142233], [79.97458528106756, 13.6879454819735], [79.96925974681412, 13.679049122107132], [79.96368120107594, 13.673362752398083], [79.9612493590321, 13.666447604703787], [79.96853962037967, 13.652366711048268], [79.97327772330529, 13.64629968587519], [79.98094901827884, 13.644502076457488], [79.99090228798039, 13.647390707867944], [80.00005335865063, 13.644033793171715], [80.00187653040983, 13.643087859960332], [80.00352792933735, 13.637367016713347], [80.00445297691563, 13.624086244557994], [80.00615280750739, 13.619563355678658], [80.01191775475529, 13.61277433547679], [80.01249942941438, 13.608562352960387], [80.01806973559655, 13.608795356391637], [80.01916085828162, 13.600806981326937], [80.01663041346004, 13.596135066377382], [80.02483898123535, 13.596147485595958], [80.02427917651632, 13.57757736531964], [80.03840377725078, 13.578987175576172], [80.04158196594014, 13.577269497543304], [80.0426618711265, 13.57567936144932], [80.04665182795033, 13.575433145331571], [80.05221665227252, 13.558460965391756], [80.04661941041627, 13.554947846769869], [80.04106936946363, 13.55325779494366], [80.04200309276749, 13.536560453358458], [80.03002967536338, 13.538075951749171], [80.02694997275893, 13.541425903448676], [80.02016147214236, 13.545279825704656], [80.00658051316317, 13.542487302403279], [80.00212545754002, 13.539641475078758], [80.00173595851136, 13.531888438094148], [80.00219477236188, 13.525899722001068], [80.00264434126117, 13.52299270590352], [80.01288355698733, 13.525284671118255], [80.01871272709903, 13.527996048781997], [80.02090650882818, 13.521249738543576], [80.02612245445604, 13.516877132145746], [80.03160505633757, 13.514637999192953], [80.038145508753, 13.516960602076344], [80.04526870492407, 13.514852016710346], [80.04952027967374, 13.512370005862522], [80.04972417097456, 13.505851004221194], [80.04859967102215, 13.497518646984604], [80.03736215830901, 13.499714561622602], [80.03138838754441, 13.499378192484134], [80.01841009263286, 13.50074309798883], [80.01818068763029, 13.49926783561117], [80.01815023676735, 13.499282739550303], [80.01395091127088, 13.496543846466171], [80.00310348548469, 13.492093075590082]], [[79.84607271942144, 13.322952567816754], [79.84505500058654, 13.330697349430663], [79.84137087988807, 13.326371665587896], [79.84280000646939, 13.323311631504266], [79.84607271942144, 13.322952567816754]]], [[[81.70875389789781, 16.302760006680145], [81.706390202359, 16.302883588091433], [81.70162649330413, 16.304956110676], [81.70011604082507, 16.311659429732533], [81.70002666823133, 16.31870263205944], [81.69705617923111, 16.32197622612264], [81.69576923305266, 16.32253938498715], [81.69266148063977, 16.323923172267182], [81.6831990756249, 16.328132834187016], [81.66461957114596, 16.334367219717404], [81.6607833873664, 16.336012260016332], [81.65037948325053, 16.33804230651819], [81.64638443400082, 16.338308960479807], [81.63911816909163, 16.338445591867693], [81.63111887622082, 16.339010311235604], [81.61984825924141, 16.339638452252437], [81.61771628626109, 16.340007019125444], [81.61606197226318, 16.340160120400395], [81.61018291715189, 16.340572348833327], [81.60951257675995, 16.34030559982063], [81.59953593420012, 16.34133818557347], [81.59500090458802, 16.34157282241064], [81.59276806749129, 16.34182337596795], [81.58163925726306, 16.344505109716405], [81.5728195548537, 16.34803376818225], [81.57074087118676, 16.349762539965948], [81.56895701995148, 16.351211723046994], [81.56717095713796, 16.35308810035946], [81.5650911841221, 16.35596814751093], [81.57269776375006, 16.35653056494516], [81.57677420062741, 16.357308962314104], [81.57935506951209, 16.358478049565615], [81.5804846272327, 16.360181375114017], [81.5721668057314, 16.365868025119003], [81.56645389432579, 16.36786889255299], [81.56438210472793, 16.370230366562218], [81.56127050624794, 16.374990207931003], [81.55682010197381, 16.38479017983211], [81.54953196327139, 16.39028662691794], [81.54818504565597, 16.38797983560887], [81.54793270886339, 16.387020724371993], [81.54719997631719, 16.38835121308041], [81.53922023825935, 16.3911404724392], [81.52897763804023, 16.393311069450956], [81.50121857709249, 16.383970000793948], [81.49191764353549, 16.385685038349237], [81.4848028028369, 16.39190978485254], [81.48026678786437, 16.39983291635017], [81.47816649327157, 16.406506953513404], [81.4547946135565, 16.417568501758094], [81.43763750458622, 16.413347470411082], [81.42501096730028, 16.425744420453405], [81.42117110973349, 16.43117372871879], [81.4184847839813, 16.43078858202499], [81.40805150000705, 16.432383780036147], [81.40348579794615, 16.436850959624277], [81.39958853127901, 16.44233749338017], [81.397078351194, 16.45104599156441], [81.38676377887786, 16.45354337109766], [81.3851720735414, 16.45558282106857], [81.38518657042496, 16.458635213643802], [81.37900649471653, 16.4619176017681], [81.37203803554814, 16.473457878584597], [81.37566116390019, 16.47905845031731], [81.36873288789856, 16.4878841112636], [81.36911363336297, 16.49958428809931], [81.37194542508847, 16.50393812520539], [81.37139150022941, 16.50913728560085], [81.36834625935894, 16.509707399340115], [81.36459499659328, 16.511684822905163], [81.36147779302952, 16.517849404209322], [81.3529713450806, 16.515033233593194], [81.3399505409184, 16.513686220541807], [81.33375072557043, 16.516290884600142], [81.33078808787847, 16.51952162878375], [81.33129057296222, 16.523417769318527], [81.33954446942028, 16.524882505156008], [81.3382059705634, 16.529693581922757], [81.34514522389019, 16.54071079782587], [81.34993598875481, 16.551443866379895], [81.35493318642682, 16.56687833589465], [81.34522667732892, 16.570958264529352], [81.34539941694874, 16.57859218555005], [81.347826617118, 16.593914299677422], [81.35256989892468, 16.605380302667932], [81.349129509512, 16.60911469583913], [81.34212831094237, 16.608050079546523], [81.33386192168055, 16.613314001438265], [81.3265529823068, 16.6205573092882], [81.32490527414875, 16.62395032327483], [81.32796711602265, 16.6432296219753], [81.33229884065639, 16.65770242279509], [81.33386648109122, 16.677997778357103], [81.33147946035227, 16.683455411105808], [81.33026784395548, 16.682764660855106], [81.32242191966546, 16.688370045273434], [81.31557675557977, 16.69131888923508], [81.31109690665009, 16.691891826651126], [81.30828943717285, 16.691494060511214], [81.30498038662915, 16.689009095042465], [81.2931478683973, 16.676656115781867], [81.28539292848282, 16.666934222212156], [81.27873767727883, 16.65174414242357], [81.27533994119543, 16.63106537766538], [81.26912699220144, 16.60987938563054], [81.26582150831705, 16.605702693325092], [81.2478823213053, 16.59748521335356], [81.23872575318948, 16.592016260465027], [81.23668250849225, 16.5878374696682], [81.2370597494946, 16.581110582020255], [81.23650952836283, 16.577945384157665], [81.23214957776243, 16.576204201880543], [81.22701303777004, 16.57610342127551], [81.2216061056731, 16.578084459123595], [81.21088252884246, 16.588512930588333], [81.20421040490523, 16.600790741845938], [81.18609041035918, 16.623481307658245], [81.18060028596757, 16.623267526446103], [81.17249538074488, 16.621147698307905], [81.16356599508593, 16.62072083506555], [81.15638739077602, 16.610122499967343], [81.1503209519342, 16.59748816873274], [81.13465237622562, 16.606172101166326], [81.12708264865338, 16.603485762549226], [81.11507072267312, 16.597571723254344], [81.1118560987687, 16.59779962151676], [81.0924952779266, 16.611905502317924], [81.08666055741563, 16.609729764679756], [81.08307453394006, 16.605631017750504], [81.08151803797921, 16.6015789593475], [81.08209513259038, 16.59903320281321], [81.0900618548498, 16.593139244184513], [81.09125155335923, 16.591055182930678], [81.08692618008195, 16.586932520420994], [81.08059630185595, 16.58373876154792], [81.06656100144308, 16.578914592903804], [81.06024882558343, 16.576058108596722], [81.04445463326898, 16.573440914837352], [81.03457139214518, 16.566154742293744], [81.02096423288042, 16.55919123167302], [81.0107784641107, 16.56126168511693], [81.00574295329858, 16.586227194315537], [81.00424621198611, 16.597607492254273], [80.9999778414434, 16.60443605429809], [80.9805679106513, 16.62233070283297], [80.97187802122566, 16.63275614986805], [80.97081774810493, 16.63998812413904], [80.96832110190752, 16.64664458630935], [80.9643161638768, 16.65297959185352], [80.95498300099746, 16.660394061752868], [80.95513376919612, 16.664297148592713], [80.95683638966518, 16.67102219271286], [80.96277748339067, 16.670734024986444], [80.97039867255626, 16.668941884121633], [80.97661323491796, 16.662511726144412], [80.98211822252811, 16.654449618300475], [80.99322010727619, 16.642402132838285], [81.00000057184731, 16.640045077120966], [81.01073336725447, 16.64408547571464], [81.01627312438772, 16.65054068222265], [81.01888597453893, 16.657781968802226], [81.01934118242288, 16.664405213089722], [81.01565787051356, 16.670049302953323], [81.00974667766151, 16.674341847396544], [80.99999716421374, 16.6750077820735], [80.99244029472837, 16.681055021833053], [80.9833116884965, 16.716779582824277], [81.000107407785, 16.72186181608077], [81.01261482660568, 16.742842092135866], [81.01391681340917, 16.763717436118753], [81.02247078840173, 16.776769636136024], [81.03898379556222, 16.797703740239033], [81.03623109617769, 16.816161184710722], [81.02135791898287, 16.829479562168544], [81.00870656532021, 16.840213592123707], [81.0026611102897, 16.856279896913264], [80.99998959145752, 16.869506160158863], [80.98934684882396, 16.873703765107233], [80.97457406260447, 16.89490551382807], [80.96402420968732, 16.906549203696915], [80.95925490042208, 16.923824037362674], [80.95113856203447, 16.934660176753535], [80.94486800920686, 16.94048013453073], [80.94002017770227, 16.946610953282136], [80.93649261128208, 16.956438368413583], [80.93558149080677, 16.963538894917498], [80.94249800208996, 16.990954857080762], [80.94661325305638, 16.99850382190802], [80.94758041400745, 17.000149033381437], [80.96204457470081, 17.018660146082446], [80.96438560312707, 17.04091999125098], [80.96033436057822, 17.04809283678524], [80.9430472052425, 17.06444004957467], [80.93783613371254, 17.065143801011303], [80.92359002898664, 17.063511726187294], [80.91751880150707, 17.063641405395774], [80.9072908852966, 17.066017862138015], [80.89939176357603, 17.062756403528244], [80.88060569644158, 17.0669219187337], [80.87423919814782, 17.064814274160238], [80.86772206604932, 17.059202666325763], [80.86531120319225, 17.076833846537312], [80.87139615278988, 17.08983075726541], [80.87123922275201, 17.0939198620914], [80.87303906989996, 17.10409193722097], [80.8638571848718, 17.119641716444566], [80.87228226857637, 17.126231183667063], [80.87560629575856, 17.132837103698783], [80.87910216331736, 17.154499088110292], [80.88555664761863, 17.15339407283538], [80.89766017361231, 17.14927756214234], [80.90495533382592, 17.149019850081], [80.91278778836633, 17.149399182102595], [80.91819429449106, 17.15070161147524], [80.92212595864353, 17.154200439692815], [80.92099915067712, 17.161741958128435], [80.92279797835883, 17.16899523593334], [80.9236690447434, 17.178052873619865], [80.921829529912, 17.181984033803552], [80.91726151156982, 17.186225125881204], [80.91577712947772, 17.192016593382068], [80.91640939459081, 17.201018954476318], [80.91412340496875, 17.209421884335807], [80.92261729124316, 17.213402875760583], [80.92942153148567, 17.213982322800714], [80.93943795761214, 17.213195392194297], [80.94783684733058, 17.208569399574543], [80.95653733082605, 17.20154750538218], [80.96480539145807, 17.19645237809785], [80.97513776996387, 17.19280070674628], [80.99398158695634, 17.187695096518638], [81.00010207642293, 17.18801268795398], [81.00655168022708, 17.190325350337762], [81.01423814827861, 17.192775659865706], [81.03501020872011, 17.19501931560018], [81.04031053745648, 17.200700044128507], [81.04367671546288, 17.205600414505287], [81.04879037479964, 17.208289234095098], [81.05271181048825, 17.21288114439667], [81.05537941191672, 17.222152437505475], [81.06268245847235, 17.218493318418666], [81.0710474214631, 17.212469140195704], [81.09333742095524, 17.22202533898036], [81.1270327072743, 17.233012875043944], [81.15441284723467, 17.24010208073938], [81.1716587056112, 17.241052295432304], [81.17687551424626, 17.250775288625796], [81.1894351669233, 17.26305699252746], [81.18349236477218, 17.26880120217031], [81.1799764185785, 17.275079573428883], [81.17943512372146, 17.30481783684863], [81.18078103060704, 17.31379707803439], [81.18701771719246, 17.322849125601646], [81.19035496880272, 17.33054905423365], [81.1991133402681, 17.335696228759762], [81.22756387733058, 17.330118811880315], [81.24312406608298, 17.331223740163026], [81.26636351284722, 17.331095918333855], [81.2710778785185, 17.330386783921565], [81.2760238512297, 17.32846014793277], [81.2906348908767, 17.338217807875758], [81.2980191968469, 17.34600808290734], [81.307650892252, 17.360583090675], [81.31044410815778, 17.36815988636822], [81.32044561760237, 17.383202879019766], [81.33128428263271, 17.39755364936953], [81.33351895021218, 17.399057934750765], [81.3391580345424, 17.40051053756293], [81.34615938141398, 17.398427473583943], [81.35175032110898, 17.393855064063498], [81.35213999621324, 17.3841801234552], [81.35867669729186, 17.37700307319278], [81.3728185949067, 17.368786647804367], [81.38066110783329, 17.365716771059947], [81.39407533398818, 17.363694657252044], [81.41532097411954, 17.369996589823984], [81.4245203944793, 17.370225742168678], [81.42717124688441, 17.37497029830291], [81.42897750022674, 17.380762310426885], [81.44250565718043, 17.383534785864427], [81.45037430435997, 17.39030388137205], [81.45494601961471, 17.399275499712374], [81.46040766940109, 17.406912819750954], [81.4661021927599, 17.413975414904172], [81.48107986311022, 17.428093850930406], [81.49083068276138, 17.44076254088451], [81.50225396073573, 17.457367574633377], [81.50418183785837, 17.462345618411362], [81.50467460505591, 17.46889522348866], [81.50255411340139, 17.474510049506375], [81.50241869402669, 17.48550786749868], [81.506970015742, 17.498472700090137], [81.50829394957826, 17.509989498491613], [81.50680191737636, 17.51850167396412], [81.50823183025307, 17.539927719207064], [81.51019041879616, 17.54773627135431], [81.51785953933147, 17.557691104186656], [81.52249170386096, 17.565618679313886], [81.5290445505509, 17.572967462740642], [81.53248299109237, 17.578061003251936], [81.53263521610027, 17.580956172411273], [81.52964543459616, 17.58407871345592], [81.52140777324759, 17.591269947371508], [81.51165908750184, 17.59816262347037], [81.51662490520195, 17.60360059283718], [81.51799123694518, 17.606609284418973], [81.51798054599925, 17.611821542507997], [81.52058538880694, 17.618131140485556], [81.52765273490948, 17.627039557266038], [81.54285892309794, 17.63866569950844], [81.5530144123227, 17.653536554042315], [81.55477489903708, 17.658920593768585], [81.56232867473541, 17.674597575272227], [81.56886291044665, 17.684841270117353], [81.57687053727182, 17.691028949403258], [81.57983749958761, 17.69605881775159], [81.57974290293869, 17.711055250811018], [81.58063358203522, 17.71997165908396], [81.58161460195876, 17.726798273957552], [81.58527264217466, 17.734212304221973], [81.59059473837951, 17.738779467646353], [81.61784586524793, 17.751772205252568], [81.62145941231095, 17.75506069159269], [81.62722260633382, 17.766693149893154], [81.63169679974078, 17.770911163367774], [81.65053703758946, 17.773777334605978], [81.6616409885967, 17.773766833558447], [81.68331816633277, 17.775291030716], [81.69342801898132, 17.778748526747965], [81.70003499221895, 17.783892940994413], [81.70686544525545, 17.792674605052273], [81.71261880033649, 17.80772268418078], [81.71813759317287, 17.81326639760082], [81.73203670409377, 17.823373540469927], [81.7382080827871, 17.827470265674222], [81.74752368734129, 17.829767695462046], [81.76156315579875, 17.826502886521702], [81.77255623364974, 17.83811205609786], [81.79097232970487, 17.84015486164238], [81.79646143457441, 17.84743756564985], [81.8030104788442, 17.852349636364895], [81.8013706081801, 17.860695521538208], [81.79614147693053, 17.870666236403046], [81.79004065912243, 17.878842080033795], [81.77744132404638, 17.886796290606213], [81.77199377830762, 17.893467565151077], [81.76685905801753, 17.901406537696957], [81.77079782970442, 17.904638010867394], [81.78432112217767, 17.912824098295836], [81.79099565337988, 17.917790763869597], [81.79457062082578, 17.921663092471015], [81.7978792289168, 17.9294224466899], [81.80258826171931, 17.937684913551504], [81.80958819910752, 17.944102024571073], [81.82834405596203, 17.953489768644825], [81.84188810776986, 17.959070240127986], [81.84825849553832, 17.958121934822174], [81.85537265701939, 17.958852776261963], [81.88268511323896, 17.967924159164607], [81.8936309431237, 17.973918242233733], [81.9078221510466, 17.976659072437794], [81.91310746218566, 17.981565503850522], [81.92224160549166, 17.987977642730762], [81.93324401679187, 17.98899083134377], [81.9446422990619, 17.992202572461967], [81.96031194715918, 18.00021954369727], [81.96567286736777, 18.005187481666294], [81.97259285634922, 18.007984766917577], [81.98160304941166, 18.013790184718868], [81.988991865285, 18.019408483704776], [81.99440677094228, 18.02239704310455], [81.99739516659291, 18.028454985927], [82.00000917451577, 18.029932087145795], [82.0101945738876, 18.031791878503665], [82.01063640484102, 18.036358015724534], [82.01325220272624, 18.042425421373288], [82.01010202704944, 18.05289416219271], [82.0151515073968, 18.057282928999154], [82.02529013085433, 18.06321290895128], [82.0331627788944, 18.065971631545438], [82.0383760946214, 18.064632115723008], [82.04115490358187, 18.059826461314564], [82.05368521894366, 18.053727652003648], [82.05939015505496, 18.05261663510702], [82.06824194689426, 18.053281051928252], [82.07415654703118, 18.05708261250298], [82.07397744544029, 18.059457298150974], [82.06951354752331, 18.062126012902763], [82.06748278982334, 18.066582572269404], [82.07290705526353, 18.066515501912104], [82.07839306366772, 18.06858576619069], [82.08071630322563, 18.07378099199761], [82.08856859856081, 18.068616043735037], [82.09766601331052, 18.065585166343105], [82.1008719763532, 18.06095326117573], [82.11649172417256, 18.062235454947345], [82.1191033251301, 18.065871936946007], [82.12178020403411, 18.066035092002046], [82.12782974015957, 18.059429509970357], [82.13560967264263, 18.059238995927068], [82.13775342466025, 18.056918218953246], [82.1389433967966, 18.049161157259782], [82.1409060075518, 18.043897926774463], [82.15082272504291, 18.051843892093967], [82.15582841086271, 18.04871333090775], [82.16886641341833, 18.05190704169181], [82.17227539742062, 18.049933863808423], [82.18168708757393, 18.03394406175928], [82.18548267109021, 18.029255959285816], [82.18280341165774, 18.02387781417171], [82.18596729920115, 18.018960737674547], [82.1936383332855, 18.01575279548013], [82.19957648089972, 18.01735785450512], [82.2054798070729, 18.017111403987066], [82.21632038964432, 18.0091588818404], [82.22673337217726, 18.002653583464156], [82.23154076920318, 18.00136162074119], [82.23935841478634, 18.002203149518873], [82.24553395488827, 18.00051406116791], [82.24688901275479, 17.99242881631283], [82.25028333134364, 17.988297723283235], [82.26176750497415, 17.98873591371848], [82.26964619511074, 17.99095909396166], [82.27582656410058, 17.994997947968386], [82.277424483646, 18.000549069956058], [82.27907836448703, 18.006284964127484], [82.27935393395191, 18.019181253173265], [82.27748360736295, 18.028432589727046], [82.27476305264734, 18.03416763416642], [82.26670409281591, 18.04331969896935], [82.2707438902975, 18.04475180315782], [82.27314247876495, 18.047460489994194], [82.27364195374564, 18.051502672308043], [82.27547422801563, 18.05670690756796], [82.28745813365832, 18.063365148439097], [82.29154160907898, 18.064218474403514], [82.29359234136619, 18.067844597794004], [82.29627675998711, 18.068994613863428], [82.30641866434348, 18.070403906246113], [82.30492491007429, 18.066017464953465], [82.3013326908414, 18.062789165901606], [82.30502236800733, 18.054622447850587], [82.30957268265509, 18.05252278116392], [82.3148702790585, 18.05348245925944], [82.31294268239112, 18.04811517749796], [82.31408111466419, 18.04631646774043], [82.3181555121014, 18.04693995695557], [82.3217489430214, 18.0432850204702], [82.32549880550724, 18.04454142145864], [82.32153522172219, 18.05368931112033], [82.32426873807694, 18.055186345670407], [82.3258339872845, 18.057025032157785], [82.32817365049924, 18.057075150983508], [82.33035327724684, 18.058684029302125], [82.33471341599329, 18.05502573604299], [82.33343970653492, 18.051213775302227], [82.33830273457558, 18.048938649187104], [82.34486748772767, 18.055790420907282], [82.34545527756798, 18.057621519421428], [82.35170509226072, 18.076316482814505], [82.350447627466, 18.079793030657427], [82.35212737820301, 18.08348397810698], [82.35166329187459, 18.09094755347467], [82.34904906975326, 18.095527687851003], [82.34317256227808, 18.09832830618978], [82.34066198626944, 18.102551386255577], [82.34097243036514, 18.115449125589745], [82.33877739444284, 18.127373808438712], [82.34383094059035, 18.135621337441645], [82.34184918047528, 18.15071563560492], [82.34673602129027, 18.14630536513637], [82.35335348118241, 18.142979139271343], [82.3660535575888, 18.1335057168692], [82.37025413085023, 18.137591815756892], [82.37277553129505, 18.14325223672021], [82.37363208061903, 18.148045471421344], [82.36743421299083, 18.157493384234584], [82.35718578130486, 18.170144314735275], [82.35007145302221, 18.171729673981055], [82.34148049098992, 18.171712826104365], [82.33323884052594, 18.17469298255579], [82.32776094371839, 18.1796831494622], [82.31874450387348, 18.182839830150648], [82.31666684562467, 18.189499998213513], [82.31786621973275, 18.197585139124904], [82.31453406219835, 18.203845633723652], [82.32816155064778, 18.20923402655698], [82.34124747595213, 18.22397443729029], [82.33515624486688, 18.224410340014142], [82.32973094127617, 18.2306128984877], [82.3309327866077, 18.236277367212843], [82.3386378958623, 18.239486593149966], [82.33941199501739, 18.241503325588326], [82.3404365976724, 18.248266554199528], [82.34020183508822, 18.254914573651625], [82.34228913461268, 18.26040235980631], [82.34528196256365, 18.27432466016925], [82.352034514792, 18.279738224392688], [82.37544378859658, 18.279055782850495], [82.380280925771, 18.282217576239695], [82.3906246313158, 18.292404798099284], [82.39378719758291, 18.29719382049552], [82.39571079350557, 18.30869826652608], [82.40138430603183, 18.314514924060774], [82.39678732979672, 18.31926732014679], [82.39272824364963, 18.326744175760243], [82.38884916135034, 18.327341342383452], [82.38347158630583, 18.326034156519547], [82.37756519110278, 18.325774069165742], [82.37361383639823, 18.32445503246914], [82.3663293410571, 18.31627376038007], [82.36292402774401, 18.31704375228668], [82.35712605043871, 18.314178578023], [82.35127420812537, 18.315356587361176], [82.34936812593403, 18.3186635840736], [82.3428010086582, 18.325108091266834], [82.34477398350401, 18.328101185163625], [82.35378861013724, 18.329803519704658], [82.35857099261456, 18.336890534606876], [82.3649009297266, 18.341551848670754], [82.3684935573508, 18.351659360744602], [82.37781870264143, 18.358322234206646], [82.38468621716929, 18.361238267126268], [82.38803109091407, 18.365394382809534], [82.38714048352864, 18.36961441333585], [82.38941047850977, 18.374634124173507], [82.39275863549408, 18.377056507627188], [82.39275956432385, 18.38034949750502], [82.38672582221425, 18.38604264189721], [82.3835606444255, 18.390966912631814], [82.3832140283257, 18.400689014606602], [82.38081370832457, 18.405961004839895], [82.37430395755952, 18.411186777954878], [82.3695950428836, 18.417738798701453], [82.37431110476581, 18.420843870652845], [82.37532647098163, 18.42500600644839], [82.38005045391267, 18.427993839530153], [82.38590726118487, 18.42981194625129], [82.38896093990957, 18.434253002169], [82.39056837675378, 18.439513262524468], [82.40564056029517, 18.459395682736194], [82.42047412507819, 18.472453299527494], [82.42860633779989, 18.47767518140335], [82.43512890661775, 18.484767286279208], [82.43736383804988, 18.49278655254977], [82.43739665566157, 18.492904270487283], [82.44538760491992, 18.505054511860312], [82.45818622287361, 18.51915921081307], [82.46165509214852, 18.524755423012095], [82.48223879276178, 18.544550206469047], [82.48983537614286, 18.54619545746531], [82.49354221655337, 18.541439802478337], [82.48606128900268, 18.539272119920536], [82.4839729428301, 18.537141932226394], [82.48970077956409, 18.522837968827076], [82.50644240671076, 18.5138570268323], [82.50739653665983, 18.509579117327586], [82.5102621523638, 18.509560272414983], [82.51241931038948, 18.513312773561786], [82.51565118700756, 18.51589779662058], [82.52251701960402, 18.51147081032691], [82.52575740475208, 18.51347748029107], [82.53137584557632, 18.51177796570058], [82.5321494441286, 18.507152108668006], [82.53029319460832, 18.504846655998925], [82.53274482541394, 18.49766438562251], [82.52831214610836, 18.495139420280015], [82.52777583936907, 18.49039847514058], [82.53273438728023, 18.49073093345487], [82.53578259499565, 18.485628079304593], [82.52926335856743, 18.48027652476179], [82.53397436781268, 18.47846178094468], [82.5357719315646, 18.476141927212957], [82.53003052860652, 18.46969688740346], [82.52601807020423, 18.467224336383282], [82.52440140722825, 18.463818546272428], [82.53145299624818, 18.460729997365263], [82.52870434645006, 18.458483588868027], [82.52948129726231, 18.45506901107548], [82.53144617760684, 18.45373032950454], [82.5349794197127, 18.45527742221656], [82.53766126884848, 18.45092874321981], [82.5370641683801, 18.44832672743822], [82.53843567933286, 18.442303429339642], [82.54136784782933, 18.442064910825984], [82.54387760460693, 18.444650019918335], [82.547283766956, 18.44608663121816], [82.54663022314595, 18.451171068213633], [82.55248764784615, 18.449297044671148], [82.55601554584904, 18.449797924202517], [82.55839739040475, 18.44689897177579], [82.5620460483542, 18.44566601544054], [82.55935049121102, 18.44192396087064], [82.55850799687386, 18.43452611496717], [82.55433007145488, 18.43217431731987], [82.55341613418788, 18.425298438026942], [82.54797836442438, 18.42491535280967], [82.54421259853677, 18.41638011007397], [82.54528322586474, 18.412268026929937], [82.54886307176082, 18.411502180054995], [82.5486269238176, 18.40994448436986], [82.5409104493804, 18.404892277646656], [82.54060676229118, 18.40153551601504], [82.54347394025041, 18.397654001369702], [82.5506475160609, 18.39715179056454], [82.55775443600966, 18.391630401330993], [82.56002762759098, 18.39519832193006], [82.56433115302568, 18.396632594090754], [82.57352287507699, 18.39212910533382], [82.57890320824582, 18.3923378718782], [82.58386537861873, 18.388036033426673], [82.58564686484908, 18.38548679822979], [82.58912116148002, 18.387024275910562], [82.5974813689743, 18.38531105053716], [82.60195119174746, 18.378698803336615], [82.6073345878856, 18.379832971910986], [82.60882036488402, 18.37692868392197], [82.60918186991405, 18.374266667899953], [82.60600683630884, 18.370814160978682], [82.60761829293848, 18.36820125618415], [82.60594135108876, 18.364458547344572], [82.60689295082129, 18.362254046389083], [82.61400300065573, 18.36105960282026], [82.61698417699253, 18.359486383927734], [82.61961034029561, 18.354734181505687], [82.61619829002767, 18.34995153752199], [82.6074709064194, 18.35068620789641], [82.60484241803454, 18.349136624119588], [82.60591752231326, 18.3419057163503], [82.60865761057782, 18.33906197701881], [82.61217353218578, 18.328692311386256], [82.61048995748533, 18.325580615629722], [82.6040383087429, 18.32422252178991], [82.59801781607834, 18.327777444499755], [82.59430406959383, 18.324208292094422], [82.59161475661098, 18.319715321995975], [82.58640820506166, 18.317655838783388], [82.58479406981085, 18.315120544581458], [82.58814088564704, 18.30937520817585], [82.59106043662176, 18.309135921543312], [82.59619817463533, 18.310380091461752], [82.59929752342515, 18.30030747420329], [82.59868906442553, 18.296147299938447], [82.59594257837969, 18.293150621043804], [82.59396798474513, 18.289342403599697], [82.59676923613601, 18.28672734187125], [82.59683054851362, 18.283435913871703], [82.59264752700118, 18.281608699274216], [82.5891167954811, 18.27849509896595], [82.59155927710695, 18.274955505053793], [82.59562000998707, 18.274187082232235], [82.59705217702289, 18.270541491444433], [82.59758184087963, 18.265155374541397], [82.60665383517451, 18.262917977455594], [82.60916010144291, 18.260477674375636], [82.61787107484838, 18.257718637235424], [82.62019857458313, 18.25498550876797], [82.61941729276248, 18.252328272324387], [82.62179856362516, 18.247927387459796], [82.6287798419539, 18.244879751222363], [82.63527810120591, 18.23727795452559], [82.6400492257163, 18.237075624313675], [82.64555947283822, 18.243469972864265], [82.65368778045888, 18.248980218026972], [82.65596065029727, 18.253252056764147], [82.65322784169607, 18.26557937396093], [82.65748442380078, 18.272328614792592], [82.66059599325938, 18.280632414222307], [82.66484622562946, 18.287262495929618], [82.66718526356722, 18.29506440211048], [82.6732857231616, 18.29908130589452], [82.68093687998018, 18.30065990655642], [82.69012887816498, 18.301249208260106], [82.69867513533391, 18.305546100470963], [82.70208482524473, 18.305813868671375], [82.70643780380165, 18.304757233741647], [82.70883721092248, 18.308267393473393], [82.71087969880824, 18.316934256451432], [82.71924625506233, 18.321286182597607], [82.72558702391373, 18.323281114823295], [82.73364694618351, 18.32005920365303], [82.7426613460158, 18.321746963821383], [82.74112310091557, 18.326386987941735], [82.74614395311565, 18.328387212083406], [82.75473934590003, 18.328343908602275], [82.75898333002358, 18.33178912726839], [82.75936031018364, 18.33682238961576], [82.76276712993263, 18.338308808290975], [82.7668242868311, 18.335682790638604], [82.77017022874561, 18.33630792387989], [82.7753766020335, 18.33958102277722], [82.77974699345516, 18.34816926213305], [82.79251112464722, 18.362620913063775], [82.78621913689648, 18.379354701720338], [82.78926450679775, 18.380952927618964], [82.79590584544505, 18.386585821969927], [82.7950350474285, 18.39300076669843], [82.79575706728973, 18.398610397944786], [82.80156940841083, 18.40337597499133], [82.79566340708223, 18.40820550422804], [82.78945192403879, 18.40782535021357], [82.78988292092761, 18.412619646296346], [82.78672338096482, 18.41783728179499], [82.78447403497124, 18.423856505603755], [82.7844785919142, 18.42802138134711], [82.79536657119537, 18.43507220945044], [82.800233692878, 18.441456865552336], [82.8074203728047, 18.44771936488114], [82.82660053858014, 18.44686942498959], [82.82700182725794, 18.441721872139272], [82.83840428300196, 18.434503192243543], [82.84401192757896, 18.432626913867267], [82.84523861404001, 18.422686164494085], [82.84803570905987, 18.420194260808707], [82.85317406769312, 18.41820290292363], [82.85688968108772, 18.42344501149164], [82.86423497631071, 18.419247774474915], [82.87121895552963, 18.416380541965996], [82.87826106196977, 18.41467006087002], [82.8853258139691, 18.420295658653384], [82.88761131945799, 18.42310862786412], [82.89286703199996, 18.421232842253538], [82.89660556974972, 18.414744651512667], [82.8990359454142, 18.407107880316815], [82.89919685413847, 18.400749583728775], [82.89317691166012, 18.387166955516182], [82.90013131153901, 18.375458185215372], [82.90680444946997, 18.367905673244724], [82.91103554155113, 18.364522175378518], [82.91666034702324, 18.368045995893166], [82.91994026484754, 18.36599971698268], [82.92341164016075, 18.365031993248238], [82.92832653485607, 18.36836763419798], [82.93586269831205, 18.369630538657994], [82.94097566723582, 18.36003213784318], [82.95377237630876, 18.35914354321276], [82.96031390279862, 18.363025735641678], [82.96805902382546, 18.36592022019737], [82.97705020237363, 18.366273492241667], [82.98470636063509, 18.36361902698475], [82.98667135405108, 18.369686424046787], [82.98945442106566, 18.374510326606966], [82.99436626087433, 18.374596461253006], [82.99587315406586, 18.378189416692102], [83.00020425911578, 18.383681250667415], [83.00111815947568, 18.383511276233264], [83.00537576245206, 18.383546178978367], [83.01172082444003, 18.385611615444795], [83.01985065027412, 18.386913231177175], [83.0254212588228, 18.393195537773373], [83.02828604167769, 18.39217581524526], [83.03199597093666, 18.385168869456162], [83.0401209255686, 18.381992748104388], [83.04521340573302, 18.378582973772872], [83.04775098661754, 18.378830995158186], [83.06162961648673, 18.38405018538702], [83.06443696523567, 18.386012420637197], [83.07405455172155, 18.39814199062096], [83.07471568373647, 18.400997326105998], [83.07405858912962, 18.401891732830457], [83.0740585891296, 18.40189173283045], [83.07195421137271, 18.40443086466894], [83.06726249837737, 18.407727887734154], [83.06404910094761, 18.413062856320153], [83.0635095386337, 18.416801042703923], [83.06866377959398, 18.42217325988628], [83.06882828493963, 18.427906062399018], [83.0702883209114, 18.429545443183542], [83.06802801973055, 18.437275975473938], [83.06647098310594, 18.43770974444334], [83.05677186663098, 18.43350488807107], [83.05081689838852, 18.426944606679], [83.04565544328733, 18.427594766233085], [83.04374878729658, 18.428718970625937], [83.04151541748769, 18.43197142908656], [83.0463980671106, 18.435340935345664], [83.04721562923027, 18.440663588091752], [83.04551462843654, 18.443446449271278], [83.04055087355283, 18.444791921676767], [83.03304360806817, 18.44525830649235], [83.02625862248925, 18.448984807051488], [83.02361844666075, 18.45299313308027], [83.02464331092261, 18.45624059985647], [83.03275417312051, 18.46225796277554], [83.03492315120582, 18.4654887804561], [83.0423366248964, 18.469327281508754], [83.04520747225627, 18.471690299205875], [83.05204559805804, 18.480650622498274], [83.05997161363825, 18.486032911411485], [83.06336298902693, 18.496649424843383], [83.06852686674279, 18.50294199878266], [83.07328253545404, 18.50608203136028], [83.07697230458496, 18.510549321170856], [83.08130741676104, 18.52322448981903], [83.09045714972007, 18.535643114352013], [83.09664175406289, 18.541230146745363], [83.09746277912643, 18.546379047764333], [83.09517787276422, 18.549514676001024], [83.07961433644334, 18.55092278237231], [83.06550962541132, 18.5431183725417], [83.05931889427666, 18.543336145796616], [83.05326171881143, 18.54773753612244], [83.04837011578286, 18.55327760662982], [83.04061564714056, 18.556268278339246], [83.04183679828822, 18.56664437587898], [83.03359114490286, 18.57263852629586], [83.0349871574536, 18.576289584161884], [83.03926945989991, 18.580122155338756], [83.0418794576878, 18.584039512460436], [83.04463523768823, 18.585891483898536], [83.05016291852093, 18.58563061077507], [83.05288215850788, 18.586501303591774], [83.05924416876093, 18.591393870947627], [83.06206936412002, 18.594794931184254], [83.06021725106564, 18.601367107961096], [83.0570136581104, 18.60354635877468], [83.04920756823338, 18.605015348518236], [83.05027293977048, 18.61039395890697], [83.05251766831469, 18.614718056581694], [83.05776440171832, 18.622148436126622], [83.06116356854545, 18.623463819965252], [83.0722152760743, 18.622649423412952], [83.07489480702947, 18.621116172694883], [83.07758712250671, 18.616994758217118], [83.07735248110066, 18.613895485780574], [83.07902438934366, 18.61019677882473], [83.08386873983898, 18.611784307027506], [83.0876745442917, 18.616132711493663], [83.09329885166318, 18.62711932098216], [83.09414009107905, 18.630205937916458], [83.08808715967518, 18.640984997070348], [83.08665137678918, 18.64784063717184], [83.08673216484095, 18.655125869310268], [83.08868531205383, 18.660084549490193], [83.09213590746464, 18.66399548447299], [83.09644005123226, 18.66523841601645], [83.1059248043872, 18.66106777970174], [83.11488775585804, 18.663274537359598], [83.12505643919695, 18.659765091043255], [83.13105988744638, 18.662024240328492], [83.14041573135916, 18.669273475314526], [83.1470357328439, 18.66904779270095], [83.15028159533665, 18.675024522616525], [83.15494376783164, 18.700892109158076], [83.15816557451262, 18.702730129271117], [83.16458542480706, 18.704568462534837], [83.1731924017277, 18.70092146993096], [83.17528609207557, 18.706567054484935], [83.17565991770772, 18.70995043123895], [83.17473124220572, 18.715078156196682], [83.17185193362019, 18.7218471480233], [83.1747931057065, 18.724209451559716], [83.19202167845413, 18.73366887581875], [83.19461312435203, 18.733456849277843], [83.1972192000905, 18.7312320589636], [83.1999830623277, 18.730777588661283], [83.20394512715347, 18.733298549670508], [83.20573847682061, 18.732750252267465], [83.20683948612123, 18.72762073381034], [83.20857917394721, 18.72724797607418], [83.2113283631428, 18.72779636690973], [83.21307011701799, 18.724091662700005], [83.21479024246878, 18.72572017625282], [83.22054882034377, 18.742678865324308], [83.22245924440892, 18.745397829659396], [83.2283424846417, 18.750239912779307], [83.23033706109095, 18.753241473793594], [83.23099043412446, 18.756164538475502], [83.23068772436574, 18.75679989564287], [83.22986842762879, 18.76019342276976], [83.2253078613573, 18.76710389199485], [83.22504256256741, 18.77170387969869], [83.22737610673954, 18.7739615945884], [83.23068939197503, 18.77407973150906], [83.2372818144093, 18.772299370440578], [83.24753183087853, 18.76695488712437], [83.25306646687352, 18.766284806035117], [83.2633814259201, 18.76702368347094], [83.26733189922732, 18.765805089193407], [83.27407317587108, 18.765224600849933], [83.27786627956425, 18.76802745867758], [83.2796783090667, 18.771388227885552], [83.27921553205476, 18.77552232412262], [83.27712127268069, 18.77895366530288], [83.2778773680327, 18.783471560739486], [83.28320789666861, 18.793540421435807], [83.28744665639886, 18.79776990358448], [83.30004505063727, 18.80070687060322], [83.30828909828676, 18.80607651538486], [83.31215926455565, 18.80704329773772], [83.3219790570493, 18.803991125790844], [83.3262023900457, 18.804036208928267], [83.33095740455707, 18.806472043891688], [83.33047975560646, 18.80975314409602], [83.33120576520503, 18.81278455797559], [83.33296373015094, 18.81602680613088], [83.33615387246192, 18.818897104064092], [83.35149085306568, 18.82597260500586], [83.35801775993292, 18.829813407936626], [83.36138957364045, 18.835665023226227], [83.36678643095405, 18.84016693111147], [83.37017357247862, 18.84027339513534], [83.38073301176587, 18.829410849903695], [83.38423706673967, 18.83014776431321], [83.39101816663549, 18.834270549611063], [83.39439032065002, 18.83397975097364], [83.40419603843588, 18.838909259211846], [83.4066062352831, 18.841741072273066], [83.40482419909182, 18.85738679381234], [83.40573914986186, 18.860755719436156], [83.4077429474475, 18.861811243287093], [83.41468775903127, 18.861855451897554], [83.41663135766458, 18.862625364702126], [83.41860493452441, 18.8649484177497], [83.41920075029697, 18.86751218862281], [83.41372024833197, 18.873475444616474], [83.40965084795516, 18.87521263939493], [83.40214167344095, 18.87633115282881], [83.39568804048048, 18.879144114025394], [83.39326071671428, 18.8813710787731], [83.39354858469318, 18.883597748584123], [83.38677738006277, 18.88837092795734], [83.38176314360578, 18.893980466374728], [83.38034758359078, 18.897903332742146], [83.38231520576534, 18.899995277225003], [83.39111196933055, 18.905293592789064], [83.39176254730478, 18.907746133192745], [83.38885440936048, 18.909867087397174], [83.38471258978336, 18.910510425281984], [83.37501659516391, 18.908390580325374], [83.36839969321721, 18.909204687297972], [83.36437609761896, 18.912831000447625], [83.35803538753487, 18.923912315877317], [83.35553730555932, 18.92895683991759], [83.3544587060776, 18.93482304544375], [83.35576769145564, 18.94008889243969], [83.35688133081806, 18.94178523775156], [83.36309015003752, 18.940985504517812], [83.37062010002461, 18.938043699195248], [83.37192815065754, 18.930778775464205], [83.37886220458114, 18.925088807899556], [83.38169652482276, 18.924803706932153], [83.38418665143325, 18.925791201109462], [83.38751323119442, 18.929523160444262], [83.38808855985098, 18.931288959368374], [83.37527996265243, 18.941461014040954], [83.37175328197054, 18.945882032267264], [83.36869384326621, 18.956042540624424], [83.36891815229626, 18.9613193535954], [83.36671674317722, 18.962625053580496], [83.36224651434304, 18.962363962154313], [83.35360677097003, 18.964986231809405], [83.35286304986704, 18.964192740515784], [83.35264521886666, 18.953170185548515], [83.35112911491177, 18.94309539958533], [83.34770322894877, 18.941152929968553], [83.34738077492193, 18.939835737004216], [83.34744150284183, 18.934153229997605], [83.34921548225589, 18.926370788768224], [83.34693171065669, 18.924170662744075], [83.34240676586893, 18.923788593791244], [83.3368809461075, 18.92486584906345], [83.32989340406527, 18.93119084158269], [83.32777632865748, 18.933751875869348], [83.32674106070846, 18.936359772021547], [83.32636758925611, 18.9415305303815], [83.32906197025386, 18.943946727639627], [83.33898831272757, 18.945557235952663], [83.3408830031023, 18.947238387376217], [83.34030804069289, 18.951272956765024], [83.33890186577611, 18.95370802309742], [83.33675087271439, 18.954720616528903], [83.33490053053231, 18.955792937354147], [83.33386131948123, 18.9580498593794], [83.33349560892503, 18.960808067499045], [83.33477295874633, 18.965211893301216], [83.3334188505197, 18.966840031138588], [83.32767175738547, 18.96918671570984], [83.32119128430077, 18.974467316812024], [83.31746154941237, 18.984635180403302], [83.31698406071348, 18.98815578857733], [83.31559321009445, 18.991049508551555], [83.31217647453593, 18.99478051855351], [83.31312604973203, 18.997461165187246], [83.31567736321142, 18.998742416701702], [83.32426533160725, 18.99819864945539], [83.33322336548866, 18.996622282928286], [83.33702081879107, 18.995990390294764], [83.33904694874627, 18.997882217609344], [83.33859740443995, 19.00037389886228], [83.33792944339456, 19.00475747403965], [83.3385017744418, 19.006222968130487], [83.34054511116739, 19.007636901304977], [83.34280172737846, 19.014500464468313], [83.34843686345852, 19.016818525713973], [83.34874262316606, 19.016944308385916], [83.35416778997393, 19.017675536696345], [83.36280180872348, 19.017190488080132], [83.36582937507774, 19.013951463583908], [83.3701533442171, 19.002572299007966], [83.37531466341045, 19.001469939854474], [83.3850255100599, 19.00257287324996], [83.3925335203104, 19.005128306518316], [83.39657579766146, 19.007870806103085], [83.40076778318479, 19.00699638125394], [83.40385067927537, 19.00369785760074], [83.40921327672896, 19.004254045791185], [83.41013332454202, 19.003041395692264], [83.41244873595036, 19.001082688603844], [83.41471721923602, 19.00297023099131], [83.41665210114462, 19.004073407880355], [83.41839049611104, 19.000502596623562], [83.41922805791552, 18.99662889597988], [83.41659447153137, 18.987805662163623], [83.42264405858202, 18.98580196292545], [83.44073675629909, 18.969377953927676], [83.44429022161398, 18.965872661327637], [83.44781424794343, 18.958229170253446], [83.45048196024925, 18.955761360077304], [83.45466487888967, 18.95367359464018], [83.45903047650768, 18.952499681992208], [83.46328671146625, 18.953632872903597], [83.47007593809053, 18.967235586904508], [83.47004888152321, 18.971595498553995], [83.46928243131418, 18.97591766216658], [83.46673674284256, 18.97844045463239], [83.46610839371465, 18.980456893883854], [83.46808477891892, 18.988755160649873], [83.46551305576702, 18.990468202249986], [83.45802451796806, 18.99037696579518], [83.45688245055675, 19.0005526651766], [83.45600248632621, 19.00386519936609], [83.4563003331948, 19.00755196053035], [83.45795632971232, 19.009804390976456], [83.46107034533367, 19.010379040144358], [83.46626028887937, 19.010025785996618], [83.47529711282789, 19.0068594767788], [83.47962413404423, 19.006927737521778], [83.48237169199058, 19.00825896076634], [83.48442912214728, 19.01200993876421], [83.4828895346887, 19.019452141443253], [83.48573766938335, 19.029091507199666], [83.48513091760816, 19.033421813805774], [83.47321526613871, 19.044053378827357], [83.47056203097861, 19.05179043056569], [83.47104217226604, 19.060443673207374], [83.46446283236043, 19.063915185349686], [83.46512344249044, 19.067609857008392], [83.46689943665228, 19.071292217453276], [83.46602270473448, 19.074926440640354], [83.46716050348834, 19.077459736657772], [83.47159537984658, 19.079178844455043], [83.47522698995556, 19.077672537209708], [83.47803518209219, 19.07812322806643], [83.47977876109144, 19.080538928014562], [83.48099565406517, 19.085547593695026], [83.48474329530694, 19.083113064656573], [83.48592509820429, 19.07804344060321], [83.48817957253823, 19.074293999617396], [83.50025765522014, 19.062796046778885], [83.50138774909072, 19.060948717823294], [83.50407800085696, 19.06336235582512], [83.50811305698585, 19.06991341564151], [83.51062961810942, 19.072505584393525], [83.51314398434073, 19.072618193177505], [83.51392297245565, 19.062178635278485], [83.51623216259713, 19.05779389515351], [83.51848563231925, 19.055889908971267], [83.51755870274457, 19.047993576630745], [83.51784226242182, 19.044079348894513], [83.52098204143493, 19.0382445808944], [83.5214305495673, 19.03271485925717], [83.51594436422181, 19.029906588837207], [83.51168552858104, 19.03412623554783], [83.50706357450451, 19.03500020504532], [83.50131531670036, 19.034718369882285], [83.50038709003593, 19.031900452143702], [83.50069533418593, 19.025958620715187], [83.50317459752029, 19.019038036598772], [83.51236471375665, 19.018044388997396], [83.52306732346557, 19.012886568632666], [83.539147376566, 19.013416899136416], [83.54085853517654, 19.020439984463962], [83.54083847560668, 19.02735300694411], [83.54256934564438, 19.03657279772949], [83.54353233702756, 19.038296881423435], [83.55051252428757, 19.044787622481294], [83.55546481009571, 19.052899451136], [83.56002950241691, 19.05512702535742], [83.55921569889665, 19.058303391172785], [83.55259014012216, 19.069960248461598], [83.55257656693459, 19.077277676585823], [83.55415751725263, 19.081705391063053], [83.5592149880784, 19.085718997083006], [83.56268577960407, 19.086002955132983], [83.56840682599625, 19.07411691481974], [83.5681004740116, 19.07186279034903], [83.56484126502585, 19.067902722526412], [83.56415625061709, 19.06375905409385], [83.56537564636733, 19.05931240838777], [83.56878283547366, 19.058321199233205], [83.57508202970087, 19.060201178950194], [83.58649559589173, 19.057748822580265], [83.58850780227334, 19.06309775971829], [83.58950836625274, 19.070698232071322], [83.58990107600135, 19.083548329146424], [83.59214057007136, 19.087626800367616], [83.59533123912831, 19.09096354085102], [83.60090618735103, 19.092784399007712], [83.60755080528122, 19.092703131170992], [83.61211994882456, 19.096088626618666], [83.61209143433211, 19.100761748110756], [83.60446126120252, 19.113056877971133], [83.60198723124421, 19.118427836528838], [83.60134599889574, 19.12332724863637], [83.60198817552566, 19.128161005766913], [83.60819722483592, 19.135520604716532], [83.61288713255465, 19.138848254461664], [83.61827753637021, 19.138762699208087], [83.6217618983004, 19.14163504030762], [83.62678820415277, 19.149688854014073], [83.63038731182672, 19.15249623860427], [83.62790349745603, 19.156426143247074], [83.62882357993465, 19.15970330176407], [83.63092909729795, 19.161424424938332], [83.6361690460509, 19.15754623457235], [83.63784706108345, 19.15260491663406], [83.63609974265393, 19.139339188521774], [83.63751419968776, 19.134843029740864], [83.6409721133088, 19.13228750488514], [83.65322394856679, 19.130975702949797], [83.6571045166267, 19.129757196788205], [83.65839169285988, 19.126290396141826], [83.65741966375487, 19.12272095342655], [83.65394642922251, 19.12239333646704], [83.65238681232182, 19.12118958321156], [83.65354761497423, 19.11663077005244], [83.65545750133992, 19.113853610283627], [83.65560334654708, 19.11017165889217], [83.65792647630093, 19.108024905022432], [83.66515043775468, 19.095723258535543], [83.66577840187392, 19.090077867719913], [83.66452974722654, 19.0829291298038], [83.6673726442396, 19.077738671528493], [83.67028812975644, 19.07450037909007], [83.6744055549741, 19.072471984504034], [83.68406428170988, 19.060499789430366], [83.692069147773, 19.05200766509222], [83.70185236803678, 19.029273041918998], [83.70471733940855, 19.02462351195709], [83.707516456353, 19.023185156195495], [83.72451012261172, 19.02262106054775], [83.72895718973058, 19.021595424830423], [83.73091370064861, 19.02007684050318], [83.72754496866742, 19.01248672829206], [83.7224689727251, 19.010325486039733], [83.7171003118537, 19.010138911415368], [83.71269603753103, 19.00764595822443], [83.71205507593027, 19.003504400026543], [83.71239688949191, 19.000683522712563], [83.71254309771109, 19.00021149192088], [83.71342289657065, 18.993462891429317], [83.7164723019888, 18.992025054273995], [83.71909157656239, 18.99317830699772], [83.72459022107364, 18.99077191295993], [83.73397780419941, 18.983815944208857], [83.73515270241779, 18.97436472839553], [83.73773893161479, 18.968456984107434], [83.74419918234543, 18.94731398045417], [83.74763787121401, 18.942417646970625], [83.7491200909189, 18.938654386513235], [83.74985661713043, 18.931521767755385], [83.75353425881656, 18.92656656989658], [83.76386619612936, 18.925103667345468], [83.77055300958273, 18.914982394017386], [83.7752164580167, 18.910814252300497], [83.77819537324854, 18.91004498738613], [83.77819537324858, 18.910044987386033], [83.77899288315919, 18.909758352874217], [83.78510068979764, 18.91285272752529], [83.78776625857375, 18.916188784953842], [83.78484360678458, 18.927497915666137], [83.77757757631859, 18.941362845136357], [83.77295496939708, 18.944788742867868], [83.76917484649324, 18.952956409142033], [83.76289701472133, 18.950388888212927], [83.75806457389524, 18.95272228702851], [83.75605495119082, 18.9597038464542], [83.75669658986097, 18.966755895993934], [83.75365957918197, 18.971529879389514], [83.7494083918296, 18.975352020306165], [83.74724996000562, 18.986706157196053], [83.74875809454494, 18.99213185952797], [83.75692268865127, 18.998922429417664], [83.7582894546061, 19.000666967511904], [83.75894612976472, 19.001531900069356], [83.76008680144064, 19.001583287263603], [83.76122133056421, 19.001414439437355], [83.76236631676001, 19.001619465571366], [83.76349798097026, 19.001863940314685], [83.76462151319164, 19.002163680972547], [83.76545076758389, 19.00281299714191], [83.76611839165824, 19.00372351255606], [83.76711966688454, 19.004308714795638], [83.76823668313644, 19.004718804731354], [83.76939931057697, 19.00503357737825], [83.7705606789217, 19.00530477781218], [83.7717314742674, 19.005566514691193], [83.7729030499882, 19.005855792922247], [83.7740571552489, 19.006209790915776], [83.7751518474177, 19.00668238855634], [83.77614535257534, 19.007332015491723], [83.77709176433508, 19.008026469161237], [83.77785829844231, 19.008844896257447], [83.77832157430954, 19.009866202528922], [83.77878013979314, 19.010889922949815], [83.77922896362165, 19.011911559806027], [83.77970627192084, 19.012916446404425], [83.78025064953215, 19.01390122750665], [83.78087099102495, 19.014840473691486], [83.78158573922326, 19.015703808023435], [83.78239971969589, 19.016491181853894], [83.78330319696681, 19.017198176327312], [83.78429920357968, 19.017762761591904], [83.78539097926442, 19.018127451131104], [83.78654356045298, 19.018251797104607], [83.78801905357402, 19.018186533238072], [83.78915420685702, 19.01803581131217], [83.79029236308747, 19.017820719933507], [83.79141034505018, 19.017576306502], [83.79252382560253, 19.017343472647255], [83.79363055700348, 19.017044224704023], [83.79469039395923, 19.016619896230626], [83.79596389630844, 19.01607069344164], [83.79660811621153, 19.006606825997743], [83.79881925119729, 19.00064991443077], [83.81018799340723, 18.990136996671644], [83.81573447433938, 18.976756875285933], [83.81830703728208, 18.97320107437273], [83.82244460877024, 18.961574501794832], [83.82372500601332, 18.9570602641673], [83.82108080114334, 18.942009398304613], [83.8225629791332, 18.938484109450915], [83.82657136439346, 18.934551469578608], [83.82883232087089, 18.93042981604876], [83.82460976828746, 18.91788810747831], [83.82613198201686, 18.915610624997452], [83.83074042041538, 18.913964910106973], [83.84257828364865, 18.91780379924359], [83.8453949718384, 18.91710628137762], [83.84794732035373, 18.91257738683882], [83.84930715932953, 18.906171960524134], [83.84998833865282, 18.89680004261568], [83.84438258594037, 18.881302224430243], [83.84369581426142, 18.87770244581771], [83.84479490819959, 18.873310339936555], [83.85135830194994, 18.86003064539236], [83.85566731720064, 18.85626657386766], [83.86676586408245, 18.851675409410777], [83.87204266683045, 18.847717977538174], [83.87457323232672, 18.832165223211057], [83.87788537029135, 18.827157373140185], [83.88160768290997, 18.826504278135726], [83.89092990687814, 18.828433038608267], [83.89233667209167, 18.826568988859314], [83.8930561856436, 18.81880352451349], [83.89457546831352, 18.814177643421605], [83.89834448856315, 18.81564375764384], [83.90317136768425, 18.82363934225578], [83.90622965464493, 18.82518826511209], [83.90966714547514, 18.82568504956233], [83.91544202693048, 18.825160505828894], [83.92827999701929, 18.820360403756382], [83.9303221117778, 18.817331513986804], [83.9340728583753, 18.81536345282411], [83.9412553928903, 18.815674931701306], [83.94338774859364, 18.811957169179408], [83.94427028607805, 18.808034043195885], [83.94745748656375, 18.805440268860742], [83.9513674934923, 18.805133892480125], [83.95668744585201, 18.805889127694538], [83.95887288134732, 18.80888792427049], [83.96328125172232, 18.8119051913359], [83.97168605117633, 18.812958240004264], [83.97703865390758, 18.812685889682434], [83.98997538362157, 18.8088854151125], [83.99917198146441, 18.813535173099734], [84.00760786475985, 18.81367867192957], [84.0150239651895, 18.813089694958457], [84.0201433832742, 18.809542121015628], [84.02353134274627, 18.81031305895284], [84.02727953275112, 18.80654317042109], [84.02994677920593, 18.80755391104901], [84.03136220502249, 18.81005851561329], [84.0346913201428, 18.811115369202316], [84.03833572745901, 18.80919119817957], [84.03839791304993, 18.80437170199692], [84.04193048719551, 18.79906499381461], [84.04635194958458, 18.796387157752704], [84.05556520081102, 18.79246010211297], [84.05521983109443, 18.78884771175059], [84.05735042230566, 18.786303553206945], [84.05568653445015, 18.783399845850308], [84.0568313009794, 18.779657098880612], [84.061191775383, 18.777384525867358], [84.0662389969277, 18.777103541351003], [84.06808971398867, 18.77170027110635], [84.07340575740484, 18.760757477869216], [84.07752515697221, 18.75882851867391], [84.08550284931427, 18.757954206198846], [84.08696066444686, 18.75518958584077], [84.08940277475529, 18.753733524361717], [84.0931972087222, 18.75427572930885], [84.09640753268535, 18.756201960910737], [84.09927074932975, 18.75433701045337], [84.10832635079832, 18.76176985997927], [84.11520076046463, 18.763892224382644], [84.12169314251247, 18.764239293484508], [84.12652464726077, 18.762132998678766], [84.13054244390638, 18.757393764898495], [84.13709300200523, 18.761979996209984], [84.13553975201332, 18.770373349922906], [84.1389497185087, 18.77389522557577], [84.14258193667094, 18.775870630999037], [84.14800359354138, 18.776792884194908], [84.15569143056702, 18.78085536135882], [84.15893842774727, 18.78484736377374], [84.16248884986634, 18.78509863992216], [84.16691280384191, 18.784143164493333], [84.16784556353493, 18.78143143041938], [84.16574825529656, 18.778304743873846], [84.17019213718146, 18.777688299375452], [84.17459314354758, 18.77925802803616], [84.18738254345938, 18.778104595259205], [84.18906104562531, 18.78663446759212], [84.19407601441831, 18.788707291793486], [84.19788670064285, 18.78587007022452], [84.21137016787821, 18.79176441307632], [84.22423193252644, 18.79639910717505], [84.22897447915578, 18.795611703821603], [84.23181661600684, 18.79341183730877], [84.23450624457946, 18.79630958495708], [84.23821315141879, 18.794784917021698], [84.238670382978, 18.789269890007304], [84.25353134207882, 18.782593119636662], [84.25970538290466, 18.78167171445079], [84.26641226998248, 18.784019289787768], [84.27172176175318, 18.789703018817445], [84.27568689885165, 18.789494346408016], [84.28070690348055, 18.791674326546133], [84.28282315563827, 18.796359825257905], [84.28604578622337, 18.798853363900026], [84.29140437624422, 18.79999946266437], [84.30785576612078, 18.790950306622094], [84.31180500954453, 18.789944609696], [84.31464534651825, 18.79088092738982], [84.3163349104799, 18.787661724146805], [84.31995526234768, 18.78842135622647], [84.32041769986274, 18.791405589741174], [84.323187739385, 18.79539203261548], [84.33441672450854, 18.798887472669882], [84.33968475265402, 18.801244221008584], [84.34104575576026, 18.80427091614486], [84.33698830699356, 18.813716288330365], [84.33675693088368, 18.81819004717703], [84.35153806660799, 18.821130265788085], [84.34820805097236, 18.827426008373386], [84.34987567775912, 18.830675637112503], [84.3516981443689, 18.831859318823046], [84.35260649108955, 18.83592781386725], [84.35176750191046, 18.84187262280731], [84.3454958860689, 18.845358028777078], [84.34340691339716, 18.85054075596262], [84.34157885574407, 18.860658257918317], [84.34156477932663, 18.867074937961366], [84.34184110536121, 18.872927552861015], [84.34344305047813, 18.875775375385118], [84.34721838898759, 18.874989561062737], [84.35179970333309, 18.871840713142056], [84.35439609482474, 18.869064667593022], [84.35888170154311, 18.86001637385061], [84.36153444422558, 18.860615427383177], [84.36263738567187, 18.861755970444282], [84.36574926374665, 18.86045666795867], [84.36983035480247, 18.860189280760313], [84.37674841187936, 18.868083782224794], [84.37886479315829, 18.872483900737237], [84.37898040364304, 18.87631884144332], [84.37364690042926, 18.88079245361504], [84.36872952009602, 18.8817618794153], [84.36703503628905, 18.880980849019167], [84.36125749691014, 18.884128760694427], [84.35924764077077, 18.886850956851216], [84.35885389332414, 18.89224600541742], [84.36215453091783, 18.891981145891492], [84.37874659238028, 18.884519045814805], [84.38147792568559, 18.885586065827063], [84.3854660071107, 18.883190587235866], [84.39061452307148, 18.87837996666618], [84.39360276141792, 18.8808096199732], [84.39501834189156, 18.886763970308404], [84.39348598090633, 18.892112585774097], [84.38643069284684, 18.89453956031467], [84.38161065008138, 18.897912476075287], [84.37506989247679, 18.898383763136795], [84.37230172428875, 18.90225814582474], [84.37271415341645, 18.905287855850187], [84.37715260425729, 18.90484212299026], [84.38146090994343, 18.90307317082723], [84.38583505238057, 18.902287058644976], [84.39425452324909, 18.89892879378808], [84.40134585336551, 18.89495076066251], [84.40519884562806, 18.895198785689317], [84.41717643241473, 18.899713411141466], [84.41945151923031, 18.903017955403055], [84.41808377820882, 18.907335862400124], [84.41505580321557, 18.910176583779045], [84.4135173520258, 18.915176829184745], [84.41692119102586, 18.91715071669369], [84.42533200531878, 18.909725043331584], [84.42768567640664, 18.91393631643505], [84.43672900000429, 18.922729472040505], [84.42731248974962, 18.93871982576764], [84.42448218772975, 18.942301091380344], [84.42293945500884, 18.94702628477291], [84.42763203687737, 18.958324389976337], [84.44187324739217, 18.9721076822174], [84.44504701359817, 18.974655129530063], [84.44795506930403, 18.975883374220114], [84.44202619146336, 18.985748395170226], [84.43527617411395, 18.991543965707518], [84.43524875477891, 18.991567471258968], [84.43372699071755, 18.99287158428582], [84.43285517415198, 18.99803858956178], [84.43341479436093, 19.000653188547233], [84.43257177701958, 19.004212127103816], [84.42734553889204, 19.009695441681043], [84.4253535444092, 19.013851290042], [84.42272841983335, 19.01696981984356], [84.42195507538874, 19.021187974963574], [84.42244394751998, 19.022686541243864], [84.42733503847059, 19.021357886654165], [84.4294920983268, 19.017373846553404], [84.43711018163356, 19.010041521949223], [84.44028113488037, 19.010731754879824], [84.44468870795853, 19.006344809348953], [84.45136174780369, 19.003453323871742], [84.45544509439925, 19.00065784007417], [84.4594837070313, 18.997248257669003], [84.47012569642501, 18.992224967497652], [84.47893513414367, 18.990167783677546], [84.48034394895802, 18.99158550110247], [84.48296515377037, 19.000667637105572], [84.48280422746501, 19.00494789100554], [84.48510751293345, 19.01678146206936], [84.48933271147007, 19.018802632213198], [84.49665611259702, 19.02982730221637], [84.50502175290995, 19.033752222149765], [84.51033662293784, 19.038134722699272], [84.51435522449175, 19.04431098190207], [84.51715201097338, 19.046329103230253], [84.53436430108147, 19.04758739519912], [84.53868729166592, 19.05301206241619], [84.5420224229014, 19.054223325607413], [84.55491973125513, 19.05496629256827], [84.56081391605625, 19.056286733805383], [84.5669173322872, 19.06841176643854], [84.57332142258684, 19.073893182098384], [84.57515196908417, 19.072327928591747], [84.57571714943948, 19.06949968610971], [84.57779129320053, 19.069270285020366], [84.5836334059929, 19.07341834093377], [84.58529913166572, 19.070994581653196], [84.58229532333473, 19.046456766658935], [84.58085515411818, 19.044030506885903], [84.58252130881536, 19.03612329103675], [84.5853243268633, 19.027857205194252], [84.59487689628048, 19.02196055381768], [84.59731464626337, 19.022357955308173], [84.60417761674002, 19.028709759506498], [84.60766792713174, 19.041871561656404], [84.61474777343307, 19.054333809128842], [84.61662894384457, 19.055659929853615], [84.62134770796989, 19.05565056269706], [84.61952422148752, 19.058658278565797], [84.61867611043631, 19.062639081523788], [84.61987816695999, 19.063738334340655], [84.63044767333204, 19.06458866983939], [84.63256510008252, 19.061704788206782], [84.63324239397834, 19.059221859941548], [84.63720307583651, 19.058519264327654], [84.64152455690417, 19.06446474288931], [84.64398110807102, 19.066073325670658], [84.65486176368525, 19.065024514880463], [84.66165285158826, 19.061258417632615], [84.66613847418496, 19.072574065199422], [84.67032591955714, 19.07337908592259], [84.67171373623142, 19.07521838946061], [84.66673483377855, 19.079844259595234], [84.66128774553088, 19.089904395450105], [84.6558519456705, 19.093088323792593], [84.65175309542101, 19.093318135299256], [84.64188076765183, 19.08756272805386], [84.6407600310786, 19.08352390413073], [84.63859334517284, 19.081504271279396], [84.63157791898426, 19.083301423327832], [84.62697332945282, 19.085383532306754], [84.62371662805472, 19.094046479213127], [84.62392577811616, 19.09884421044411], [84.62155587958095, 19.101154942641617], [84.61678551670519, 19.09971448937709], [84.6127141258104, 19.101448866388296], [84.61008568718243, 19.105379631917497], [84.60293126364435, 19.12398129974544], [84.59883274133165, 19.12987525441353], [84.59899847674023, 19.132589293630915], [84.60178690658441, 19.13230293127284], [84.616530160017, 19.126220023992918], [84.63267169550353, 19.12706436728784], [84.63645743417771, 19.129486020069585], [84.64750112969291, 19.131034794863968], [84.64881201031416, 19.133572806631758], [84.65440551932885, 19.129173693286216], [84.66053971591636, 19.131709339358547], [84.66441620119991, 19.130197926060873], [84.66827942147556, 19.130661920706817], [84.67160148540692, 19.136946459500912], [84.67299007594445, 19.14404762206835], [84.67249210633476, 19.15346137466624], [84.67036541964083, 19.156236202587166], [84.67210415074639, 19.165471647298755], [84.67638467696068, 19.16442944444346], [84.68041974475413, 19.165631921784716], [84.68514428448651, 19.162223581796756], [84.6884901457992, 19.158516512340636], [84.69920283323752, 19.16046250738518], [84.70463081347374, 19.159068439470765], [84.7091422798783, 19.159931127750717], [84.71229117015997, 19.15778925583014], [84.71354519351571, 19.152356681459214], [84.7044151859237, 19.13395627629484], [84.70099828041, 19.130380890358808], [84.70090325873261, 19.128362856492636], [84.70484092007582, 19.12448061438128], [84.7054130229463, 19.119171030431776], [84.70463539473187, 19.117670746374955], [84.71892125837223, 19.108923451560656], [84.76858190526677, 19.08002272819376], [84.76624846643082, 19.075137337427627], [84.76214026800663, 19.06938123643723], [84.76159890815475, 19.06801386310178], [84.76038945471511, 19.066741445381837], [84.75544750263073, 19.054767966461355], [84.75356296362281, 19.05379505349106], [84.74952161190348, 19.054383981047728], [84.7434514645239, 19.058516918313778], [84.74037315658794, 19.058206668916434], [84.73910318144378, 19.057808712274863], [84.73285090018082, 19.055298802953914], [84.72797252543096, 19.051337113635924], [84.72309465016221, 19.038068044778072], [84.7231882126127, 19.034558497705053], [84.72452410523437, 19.031356116906583], [84.7250177863131, 19.030017642625126], [84.72798201599252, 19.028621009895403], [84.73080559788639, 19.029396592434725], [84.73252997081775, 19.031045389417965], [84.73372746718199, 19.037735469933548], [84.73400449786831, 19.03901489437513], [84.7349134587448, 19.039998523410997], [84.73602146688305, 19.042649829126177], [84.73730673939264, 19.045123299798117], [84.73841051057926, 19.047106574094045], [84.74074847392397, 19.049569265162013], [84.74269569104969, 19.04986289424471], [84.74478596607582, 19.0491460604226], [84.74561179761277, 19.046963270144467], [84.74610079537314, 19.044952005587096], [84.7457013599744, 19.042948558665305], [84.74529542063753, 19.04062386436793], [84.74490218496652, 19.0387947289166], [84.74453268881183, 19.037635444943895], [84.7433962737473, 19.03500344945962], [84.73644619901042, 19.02843783908313], [84.73446194736037, 19.025995950531332], [84.73381078366049, 19.025199288889052], [84.73286488628821, 19.02275636621566], [84.73168860504393, 19.021583810030705], [84.71754680054829, 19.010137819937093], [84.71368434120097, 19.004386958367803], [84.71088089937646, 19.001830906534458], [84.70771824604279, 18.99633324576787], [84.70597708112511, 18.991297866399737], [84.70346348554813, 18.98832380673966], [84.7031330829412, 18.98716323720091], [84.69835845951975, 18.979592724200796], [84.69619939130511, 18.976804819101435], [84.69563976040266, 18.975437954838064], [84.69212367594655, 18.96946001956695], [84.69139657746805, 18.96882181795729], [84.68956316336426, 18.96691671499601], [84.68726320420333, 18.96547182333172], [84.68640342743464, 18.962970969165575], [84.68353222783809, 18.96037083920469], [84.6728192099747, 18.951998012969415], [84.67158546279494, 18.949697292127176], [84.67006608628006, 18.94834002669254], [84.66917035199661, 18.947564675451233], [84.66859951703817, 18.946418574293126], [84.66161463728291, 18.940834315594234], [84.66083978659378, 18.939646434911744], [84.65496111500731, 18.933655135575734], [84.65293722452182, 18.932350353757066], [84.6516884129662, 18.931546972147554], [84.63746699483853, 18.920389392747566], [84.63267044867774, 18.91633575286875], [84.63100757238506, 18.914013816398768], [84.6247240884776, 18.90796540149167], [84.62300325630193, 18.906333969007893], [84.62241191964485, 18.906115985499905], [84.62003144397515, 18.90242275436359], [84.6191264289559, 18.901500455789986], [84.61829937532794, 18.90102124086225], [84.61614157652355, 18.898184266666565], [84.61333960259118, 18.89316795829956], [84.61212337852285, 18.892032690304777], [84.61147916215548, 18.891116076006664], [84.60900230093053, 18.88824998367333], [84.60890146899219, 18.88756206408455], [84.60763622669405, 18.886400763987226], [84.60569692076467, 18.883451323383944], [84.59783263519675, 18.874694074161848], [84.59176121205388, 18.871358600819864], [84.58628896767577, 18.872134395595136], [84.57988200163909, 18.8740730537418], [84.57369663511443, 18.875299776230758], [84.57187547619385, 18.87550527294442], [84.56931710059548, 18.875733514356597], [84.55805621229725, 18.874524300989034], [84.55749045133543, 18.87405733901302], [84.55770403542691, 18.87111678463107], [84.55760347947161, 18.870428846832063], [84.55880700246799, 18.869792587437985], [84.57116319007326, 18.86946876073659], [84.57206378973012, 18.86928713316894], [84.58024204423242, 18.867668216635924], [84.58120411202727, 18.867027775160572], [84.58214231073295, 18.862301636829233], [84.58305482156565, 18.85710795946148], [84.57978564064119, 18.843010398501473], [84.57302254980542, 18.83814383271894], [84.57131127046321, 18.83646586443184], [84.5693142780128, 18.82894739939977], [84.56567384964829, 18.823428695535256], [84.56070865082533, 18.80744170324347], [84.55660279242318, 18.801675637342697], [84.55507207348228, 18.786271809561068], [84.55359310500054, 18.783314891123645], [84.55037695517493, 18.780443592528012], [84.5435100464378, 18.775659884407407], [84.53435376742964, 18.770007280738508], [84.53106117692084, 18.767989535715177], [84.52719029977877, 18.764685690280853], [84.52642512125766, 18.764433640816495], [84.52620085722579, 18.763786323618252], [84.51663343213292, 18.756038230529303], [84.51558434475358, 18.754651777893635], [84.50983532480053, 18.749068228297524], [84.50854908833702, 18.748363787009833], [84.50753899000563, 18.74741677961937], [84.5072853698371, 18.747183492030757], [84.50589215114907, 18.745444808811392], [84.50065891803813, 18.740706043387554], [84.50025384805555, 18.739979303600535], [84.49332916867114, 18.733928454172858], [84.49234157709613, 18.73163102582833], [84.48929664025444, 18.728902669610623], [84.4889054480581, 18.728154809794933], [84.48221772015688, 18.721375649551604], [84.47793156724165, 18.71450064421795], [84.47426078840543, 18.7101751755579], [84.47355946582606, 18.709948515770225], [84.4733491009531, 18.709273232869943], [84.46854123613228, 18.704066345807114], [84.46694173945735, 18.701312319451535], [84.46625037737697, 18.700369244847444], [84.45538351638265, 18.68936396356429], [84.45405244280126, 18.68800864451134], [84.44827451001667, 18.677028631639274], [84.44554489885627, 18.673576409462353], [84.44291961639566, 18.673272080545452], [84.43910507984636, 18.674288660461126], [84.43779075933682, 18.678092007693532], [84.43707090867346, 18.678753945810055], [84.43492784257093, 18.678469397689177], [84.43387899448018, 18.678211708721985], [84.43236361236372, 18.67724503211671], [84.42996148524149, 18.670861139566835], [84.42857465483122, 18.669700095907437], [84.42169600064096, 18.66849007010285], [84.41946709460261, 18.66866462080835], [84.41812893310608, 18.6686862822125], [84.41598425787825, 18.66834647088744], [84.4134420468993, 18.667635193528596], [84.41169388966924, 18.6669025028696], [84.41113932859555, 18.666147971142195], [84.41165828419648, 18.665379705902026], [84.41351017166811, 18.66457855540104], [84.41655834458993, 18.663252785236878], [84.41959625959673, 18.662055778979376], [84.42186440313442, 18.661760705990307], [84.42430530011546, 18.661446701149842], [84.42886234883225, 18.662216721058723], [84.43703563727405, 18.664282587688668], [84.43847146145973, 18.663865376735846], [84.44188117331649, 18.66124763574202], [84.44216413661512, 18.659903427766316], [84.44334723255598, 18.659709521121425], [84.44338213364011, 18.658581607274694], [84.44192064789236, 18.656036874766013], [84.44136283363943, 18.65489692826467], [84.43755116806095, 18.651178848410595], [84.43685830483292, 18.65017383800944], [84.42495219198706, 18.641771112411266], [84.42257256422424, 18.64071781896917], [84.41939701090321, 18.63918115410796], [84.41230099296389, 18.6364351158029], [84.40978756160655, 18.633648425229865], [84.40390765101507, 18.62466043309697], [84.40298047381991, 18.624428748673523], [84.40008737507397, 18.622089299841033], [84.39986726175277, 18.62139592015092], [84.39150213628542, 18.61336510616199], [84.38922586554331, 18.611326139977812], [84.38804841035596, 18.610649728922162], [84.38729424709743, 18.609963032507153], [84.38606219819437, 18.607909070979904], [84.38549462289109, 18.606744115382355], [84.3816344985157, 18.603366003085277], [84.38120763625645, 18.602233599077792], [84.37928440789116, 18.60067740256078], [84.37781733710267, 18.597609201164435], [84.37751821464822, 18.59699850461476], [84.37625294339632, 18.595835862746686], [84.37545747168119, 18.5953545759396], [84.37442593062447, 18.59353555149786], [84.36943759508384, 18.586824305199585], [84.36526689161316, 18.579487616238755], [84.362516870978, 18.576466461096754], [84.36158270937162, 18.57407781704371], [84.35860905724962, 18.565491880574655], [84.357237590231, 18.56386185266882], [84.35399283609988, 18.56218840504855], [84.35021055446002, 18.563082319743206], [84.3484566289797, 18.565240409705947], [84.34814910257633, 18.570309120459335], [84.34910145901307, 18.57192861738338], [84.35034073756736, 18.573936632972917], [84.3510753022506, 18.575218355502553], [84.35101510525735, 18.578411994861682], [84.34814388036922, 18.583081278156182], [84.34407074022737, 18.579614557353672], [84.34032581890715, 18.574681018698588], [84.33913556100332, 18.574185933208007], [84.33440270620153, 18.573822359661907], [84.33359842256287, 18.57335722075011], [84.33315675724741, 18.57219762191308], [84.33312526535013, 18.569282067138296], [84.33441299593669, 18.56594006333089], [84.3344366372379, 18.558470444228128], [84.33303168602555, 18.55728177005579], [84.33018069989757, 18.557656819077536], [84.32369583607917, 18.559950928847755], [84.32366284978568, 18.56086972537716], [84.32245874978398, 18.561733327236386], [84.3215171094719, 18.56193065939032], [84.3149158344116, 18.56061154267904], [84.31387975732336, 18.559666611159088], [84.3133786556663, 18.55739814820787], [84.31003340610997, 18.55436832246828], [84.30980869733395, 18.55366360160867], [84.30998191771398, 18.552313925510717], [84.31153737030775, 18.55100424268734], [84.31219685349504, 18.549213570082383], [84.31140611774349, 18.544665954331908], [84.31073679237342, 18.543749342453403], [84.3086563937483, 18.541891855900275], [84.29745943381475, 18.53584629157795], [84.28932571357991, 18.531385983970026], [84.2845051523325, 18.52625785414563], [84.28346208693199, 18.525530972044336], [84.27920527603287, 18.5228345421957], [84.27653874752501, 18.52037186361262], [84.27429787705485, 18.51873658778244], [84.27290999016502, 18.51457338465566], [84.27416796667985, 18.511627669046913], [84.27633964325743, 18.510337320772184], [84.27989137047975, 18.512356700053466], [84.28481592230642, 18.517298275644006], [84.2883881870612, 18.521005624439173], [84.2906315632713, 18.523466597541567], [84.29287520304389, 18.525934458152204], [84.29642337339006, 18.52797199392066], [84.29771038621567, 18.528953332568044], [84.29888861419576, 18.529841367883765], [84.29909199098961, 18.530032769724755], [84.30376688036112, 18.53224383734812], [84.32105850585927, 18.53660545090907], [84.32525331220138, 18.538081970325205], [84.3357918605855, 18.545594922983096], [84.33646805287196, 18.546419424184347], [84.33884994173837, 18.547914342578842], [84.34007991973256, 18.54845410070428], [84.3443951134612, 18.551404254700444], [84.34776122918583, 18.55520367951083], [84.34906552312026, 18.54837565855472], [84.34310676514743, 18.542660940718577], [84.3424104219371, 18.541956350914553], [84.33488853074753, 18.536984836428648], [84.32710807932034, 18.530988081563102], [84.32445852252073, 18.528936410149047], [84.32320897365315, 18.527929013578976], [84.31924129788398, 18.524229452887763], [84.30739003476077, 18.514700377316], [84.2983813277147, 18.507519881687447], [84.28710056903904, 18.498592389821177], [84.28256084665858, 18.494993552383026], [84.28131152522334, 18.493371001605215], [84.2742316904971, 18.48686527231189], [84.27054004326847, 18.484051462523283], [84.26493038808003, 18.478833567963445], [84.2605514076499, 18.47525936310768], [84.2559984373474, 18.470889393508436], [84.25519995405845, 18.469515240055394], [84.25383639186695, 18.467911880875786], [84.25220517895428, 18.466965452082203], [84.25171203751067, 18.464449166555347], [84.25124098391349, 18.46399930709952], [84.25031173444947, 18.463048734394924], [84.24172143855915, 18.457032696055514], [84.23898997571148, 18.454580682717], [84.23359877759098, 18.452404534676226], [84.22748989738628, 18.446360211530642], [84.22291169546378, 18.442804590940415], [84.22152093891408, 18.441844154622814], [84.21519869063773, 18.434940653349756], [84.21373078201368, 18.433814915139617], [84.21204166920624, 18.431612621451567], [84.21065167900689, 18.430670423971694], [84.20915361691694, 18.42949958066947], [84.2087092715177, 18.42835836526244], [84.20788659024807, 18.427877121224466], [84.20601823683192, 18.425317454773364], [84.2004621848827, 18.419502011850277], [84.19916713058979, 18.417898646764503], [84.19253060077794, 18.41271249589782], [84.1912856235653, 18.41085990230846], [84.19084795377431, 18.410388317177162], [84.18545650176947, 18.40457009823763], [84.18196145529116, 18.40176047330548], [84.17477083055752, 18.39508913154935], [84.17154073688941, 18.39120054002538], [84.16157753505944, 18.381705322960855], [84.15829308689278, 18.377746968622585], [84.15728674297492, 18.37612835162117], [84.14921442516437, 18.368668953104027], [84.14785258420972, 18.367046542048683], [84.14344620463342, 18.360020579965376], [84.14281879568625, 18.358526603684663], [84.14193460447606, 18.35680589633036], [84.14160664459364, 18.355984711079863], [84.13796601652216, 18.351808997159104], [84.13658983279129, 18.35064568504671], [84.13494868492651, 18.34992790628983], [84.12978950466278, 18.348854445381427], [84.11670282852026, 18.35027306329097], [84.10419601465813, 18.348974676238935], [84.09631830909757, 18.347124697695502], [84.092474036619, 18.345673966656182], [84.08533203242146, 18.340511612265], [84.07852697332028, 18.3375713117843], [84.07019297905485, 18.335845015956178], [84.06757712950537, 18.33576122102411], [84.06107673495237, 18.335889866901937], [84.04625755318177, 18.34021470017753], [84.03947370985223, 18.344508602922605], [84.02806420667866, 18.347398720016244], [84.02658055778538, 18.347748845303514], [84.01967065837707, 18.348659807566964], [84.01438175545206, 18.350769555929972], [84.01021322909092, 18.353238556174922], [84.0017754341739, 18.357066504925463], [83.99630982352961, 18.359554295007307], [83.99266813805137, 18.358265141065026], [83.9908332752795, 18.352289261678695], [83.99299529953862, 18.34970310802485], [83.99968069594271, 18.347372816671836], [84.01048985317982, 18.344953127339096], [84.01199211537836, 18.34458428316977], [84.01250793584072, 18.343678003983086], [84.0132176607742, 18.34347519652346], [84.01994101299003, 18.341631527922992], [84.02097410803782, 18.34147950822357], [84.02494300857336, 18.340866649552254], [84.02643153920211, 18.340202171109617], [84.02877995931802, 18.339858194999188], [84.04077165193033, 18.334621732950886], [84.0419694742976, 18.333880210270813], [84.04220979761759, 18.33324519005949], [84.05023088367831, 18.328107578346913], [84.05859717915, 18.325194066094333], [84.06439659831888, 18.325094004913776], [84.07277222500942, 18.32631481872465], [84.07927752965341, 18.329690202204773], [84.08257188540487, 18.330452288557986], [84.08647632009595, 18.333743361676635], [84.09113263465663, 18.33616254959286], [84.09521393437805, 18.337205317626783], [84.10878071724575, 18.340057527311465], [84.11183369206105, 18.340610111016908], [84.11944321386747, 18.339042206396236], [84.12015063969083, 18.33861188612646], [84.12113904844463, 18.33794661831551], [84.12141713387157, 18.33683099376703], [84.12169984045059, 18.335708326957366], [84.12287567041619, 18.33551725448214], [84.12314383271314, 18.334862935719514], [84.12556211008909, 18.332891566174727], [84.12726321491935, 18.331814106977674], [84.12738701493036, 18.32864765201163], [84.12675841535022, 18.32099758679595], [84.12611440482189, 18.312999355423056], [84.12385278954656, 18.306594718124973], [84.11836499765757, 18.301004972086282], [84.11191193926079, 18.297127761219144], [84.10185973052853, 18.291905471758017], [84.1011898472838, 18.291199393528345], [84.09346672517154, 18.288476003133265], [84.07521370080589, 18.278635722140177], [84.07433506922338, 18.277529303574834], [84.07103896785696, 18.274760409862566], [84.0584981935645, 18.26396702953786], [84.05786228830576, 18.26341805231368], [84.05389156483452, 18.261499929408966], [84.03987715004803, 18.256541041609815], [84.0301032622099, 18.251916824190044], [84.00624489486235, 18.243733211078357], [83.99205398818009, 18.23625912179594], [83.97686983069052, 18.230365377956797], [83.97614115201306, 18.22990805405632], [83.97381685437723, 18.2284067454216], [83.96483632284679, 18.22253943633081], [83.95958626763752, 18.217179210242765], [83.95427429764554, 18.213618331308503], [83.94898351348954, 18.214532973484662], [83.94280952523071, 18.216429569659446], [83.93920832287273, 18.21833979545572], [83.9386810623398, 18.219674744729414], [83.93866221815638, 18.22034484570878], [83.93768979293694, 18.22122846974156], [83.93551026238129, 18.222522704468012], [83.93211006122625, 18.224915796580827], [83.92972775328394, 18.225515960855216], [83.92703343105632, 18.224963998705963], [83.92578481680958, 18.22428178060768], [83.92544831301952, 18.219491138762], [83.92722256810781, 18.216148581990165], [83.93327140135848, 18.21226321960603], [83.9337625627214, 18.21182586149725], [83.9335975857467, 18.209793962079885], [83.93361587898971, 18.20910555318827], [83.9326906328513, 18.208153366855875], [83.9271562782859, 18.2061453903686], [83.89760195037645, 18.197119996486602], [83.88645578000428, 18.191340060712704], [83.88113536681107, 18.187547675616127], [83.88023817339494, 18.186385809990714], [83.87891599151116, 18.182962740662493], [83.8761510412098, 18.179586801811027], [83.87445912001402, 18.175813443300694], [83.86944324752433, 18.170898408522667], [83.8556558409057, 18.165240846223295], [83.83926804618159, 18.160881037339724], [83.83529483471136, 18.159159384551064], [83.82040257267316, 18.154366579919774], [83.80906323667959, 18.150159240120107], [83.80542779026374, 18.148480803578597], [83.78808783443219, 18.14270483638207], [83.77737497786316, 18.139212769538116], [83.7766627049288, 18.13895590027676], [83.77645131659106, 18.138259711555442], [83.77113019842494, 18.1352801247144], [83.75925963204956, 18.129794219071407], [83.75162487572597, 18.124997492064093], [83.74043660210769, 18.120013314560268], [83.73863631970465, 18.118046004973035], [83.728328621399, 18.114517400206978], [83.71537769975345, 18.10797800672654], [83.70304931768645, 18.101710821411235], [83.6920613958051, 18.09182581260286], [83.67979949928826, 18.084211792086347], [83.67840482895437, 18.08370330577743], [83.67464139407642, 18.082655534758498], [83.66995249955323, 18.083359330180013], [83.66995249955313, 18.08335933018012], [83.66947496998455, 18.08343083681359], [83.66416225573647, 18.08481940300095], [83.66075823802805, 18.084115409656476], [83.65733401497147, 18.081605346589356], [83.66086772995737, 18.07967662621644], [83.66628726821409, 18.077460205649913], [83.66811731481727, 18.075825936800243], [83.6690160531968, 18.07502867547413], [83.66906534140674, 18.07367027178043], [83.66793115485461, 18.07251101031335], [83.66168888563413, 18.06843667253827], [83.64768299973525, 18.06124202099511], [83.63433604159087, 18.053718085132118], [83.6301609448019, 18.05175561925489], [83.62753732299973, 18.050089483925433], [83.61881287829243, 18.044346223801938], [83.61627465193374, 18.042100134192196], [83.60987951957071, 18.037752560304284], [83.60453931073397, 18.033411005772734], [83.60317764044174, 18.031775540029287], [83.60244254015265, 18.031527619224164], [83.60222792192013, 18.03084970019478], [83.60085929235953, 18.0294894986871], [83.59423231743, 18.023595143848752], [83.5926168270629, 18.021239123359976], [83.59051512233356, 18.018436537203627], [83.58730917817911, 18.014833291455602], [83.58268550861442, 18.01196823239576], [83.58151388886205, 18.011696476541317], [83.57794883386953, 18.012239309625215], [83.57674834598743, 18.01286445531133], [83.57623086546783, 18.01376871964021], [83.57546038035514, 18.015793082280027], [83.57404897822983, 18.015515632951804], [83.57306070500658, 18.014929894371164], [83.5715836903641, 18.013984651281476], [83.57057986647857, 18.013353419657903], [83.56676510288162, 18.014603471847295], [83.56635364440939, 18.015351529366512], [83.55968288654469, 18.02023272785476], [83.5575411514692, 18.019881021905405], [83.55604271694801, 18.019392293668886], [83.55536533117493, 18.017510707902545], [83.55662918199022, 18.014014280092], [83.55737856952646, 18.012448907893713], [83.56365269804292, 18.009072037535077], [83.56375025198452, 18.008411812384793], [83.56474246799166, 18.00733796139997], [83.56542867314835, 18.006652028799465], [83.56604658289928, 18.002116813456837], [83.563208042741, 17.991167064865806], [83.5625293939512, 17.981623026126726], [83.56098358357036, 17.972977932196954], [83.55891270664227, 17.971109562881338], [83.55425632733704, 17.96256268083158], [83.53657989578761, 17.948633636037016], [83.52409672822733, 17.94050325839015], [83.5195068664288, 17.937867359708775], [83.51633343886061, 17.934810125059016], [83.50075816433787, 17.92589700389999], [83.49734160992944, 17.923411361582225], [83.49059725811782, 17.919446128490165], [83.48663678497513, 17.9279465593425], [83.48013504294983, 17.933749963249625], [83.47457665466453, 17.936040260444372], [83.4682080226371, 17.936811602529872], [83.47457665466455, 17.93604026044428], [83.48013504294977, 17.933749963249586], [83.48663678497515, 17.927946559342413], [83.49059725811772, 17.919446128490037], [83.48346442703594, 17.91525611319844], [83.48222216988349, 17.914618565986817], [83.47471930569881, 17.910542328719558], [83.4725783403931, 17.91070059626442], [83.46013832433822, 17.91478428144608], [83.45869904801637, 17.915420854568673], [83.45751801940258, 17.9160467665944], [83.45628985922274, 17.916701299080003], [83.45338856845376, 17.9193339516278], [83.45217606637677, 17.920416636437352], [83.4509280064467, 17.921044108368918], [83.44830905222989, 17.921618838155503], [83.44679297436085, 17.92112952700017], [83.44599899563806, 17.920414707436066], [83.44555907275127, 17.91950144581132], [83.44656508655198, 17.9118392865254], [83.4475334739826, 17.910950276803305], [83.4484941017252, 17.910318164342172], [83.4490172544558, 17.90287825180769], [83.45073121154914, 17.8985731651031], [83.45181043327553, 17.897527974294547], [83.45233617231037, 17.896184154026646], [83.45379752291521, 17.895107081680063], [83.4548469968306, 17.891970304812162], [83.45464224419727, 17.88472419529056], [83.4534242074067, 17.88015332531142], [83.45238064666263, 17.87921992404179], [83.45057295701395, 17.876670448585223], [83.45004526362774, 17.87550262424285], [83.44109821540735, 17.866664781428362], [83.4384366519444, 17.864025182293602], [83.4233744908968, 17.853111086339453], [83.4201520695123, 17.850035137639935], [83.41580868545279, 17.844450779836677], [83.41548426462899, 17.843546288884788], [83.41426375868427, 17.841459574727832], [83.41068509543669, 17.842252931289142], [83.40948532711566, 17.842878860287392], [83.40895435643577, 17.84421335900362], [83.40722807629636, 17.845971980835174], [83.40514723610355, 17.845440406564883], [83.40389258619093, 17.84427099657258], [83.4036745425023, 17.84359547909041], [83.40444415019752, 17.838630312792127], [83.40494418325062, 17.83796566494124], [83.41215205123973, 17.834597397657326], [83.41608753959551, 17.83089470224643], [83.41705758932294, 17.830464298149984], [83.41937640045948, 17.825098798379326], [83.4193492333524, 17.816284320412784], [83.4186291951073, 17.81543949799384], [83.41626175727312, 17.80735094888322], [83.41213996072221, 17.804037063035302], [83.41181542920683, 17.80312343498314], [83.41105091816522, 17.802215470384866], [83.40809635497484, 17.79869802166019], [83.4009556963648, 17.792699704283205], [83.39928017753216, 17.790754155386573], [83.39873493778569, 17.78999920186247], [83.39573544938422, 17.78828584825201], [83.38847856976079, 17.781043264759674], [83.38606674949183, 17.776429249217063], [83.38114326041371, 17.770832837469726], [83.38004511271113, 17.770145516121563], [83.37985505536905, 17.769432736817414], [83.37810525683645, 17.767552939047906], [83.37322661692417, 17.763914288417535], [83.37230713734252, 17.763676439249195], [83.3720904871145, 17.763046778586688], [83.37077975972065, 17.762077856579054], [83.35842635881335, 17.75536566490729], [83.35578931327775, 17.752981218122606], [83.35308882671207, 17.74880883736553], [83.34925415290296, 17.738235819873044], [83.34848872961734, 17.734367638998688], [83.34791710228538, 17.733684129551023], [83.3471142586146, 17.732740200188804], [83.34636914567173, 17.72139366229648], [83.34367732818438, 17.717919924125535], [83.34027589925606, 17.71416673648851], [83.33349053118316, 17.709280682902836], [83.33270128115542, 17.70868233304005], [83.32992114462607, 17.707224096324648], [83.31856724488237, 17.703350394277596], [83.31457366317697, 17.70172001144369], [83.30443040440944, 17.69570804007192], [83.30079148824511, 17.69194801509665], [83.29959299844009, 17.68985128454302], [83.29882002095692, 17.68580010913975], [83.29861001443251, 17.68503051547959], [83.29804367988842, 17.684349089607444], [83.29453618784763, 17.670676068500473], [83.29314689196624, 17.66701447913237], [83.29242480536313, 17.66582112290796], [83.28991598647035, 17.661912062425884], [83.2835227800065, 17.656261813049564], [83.27754730418722, 17.65264074104795], [83.27393169346095, 17.651342354653814], [83.26900369783526, 17.648728444847052], [83.26186757911357, 17.643714730355327], [83.26028338827216, 17.642620612740476], [83.26006705072513, 17.641972579703783], [83.25937336838516, 17.641740571695617], [83.25916109120247, 17.64106264961281], [83.25506182617647, 17.636922759756224], [83.25317469331955, 17.63554436503194], [83.25043907169173, 17.634248860543245], [83.24407572324866, 17.62792773907947], [83.243643953995, 17.627456227293173], [83.24134713911137, 17.625321767531137], [83.23580282307661, 17.625634066364462], [83.23256668056665, 17.626165707876993], [83.22775401890355, 17.62870638580027], [83.2233508985326, 17.63940624812447], [83.2223724896548, 17.64005535323969], [83.2201007244723, 17.64237284994544], [83.21985826533572, 17.643026414308974], [83.2188793893321, 17.64345562306102], [83.2186184295475, 17.644134774818706], [83.21647894335149, 17.64619510372926], [83.2155280724854, 17.64659845806822], [83.21440684730165, 17.646469493787553], [83.20798923375406, 17.64566144249405], [83.19985401797604, 17.63991984640036], [83.19815682253393, 17.638064755997473], [83.1979598428776, 17.637416222121953], [83.1965500149067, 17.63053848622074], [83.1972044349318, 17.626696699114014], [83.20032196784469, 17.624782647067736], [83.20129950082503, 17.62389549498884], [83.20157395175607, 17.622776312230762], [83.21381907482694, 17.617352960990424], [83.21556445327847, 17.61681774791319], [83.22500160734039, 17.614485264500182], [83.2270886271408, 17.61545644151177], [83.23105691761387, 17.615781499813465], [83.23149298018456, 17.613240876833824], [83.23233812236775, 17.608231254818868], [83.23042970712761, 17.603538823489313], [83.22960310864708, 17.602732415388], [83.22624093122616, 17.59876591782893], [83.22545741944772, 17.59736074687391], [83.22000341307204, 17.59219636907693], [83.2195383895014, 17.591723298287132], [83.21887706841409, 17.591032334717667], [83.21726736998039, 17.589828485880506], [83.2166339144201, 17.589503385336457], [83.20734433684243, 17.584505015030334], [83.20407796015216, 17.583323470162732], [83.19780391162567, 17.58098430002148], [83.18860365699977, 17.575462995693062], [83.18231653522705, 17.57274558269122], [83.17392524938288, 17.567455585739843], [83.17354578773885, 17.566753786800792], [83.17207668945322, 17.563778369774717], [83.16843602620845, 17.560245197779512], [83.15552940200006, 17.55273619086282], [83.1469628188545, 17.54904728777427], [83.13973772156471, 17.546971201730308], [83.13145143636879, 17.5458633512165], [83.12377345875689, 17.544831365524264], [83.11179719706402, 17.540644972721818], [83.10994621345542, 17.539678815695797], [83.10591750013349, 17.538893793780304], [83.10662019102452, 17.541837850915368], [83.1084761471468, 17.54592776533339], [83.11019689448509, 17.548286888543057], [83.11088618093817, 17.55105719367786], [83.107333815853, 17.55065372131918], [83.10310917042123, 17.54904600658876], [83.0993978709564, 17.547122735650394], [83.09657769044881, 17.544074508072363], [83.09212596157924, 17.537119150695517], [83.09117174662032, 17.53547886387932], [83.08799307390485, 17.53218609717891], [83.08709776633201, 17.531451491195895], [83.0857259448108, 17.53033524760938], [83.07368962779232, 17.524654025789253], [83.06688436030994, 17.52350470487426], [83.06017169207888, 17.520750113282975], [83.05870696419272, 17.52036614352289], [83.04452869669456, 17.51656617965447], [83.03922159753759, 17.513866250290533], [83.0350849513977, 17.510773251094456], [83.03368025543863, 17.51071756177315], [83.03179758458546, 17.510419784565805], [83.02627701087117, 17.50775820434608], [83.01613198589178, 17.501490846629764], [83.01406270190533, 17.50052348234732], [83.00700505820711, 17.494602148612103], [83.00586620798174, 17.492969784140115], [83.00534265620584, 17.490674556290006], [83.00516321747097, 17.484321452320433], [83.00466904362979, 17.48227293656022], [83.00219175303899, 17.480322247511264], [82.99992692927344, 17.47869692346966], [82.99598312348797, 17.475601447257734], [82.99324396471839, 17.471297447624043], [82.99287392323846, 17.470750832353247], [82.99102918654488, 17.469764864254657], [82.97990673000012, 17.465278632584564], [82.96869607036497, 17.462606915987145], [82.95147891011298, 17.455594771221314], [82.94951695705565, 17.45446185353138], [82.94504956210464, 17.45287087135221], [82.94298609916191, 17.45123615712788], [82.93792290282153, 17.44922647018508], [82.9319326394674, 17.445162867114693], [82.91927464858894, 17.43985813462912], [82.91788838444478, 17.439070556131398], [82.91437972919667, 17.436985725746883], [82.91017518224595, 17.434484114390035], [82.90884566642762, 17.433667837729654], [82.86553816975378, 17.415049051566715], [82.8566154361376, 17.4092770716368], [82.85502097838132, 17.407858800858566], [82.8489947989191, 17.404825558117043], [82.8400226135025, 17.399584820179506], [82.82519758591971, 17.394039702046076], [82.82280037484972, 17.39343792013318], [82.81955116873769, 17.392229764819813], [82.81038224085268, 17.390047547618877], [82.80957176652315, 17.38983185644267], [82.80728120726933, 17.38861648534485], [82.78888582374756, 17.381400752401525], [82.77126584710726, 17.373996562835988], [82.76467840596656, 17.370863101429833], [82.75309551732683, 17.36616113005362], [82.73671963448999, 17.357832283644925], [82.73440576998085, 17.357055854271106], [82.72492288182666, 17.350456144159995], [82.7231932597101, 17.34955884051053], [82.7191625150051, 17.346849896861176], [82.71862674281293, 17.346047134003822], [82.71779670690906, 17.345785528640377], [82.71470225917247, 17.345295718451634], [82.70790944370765, 17.342481892798403], [82.70586408517897, 17.341045416892058], [82.6989883333323, 17.336682995293092], [82.69760032108424, 17.336168294838387], [82.69738662026025, 17.33549231994317], [82.68677776756948, 17.330112954500358], [82.68038568725079, 17.325081613282588], [82.6706737318807, 17.321115506888813], [82.66242241534188, 17.31601663036691], [82.66125868724627, 17.315737903633252], [82.65662507093933, 17.313764019093583], [82.64813580536686, 17.308629846051048], [82.64390214727938, 17.30636912139089], [82.63862792388692, 17.30328694067738], [82.63779485974511, 17.302603768017363], [82.62992587745721, 17.299151365682967], [82.62304481478822, 17.29501482212998], [82.62053917245933, 17.293102552918647], [82.60632255823725, 17.284401552184622], [82.60404643467322, 17.28226067208854], [82.59000996988257, 17.274143346465756], [82.58545036851098, 17.270673805582064], [82.57923781868699, 17.267713875461265], [82.5734648936884, 17.263553449290693], [82.571368363816, 17.26204301920657], [82.56019764959457, 17.256106810334973], [82.55176150117381, 17.24986135193617], [82.54951681993681, 17.248046494385537], [82.54856846950392, 17.247776904189234], [82.54695020975427, 17.245832142863893], [82.53869808956368, 17.239427224682885], [82.52474745868172, 17.229327872087232], [82.52329735576376, 17.227684435055174], [82.51912973413476, 17.223856264826825], [82.51798204354138, 17.223356462098096], [82.51749298968524, 17.222415066056445], [82.51630808563375, 17.22119269197166], [82.51207072403636, 17.21718019015034], [82.50792268514581, 17.21257340983398], [82.48695925950373, 17.196352312531467], [82.46248750856034, 17.175187721369465], [82.44554174371711, 17.164112001852228], [82.44114952707866, 17.160006734616804], [82.43792832157276, 17.156145050513608], [82.43260981525583, 17.15079870921758], [82.42944881931496, 17.147613227284086], [82.42560123375524, 17.14382583026909], [82.42528366547315, 17.142837996070845], [82.42440890231211, 17.14103789019628], [82.4226386107326, 17.14000086495709], [82.41999309612763, 17.137133944707298], [82.4183664294728, 17.135337093468603], [82.41002041552524, 17.126674227239384], [82.3990369461303, 17.11898094184595], [82.39514246219795, 17.115138791589], [82.38957715732802, 17.110452118956534], [82.38775595645382, 17.109459099162763], [82.38692978092986, 17.10875635285842], [82.38412777332469, 17.105028938105345], [82.3816590526512, 17.102657438076324], [82.37970562306396, 17.101444485045278], [82.37736278298715, 17.098640796328077], [82.37690699478928, 17.098158534220655], [82.37110774590757, 17.093623841609435], [82.37078139266924, 17.092919836046104], [82.36706044924448, 17.08938785021181], [82.36605980322034, 17.088221131547876], [82.3649885953257, 17.085458521022062], [82.36169739436917, 17.082539534443903], [82.36099354463143, 17.082285479946105], [82.36056901845207, 17.081132357804464], [82.36006460020518, 17.08003540411847], [82.35665578881752, 17.077180010411706], [82.35564503978274, 17.07569081385974], [82.35424382270843, 17.07391044486361], [82.34915923353033, 17.06932930250397], [82.34727850733053, 17.067595490503724], [82.33651876376335, 17.05914684491177], [82.3311370298936, 17.053265909452435], [82.32704018028254, 17.050155563298265], [82.3232351719584, 17.04546879098116], [82.3142473359496, 17.03725393561591], [82.30585985424732, 17.02959647646243], [82.30228204063175, 17.025605834037737], [82.30114490102753, 17.024180183406468], [82.29620793797285, 17.01377791461871], [82.29209859161625, 17.008406924491258], [82.29046422403253, 17.005399122939178], [82.2888349832435, 17.003537335681802], [82.2836179921085, 16.99560540852021], [82.28323178716616, 16.993566382316924], [82.28107865857585, 16.986552092981288], [82.28064764860204, 16.985520278389973], [82.27964557208009, 16.98389346881502], [82.27878121180642, 16.97093925294931], [82.27239237767401, 16.951410482975017], [82.27031654751117, 16.93588208865326], [82.26968599576625, 16.933421615716718], [82.26902848533175, 16.93247118902875], [82.26626146497527, 16.93099529430498], [82.25936534912556, 16.93299117579777], [82.25317589152718, 16.932052739958777], [82.25285050080666, 16.931348734306436], [82.25163809331103, 16.92473669518779], [82.25098877378088, 16.923127330244686], [82.25113247294661, 16.91202996222956], [82.25038635118757, 16.908876041109693], [82.24980893760834, 16.90615178670864], [82.24873960217259, 16.896969433676464], [82.24948904099934, 16.89087659536565], [82.25128436095386, 16.887114204014054], [82.25439012354403, 16.885881709598483], [82.26056135106651, 16.88500205508561], [82.26227969231883, 16.883482063963534], [82.26483382556239, 16.877676964302555], [82.26663722503788, 16.871874410239826], [82.2673758852029, 16.871444427662585], [82.26904396873125, 16.86835856650757], [82.26971577594593, 16.867058331475675], [82.27243893575931, 16.865991497941575], [82.27363772948998, 16.865808234044966], [82.27795703131571, 16.868707258023193], [82.27959133211327, 16.86899737591718], [82.28177254962006, 16.86706295444296], [82.28207473301148, 16.863001163401755], [82.2827371789192, 16.861435707497172], [82.28629565990036, 16.86033959047051], [82.2998198630998, 16.857833857584602], [82.30363665423525, 16.856856761577596], [82.3042246764608, 16.85651818742518], [82.30967510904274, 16.853013297574787], [82.31112703534583, 16.851526771671644], [82.31165839379773, 16.85037491362512], [82.31585915929507, 16.839910077790503], [82.31850622694458, 16.838889384320243], [82.31947654546558, 16.83869562090533], [82.32084261105935, 16.839424057826697], [82.32247307870867, 16.84200061973069], [82.32231690857208, 16.847306329580924], [82.32276444209452, 16.84903269781506], [82.32526773226898, 16.850701233696224], [82.32690191693762, 16.850990850160617], [82.33532303878951, 16.8493061538968], [82.33620961656818, 16.84948638559755], [82.33732031187097, 16.84916451455638], [82.3405488839751, 16.850464428108754], [82.34382159312548, 16.8510158059663], [82.35210906942389, 16.849304815969443], [82.35333873834358, 16.848450354955443], [82.35714166770764, 16.841791462162604], [82.35713502554844, 16.839769986737224], [82.35441451614774, 16.831068951392005], [82.35494965214805, 16.828517409461178], [82.35792265219855, 16.82168687825322], [82.35823406337828, 16.820204631745877], [82.35842741332837, 16.815209520113214], [82.36298645198669, 16.818499766718134], [82.36485995146175, 16.826269655331657], [82.36494163824653, 16.831500573244313], [82.36522309694449, 16.847917934487928], [82.3655790098069, 16.85062445750824], [82.36582677360173, 16.85420861843545], [82.36541861127822, 16.861855914913583], [82.36685668341934, 16.866683305342868], [82.36704724930206, 16.87324848286963], [82.36687010024652, 16.891954915749512], [82.36678452474358, 16.903115163051197], [82.36602655871476, 16.92803511541288], [82.36473693652172, 16.933389885640725], [82.36248174650288, 16.938984427417275], [82.36157177304248, 16.939683037412497], [82.3587486384346, 16.944063053868433], [82.35606818378594, 16.94599788641575], [82.35550934113637, 16.95049238268985], [82.3542744653686, 16.95520589828279], [82.35086888510398, 16.957831635832036], [82.34986035009297, 16.957788352563046], [82.34237320792728, 16.963560532535123], [82.34190066836204, 16.964000466064643], [82.34000588701262, 16.965769180595696], [82.33548055453619, 16.973245874294978], [82.33375641167493, 16.977484613356868], [82.33334127557457, 16.981540078786097], [82.33458738086696, 16.982945332156202], [82.3368169717203, 16.983479361780134], [82.34353014836152, 16.980160420446108], [82.34760870605139, 16.976547167216953], [82.3499958317778, 16.973832566509163], [82.35116535826069, 16.972734052530495], [82.3549943311616, 16.964902068882626], [82.35566932476434, 16.96435138672298], [82.35729357013102, 16.960432049129917], [82.36125852651739, 16.95389937282441], [82.36787405558911, 16.939665842807976], [82.37213409949682, 16.922622956644005], [82.37275880752895, 16.908349804228777], [82.37279468339968, 16.907683663459228], [82.37251587788829, 16.905872168377677], [82.37248681372562, 16.903667813289086], [82.37349457632406, 16.90260396033373], [82.37546057084631, 16.87947466566383], [82.37517659022538, 16.86949644403467], [82.37474699676879, 16.86856568831707], [82.37564512189934, 16.842541837973464], [82.37279081758284, 16.830337540588662], [82.37171580916683, 16.82562127652544], [82.36990671861815, 16.821017580517246], [82.36915510950973, 16.81985664376436], [82.36789049807479, 16.81596448248084], [82.36712469977364, 16.814803777630814], [82.36290471510743, 16.80126147518301], [82.36100632852532, 16.79121487537547], [82.35765667405764, 16.781786332835424], [82.35585755684616, 16.77222545298703], [82.35359713195243, 16.767803133963262], [82.35116432922979, 16.757255821648023], [82.35073538241676, 16.755236877495907], [82.34994525970399, 16.75428697030275], [82.34889128016464, 16.751528142389358], [82.34869042936067, 16.750623649950548], [82.34884437390176, 16.737026201484515], [82.3510803898521, 16.72829756756945], [82.35117344186644, 16.723531345475337], [82.35045893607236, 16.721457761806622], [82.34864355180076, 16.72048322818777], [82.34484712209003, 16.721024273261307], [82.33216696134652, 16.727626494968938], [82.33029966858966, 16.728600502348122], [82.32425039950543, 16.727297576838573], [82.32022276785769, 16.724599695694533], [82.32023439681733, 16.72250522661246], [82.32140367462311, 16.719843697616504], [82.3289169169235, 16.71494362531316], [82.3391229171243, 16.712414386835185], [82.34130232597853, 16.711119789156164], [82.3415658695447, 16.710443423622266], [82.34252288487501, 16.709808501765615], [82.34293153294828, 16.703242754950338], [82.34271010989268, 16.70030853292922], [82.34093423970393, 16.697753570857518], [82.33927179008089, 16.692691165826098], [82.33952013884414, 16.68975634090664], [82.33992785246241, 16.68863875025988], [82.34541789016255, 16.687044206698996], [82.34774891994488, 16.68713938143452], [82.3525956601854, 16.689221858716326], [82.35644376726239, 16.692257636370357], [82.35710992905318, 16.69318877983185], [82.35768870766535, 16.695920567102224], [82.35766339259845, 16.697466447232525], [82.35759529042501, 16.703381960561995], [82.35856697752297, 16.705236427297358], [82.36089282184845, 16.70556008823905], [82.36170877496723, 16.70582128669985], [82.36315096128742, 16.705535065991782], [82.36397639921964, 16.70579830775934], [82.36483627773296, 16.70477162262361], [82.36787279859591, 16.701766405467115], [82.36753248430249, 16.69857580571663], [82.3640657654089, 16.69349027803732], [82.3632282684136, 16.692532194348882], [82.35830942232434, 16.687131687781225], [82.35787898130818, 16.68665855668167], [82.35697625868855, 16.685488903742325], [82.35473432577858, 16.683419487154616], [82.35427523082006, 16.682935386884015], [82.35293679608262, 16.681530396649038], [82.35182957333178, 16.68005309828228], [82.34512627716074, 16.674555303712403], [82.34344298562176, 16.67267568954168], [82.33466289265651, 16.666909059148693], [82.33342819371651, 16.66572401645089], [82.33194962419329, 16.66249003007916], [82.33114983937666, 16.661768987175677], [82.32805871793833, 16.657707990077384], [82.32763947937143, 16.656493976356852], [82.32447735484439, 16.651874042340644], [82.32376662349148, 16.650806355032117], [82.32381473647384, 16.646965192723368], [82.32471983561827, 16.644980331807776], [82.32840195567228, 16.64148824599889], [82.32997335782984, 16.63770972835021], [82.32997498372532, 16.634765482750367], [82.33454248028254, 16.62431479614898], [82.33606588393754, 16.616667213653404], [82.33619923451161, 16.61173923265105], [82.33636761284728, 16.60443583157495], [82.33619705870686, 16.603064796754722], [82.33455338494635, 16.59763732802899], [82.33346761685007, 16.59570268031803], [82.33323598017051, 16.59132476408981], [82.33286655428122, 16.58389302246421], [82.33231747270553, 16.579799117900784], [82.32981637118444, 16.577418563917544], [82.32835696467626, 16.57330944502766], [82.32722090875833, 16.57257104072175], [82.32468744458095, 16.573271905809957], [82.32079719767657, 16.575025059316868], [82.31999729214645, 16.577037712487662], [82.31537513343166, 16.58230397142065], [82.31317471987438, 16.585874658823556], [82.31838325733709, 16.584957834069098], [82.32440025996087, 16.582530909113935], [82.32703199266376, 16.582297019694497], [82.32800321746281, 16.583922663594695], [82.32802213754246, 16.586409138713876], [82.32595355304795, 16.591020257457398], [82.32590393335653, 16.596982139860465], [82.32556769440674, 16.5992206178473], [82.32655642904915, 16.6037992005184], [82.32757963538981, 16.604299483453225], [82.3273217111778, 16.61138487101192], [82.32246086342091, 16.623819256792384], [82.32123725185848, 16.624919912508272], [82.32016950565917, 16.62598377958507], [82.31798059616183, 16.62748600824427], [82.3170607665773, 16.627214917246196], [82.31466931917268, 16.625739560906933], [82.31282803292044, 16.617304334908166], [82.31165859162805, 16.61601761564283], [82.31164718987678, 16.6150669311923], [82.31103409573139, 16.611641096795797], [82.31063044114025, 16.609930847299992], [82.31081964675053, 16.608789565487733], [82.31040617080666, 16.606503505083595], [82.3094149635348, 16.605371718171266], [82.30841884118914, 16.60423086750932], [82.30565998037588, 16.604823024625762], [82.30290621442823, 16.606555614848904], [82.29957418488218, 16.60942412505558], [82.29706687322137, 16.612565355862152], [82.29472982062535, 16.617927955749185], [82.29399689966012, 16.61833033463929], [82.29276717972685, 16.619641079007582], [82.29229644737138, 16.620126221895173], [82.28978294614924, 16.620387337409387], [82.28766640588945, 16.61859870365531], [82.28821107482825, 16.613214034952648], [82.28897572889997, 16.611037410285423], [82.28949670633514, 16.61015838854962], [82.29068865721482, 16.608016230444623], [82.29462314566172, 16.604315596974132], [82.29585962703142, 16.59780473382375], [82.30225346322717, 16.596017279689235], [82.30322027061752, 16.595156337004497], [82.30458776493944, 16.591367968492648], [82.30448639972636, 16.588187957186136], [82.30355343621922, 16.587686109819924], [82.3032333842314, 16.586982600185856], [82.30341533621169, 16.5854117812956], [82.30248552750442, 16.580622036997784], [82.30066247856263, 16.578778829386394], [82.29923880382954, 16.57756701334411], [82.2981943706258, 16.576353790281477], [82.29821832890639, 16.570484042781132], [82.29775985575361, 16.570002125486493], [82.29706734010128, 16.569974183410526], [82.29639283606812, 16.56905225216312], [82.28903195210995, 16.56626285930957], [82.2880937650997, 16.56599869420701], [82.28265320231706, 16.565770679147008], [82.27770517429002, 16.564949723396623], [82.27012707077877, 16.563874608007758], [82.26474579460931, 16.560941257172647], [82.2639705670699, 16.56021274503745], [82.26347196858698, 16.5581658235086], [82.26364863898358, 16.556821484153847], [82.26484210228776, 16.556197341317844], [82.28064029113881, 16.554568835952058], [82.28314375967352, 16.55462798594043], [82.28610100356406, 16.554613751867084], [82.29628909889107, 16.5559006635544], [82.29974933649876, 16.556760427713535], [82.30973748638971, 16.559930580382243], [82.31618221587534, 16.559295982469674], [82.31432599029439, 16.55633823317832], [82.31323293559015, 16.554776275081377], [82.30444978159684, 16.55193481358247], [82.29998848923421, 16.551568587817897], [82.29461969923706, 16.5510679397924], [82.28842653561448, 16.548328851708618], [82.28345125857359, 16.54782620225829], [82.28199847505907, 16.547672914259866], [82.28130530854064, 16.547601474213234], [82.28058837191618, 16.547804649891752], [82.27186421652284, 16.546724724898016], [82.25761545533814, 16.544575618705107], [82.25029853614424, 16.54259507837092], [82.2488365344428, 16.542167363795414], [82.23042735320365, 16.533925100214223], [82.22142445565507, 16.527889578578527], [82.21908879476567, 16.525306059133843], [82.21287711871626, 16.522427088201084], [82.21038379713774, 16.520620610625723], [82.20143254584748, 16.51619893310055], [82.19829915102531, 16.512886763830366], [82.1908762041483, 16.508281525685934], [82.1905805928696, 16.50757756880005], [82.18923592203014, 16.50616256996306], [82.185230299103, 16.50396478680502], [82.18304997503702, 16.502724513604978], [82.1683400419821, 16.496225203540515], [82.16588580132873, 16.495617201057126], [82.15928868071065, 16.493959886738182], [82.15777999136803, 16.492627080972618], [82.15582890728224, 16.491476762841387], [82.15385708508235, 16.489314393164886], [82.15068941656503, 16.487014250718687], [82.14978922387981, 16.487306318150107], [82.14933708714578, 16.48717126461112], [82.14979811262802, 16.488467002318014], [82.15281460262378, 16.490191254329655], [82.15311953550308, 16.49149846445669], [82.15433388476788, 16.492794511141522], [82.15509112554136, 16.49364483377253], [82.1579702979283, 16.498348621842457], [82.16487465496868, 16.504409629520808], [82.16558443397481, 16.504947542572157], [82.16713995216321, 16.50682808658406], [82.16841283390382, 16.51029187337751], [82.16807097653322, 16.51796858262243], [82.16909139836856, 16.520746056986106], [82.17136727911485, 16.523212381471204], [82.17367435189526, 16.526436923510918], [82.17514342568546, 16.527630859121967], [82.17803146581592, 16.531319805155572], [82.1828207438201, 16.536534307993453], [82.1841834222323, 16.539055281040834], [82.18756815244349, 16.543246359733754], [82.19230402008029, 16.547746153266853], [82.19869875039323, 16.556622777826846], [82.1990121206513, 16.557536818105532], [82.20001819028028, 16.558495287543444], [82.19980621457461, 16.563256880864454], [82.19814062877444, 16.56431047637449], [82.19763581933174, 16.56475000987286], [82.194916446072, 16.56482744042706], [82.18875312930201, 16.5641496892638], [82.18019115640934, 16.561080307488055], [82.17014542685412, 16.555004236377023], [82.16428453071056, 16.549763841551734], [82.1545594945171, 16.53123823066669], [82.14896144255577, 16.524837291325717], [82.1432290116923, 16.51739372196143], [82.14153539818122, 16.504031616999775], [82.14078256895294, 16.498046313533745], [82.14072600754923, 16.487837034139428], [82.14070961330187, 16.484391310767364], [82.13820162799394, 16.48455830775232], [82.13171706165964, 16.481565955753556], [82.12900842991331, 16.479201555988364], [82.12717747957781, 16.478736929779096], [82.11912227036868, 16.474923746309123], [82.11776642702257, 16.4739380078876], [82.10779186438145, 16.47062959409118], [82.10389687531114, 16.469305615463927], [82.08992183878695, 16.462370211258747], [82.07897758908439, 16.455321959333986], [82.07138934633699, 16.4518241466913], [82.06938109165571, 16.4499424354134], [82.05717034644478, 16.445122452981632], [82.04731075084872, 16.44040108132754], [82.0464096451227, 16.43968024300893], [82.03671530687458, 16.436777005494232], [82.03374866475153, 16.434400962503723], [82.0305200804962, 16.433506813324136], [82.02549026457837, 16.432164684087265], [82.02173396705992, 16.43048484160787], [82.01817114551079, 16.42715718334636], [82.00728942007696, 16.42293641556997], [82.00574596945138, 16.42165759182174], [81.99820141462546, 16.417006474805998], [81.99400501126662, 16.413351121081188], [81.98835558897734, 16.40938423589352], [81.97887769631568, 16.404194254232724], [81.97027622338805, 16.397694250295025], [81.96752822404747, 16.396223423237075], [81.96659983203854, 16.396185702222656], [81.96444360029054, 16.397007501975587], [81.96404457075876, 16.39789472321037], [81.96254483570276, 16.407800707807688], [81.96450253253933, 16.416490571754167], [81.96632990320798, 16.419753698858706], [81.96937379988171, 16.432793074385373], [81.96934884737311, 16.435973857806786], [81.96893875545119, 16.437080721230675], [81.96795368248014, 16.437729198125975], [81.96562720146116, 16.437628020788395], [81.96494158632673, 16.437372211333116], [81.96436491693497, 16.437114932893955], [81.96069387144698, 16.43309270060047], [81.9567833146258, 16.425900078688848], [81.95529248077696, 16.415410153925986], [81.95237637591443, 16.40785250787722], [81.95140253949974, 16.40465327653606], [81.95033819976074, 16.39843950212807], [81.94513857686582, 16.394343995831353], [81.93823166745052, 16.391333357099057], [81.9282156490255, 16.390031291823725], [81.92655932851001, 16.390398126632004], [81.90959764042304, 16.386951990616485], [81.90282405463286, 16.384589096054828], [81.8943922235197, 16.381075460916833], [81.87565378374022, 16.375980810414642], [81.8736018143482, 16.375109344653858], [81.86748654149875, 16.373378421617588], [81.86454437610413, 16.372123006798805], [81.86094921758881, 16.371572646875038], [81.85456893230547, 16.370513885055185], [81.85141111855857, 16.368356298541087], [81.84034208380938, 16.364240359563894], [81.83466634433208, 16.36081661281168], [81.83271853115258, 16.359207722204705], [81.82669462910785, 16.355728682014917], [81.80809122155425, 16.347690892389917], [81.79951561335393, 16.342782746800697], [81.79475963838773, 16.340063561890958], [81.79301932837393, 16.339063853329602], [81.7838672232623, 16.334849566151217], [81.7770604514676, 16.329758704295372], [81.77136898773738, 16.327255812561663], [81.77015938665116, 16.32665147893715], [81.76550874657248, 16.324304833762394], [81.76232262775152, 16.322691788726328], [81.75394590304009, 16.31901462622319], [81.75026983531072, 16.31680656719443], [81.7455222091964, 16.314960681078325], [81.73514320049819, 16.310931842159274], [81.7331869133633, 16.309995772961386], [81.73039648076816, 16.30874975405682], [81.72579347796353, 16.30744291720423], [81.72316711421396, 16.309995676620954], [81.72286781694939, 16.31288181902628], [81.72581667179826, 16.319530523533707], [81.72755002964621, 16.322648514872842], [81.72805811993635, 16.324284886627524], [81.73143794458477, 16.33315341767552], [81.73467324530458, 16.342715927601933], [81.73499373193643, 16.348920940495606], [81.73473111743088, 16.356531034461177], [81.72480649016214, 16.355718937177326], [81.72332864840963, 16.351503447909113], [81.72300615042569, 16.343041474449706], [81.72408758619343, 16.34081515958613], [81.72560931905474, 16.337683656505188], [81.72442825551565, 16.3320440105606], [81.72023330392328, 16.328454696237674], [81.71886520721567, 16.327273887900898], [81.71620968031819, 16.320799661609545], [81.71583888700731, 16.31222002822105], [81.70875389789781, 16.302760006680145]], [[82.18864143672153, 16.727316900148885], [82.2031404140744, 16.719506426188744], [82.21209670542798, 16.71875388410608], [82.22500482229373, 16.720846591904927], [82.23696943646631, 16.715762262913834], [82.25610632079044, 16.70260821725168], [82.26301940659707, 16.700903345465864], [82.27425422413845, 16.701723480176963], [82.28591286898802, 16.704317101696883], [82.29473553928486, 16.708653015344034], [82.30438546656603, 16.717246116155295], [82.30900720725668, 16.72532841740145], [82.3123585967718, 16.734027504584613], [82.3105958336469, 16.74449954977161], [82.30727419506263, 16.751520988014402], [82.30324198197681, 16.75417280885771], [82.29861723403657, 16.752114610186656], [82.29460635135028, 16.745649898087912], [82.29024564229535, 16.733897707201923], [82.273241512523, 16.730502614908605], [82.25449822586891, 16.73006120934105], [82.23658696636035, 16.72826260253225], [82.22997113785205, 16.729387928249203], [82.22430837920612, 16.73626458456748], [82.22051808240509, 16.738976608756747], [82.21955674893353, 16.74229728487191], [82.22931472261666, 16.75588095247651], [82.23134599808279, 16.76135345945362], [82.22720028789254, 16.76268790895057], [82.22065474716598, 16.759222899097274], [82.21675524288032, 16.754711453471803], [82.20632342721062, 16.74747272734219], [82.19828994436911, 16.738212741800133], [82.18987066848022, 16.739093582452103], [82.18417488034248, 16.73610137894131], [82.18864143672153, 16.727316900148885]], [[83.0970546783161, 18.404520927062883], [83.08097660684463, 18.387480135977842], [83.09705467831623, 18.404520927062947], [83.10147119458753, 18.414953162757797], [83.08966718388581, 18.41427874656432], [83.07726379512232, 18.404435391069498], [83.08966718388584, 18.414278746564275], [83.10147119458742, 18.414953162757747], [83.0970546783161, 18.404520927062883]], [[83.07250691943625, 18.368683092502508], [83.07770960765595, 18.35041139409334], [83.07682113986775, 18.346219413830827], [83.0744270500185, 18.342136842509312], [83.07369296357922, 18.33481371980959], [83.07670185669578, 18.323154131915302], [83.07930123905885, 18.317963117344643], [83.08194800282222, 18.317155693833712], [83.0833372425578, 18.317984895209026], [83.08194800282223, 18.31715569383374], [83.07930123905885, 18.317963117344732], [83.07670185669582, 18.323154131915317], [83.07369296357928, 18.334813719809574], [83.07442705001858, 18.342136842509262], [83.07682113986777, 18.346219413830852], [83.077709607656, 18.35041139409327], [83.07250691943625, 18.368683092502522], [83.07243210005407, 18.374030483962827], [83.07497714222022, 18.38112143658607], [83.0749771422202, 18.381121436586056], [83.072432100054, 18.374030483962787], [83.07250691943625, 18.368683092502508]], [[83.08903327263407, 18.32422834130928], [83.08703730682959, 18.320876587820635], [83.08449443067911, 18.318675590959455], [83.08449443067914, 18.31867559095947], [83.08703730682966, 18.320876587820656], [83.08903327263407, 18.32422834130928]], [[83.09590789433403, 18.349911371588075], [83.0980944691826, 18.355295315018573], [83.09590789433395, 18.34991137158812], [83.09586259004101, 18.345646793108415], [83.09420650200491, 18.33712990093312], [83.09318374070455, 18.33413071194452], [83.0942065020049, 18.337129900932986], [83.09586259004108, 18.34564679310836], [83.09590789433403, 18.349911371588075]], [[83.12050398337956, 18.354367392600953], [83.12194986076945, 18.349192903482322], [83.12398959150785, 18.34849842329159], [83.12963672980597, 18.35183136291242], [83.12398959150778, 18.34849842329163], [83.12194986076952, 18.349192903482333], [83.12050398337965, 18.35436739260109], [83.11762823919571, 18.35609546289544], [83.10219295121851, 18.35896184665404], [83.09862208814536, 18.356594456756227], [83.09862208814533, 18.35659445675617], [83.10219295121854, 18.358961846653965], [83.11762823919567, 18.356095462895347], [83.12050398337956, 18.354367392600953]], [[83.1450821083532, 18.346272921535768], [83.14757344717921, 18.34463647860097], [83.14508210835328, 18.346272921535785], [83.1384857414796, 18.349094285180513], [83.13597971080685, 18.351213875610995], [83.13143141052393, 18.35289058302635], [83.13143141052383, 18.35289058302629], [83.13597971080672, 18.35121387561101], [83.13848574147953, 18.349094285180488], [83.1450821083532, 18.346272921535768]], [[83.15799484456016, 18.3381471028423], [83.15579035021337, 18.340501671262746], [83.15799484456012, 18.338147102842246], [83.15846800165752, 18.33764429652692], [83.15799484456016, 18.3381471028423]], [[83.16701316292294, 18.31114115246826], [83.17289434855937, 18.309453087346117], [83.18251721966006, 18.3145109750873], [83.21292824385985, 18.333348959765747], [83.22162725420283, 18.33619554728296], [83.2270890297165, 18.334223190510926], [83.2282057200459, 18.330921645651827], [83.22820572004593, 18.33092164565187], [83.22708902971658, 18.334223190510897], [83.22162725420276, 18.336195547283012], [83.21292824385995, 18.33334895976583], [83.1825172196601, 18.31451097508733], [83.17289434855945, 18.309453087346185], [83.16701316292301, 18.311141152468338], [83.16412241785815, 18.318087383359114], [83.16095045057733, 18.332089162321893], [83.15956969119084, 18.33531160639102], [83.16095045057727, 18.332089162321857], [83.16412241785815, 18.318087383359043], [83.16701316292294, 18.31114115246826]], [[83.22561966311201, 18.325825214625524], [83.22682765638054, 18.328205848358888], [83.22561966311193, 18.32582521462545], [83.22408852513118, 18.324010399331307], [83.22561966311201, 18.325825214625524]], [[83.2188722846831, 18.307172636875663], [83.21942594454809, 18.304654081516265], [83.21887228468324, 18.307172636875578], [83.21929024841069, 18.312800250861812], [83.22299987144679, 18.32272004837582], [83.22299987144673, 18.322720048375754], [83.21929024841062, 18.312800250861827], [83.2188722846831, 18.307172636875663]], [[83.23560420495012, 18.288876204845337], [83.2446156606788, 18.28625896094515], [83.25114023583207, 18.282865932556216], [83.25894408629176, 18.280370735380338], [83.26846443875769, 18.27502574708502], [83.27030244554804, 18.26881732773787], [83.26846443875775, 18.275025747085124], [83.25894408629188, 18.280370735380416], [83.25114023583217, 18.282865932556263], [83.24461566067879, 18.28625896094519], [83.23560420495016, 18.288876204845337], [83.22771334449817, 18.29398627550654], [83.22323565707393, 18.29788396346754], [83.22143194970259, 18.30081879709648], [83.22323565707393, 18.29788396346751], [83.22771334449818, 18.29398627550651], [83.23560420495012, 18.288876204845337]], [[83.27197844948249, 18.231777053167214], [83.2740365984217, 18.225036022074885], [83.27356562801405, 18.221061402150557], [83.27186155924866, 18.217025247539176], [83.27356562801418, 18.221061402150553], [83.27403659842173, 18.22503602207496], [83.27197844948262, 18.231777053167207], [83.26989305738897, 18.238589845712966], [83.27173741345365, 18.260167438501753], [83.27154431797851, 18.261932564861976], [83.27173741345364, 18.260167438501764], [83.26989305738886, 18.238589845712973], [83.27197844948249, 18.231777053167214]], [[83.25948469356229, 18.226381099167497], [83.25990391393289, 18.22587772614469], [83.25948469356224, 18.226381099167554], [83.25692736950909, 18.226633685684106], [83.25948469356229, 18.226381099167497]], [[83.25048828812959, 18.211556698489858], [83.24941150593446, 18.22479897394485], [83.24941150593435, 18.224798973944797], [83.25048828812959, 18.211556698489847], [83.25048828812959, 18.211556698489858]], [[83.24928932365754, 18.20661685709257], [83.25025538013246, 18.21059709660609], [83.24928932365748, 18.206616857092527], [83.24821662217862, 18.204476343915154], [83.24928932365754, 18.20661685709257]], [[83.24477156727421, 18.200036342153098], [83.24350370098976, 18.19910000084812], [83.24350370098983, 18.19910000084809], [83.24477156727421, 18.200036342153098]], [[83.21961188152943, 18.196659201486117], [83.22008853529388, 18.205109258111463], [83.22243357347634, 18.210666292283975], [83.22468638794865, 18.211229445824863], [83.2224335734763, 18.21066629228402], [83.22008853529385, 18.205109258111452], [83.21961188152943, 18.196659201486117]], [[83.21910994033678, 18.19312811223393], [83.21843996501282, 18.19034295521334], [83.21843996501286, 18.19034295521334], [83.21910994033678, 18.19312811223393]], [[83.2139607255548, 18.19020168640779], [83.21242373070862, 18.190153211788825], [83.21242373070868, 18.19015321178881], [83.2139607255548, 18.19020168640779]], [[83.1913215180196, 18.20810563728662], [83.19246759082604, 18.20627042467546], [83.19132151801968, 18.208105637286582], [83.18917206402055, 18.215248285330887], [83.1913215180196, 18.20810563728662]], [[83.13784944202892, 18.24872558073671], [83.14886963039882, 18.23661093067759], [83.15314600156123, 18.230672645519114], [83.15557250815837, 18.22588360676307], [83.1552191770582, 18.220431837028517], [83.15293950474815, 18.21544697798506], [83.15521917705826, 18.22043183702857], [83.15557250815846, 18.22588360676309], [83.1531460015612, 18.230672645519235], [83.14886963039896, 18.236610930677557], [83.13784944202894, 18.248725580736732], [83.13568221627366, 18.254593559295927], [83.13784513184004, 18.260481804129913], [83.13784513183998, 18.260481804129917], [83.13568221627364, 18.254593559295927], [83.13784944202892, 18.24872558073671]], [[83.16262303564717, 18.188740286516428], [83.16318679156241, 18.18498400989301], [83.16262303564724, 18.18874028651635], [83.151592526623, 18.206137959228954], [83.15122859525462, 18.21170580754416], [83.15122859525462, 18.211705807544153], [83.15159252662299, 18.206137959228872], [83.16262303564717, 18.188740286516428]], [[83.15977321809248, 18.179951433154827], [83.16335730723353, 18.18384787275977], [83.16335730723353, 18.183847872759777], [83.15977321809237, 18.179951433154898], [83.15371328808361, 18.177281209319474], [83.15977321809248, 18.179951433154827]], [[83.13137819703718, 18.17853991917997], [83.13547726650583, 18.177778268764797], [83.13137819703721, 18.178539919179986], [83.13032625558603, 18.18034979048848], [83.13137819703718, 18.17853991917997]], [[83.12913174885398, 18.20367023259348], [83.12882096298938, 18.20232346482214], [83.129131748854, 18.20367023259346], [83.1290376299639, 18.204460034840675], [83.12913174885398, 18.20367023259348]], [[83.10638764037, 18.22210255985248], [83.10812345897324, 18.222718602976556], [83.11264018803912, 18.222345880187397], [83.11264018803911, 18.222345880187405], [83.10812345897324, 18.22271860297663], [83.10638764037, 18.22210255985248]], [[83.11343047194818, 18.18348033256888], [83.11386929354704, 18.178599068111403], [83.11386929354705, 18.178599068111453], [83.11343047194828, 18.183480332568934], [83.11213846073667, 18.18735937614474], [83.10256390969755, 18.206164616126102], [83.10120104112175, 18.210763885973257], [83.1025639096975, 18.206164616125964], [83.11213846073662, 18.18735937614464], [83.11343047194818, 18.18348033256888]], [[83.11322998143004, 18.174396357607577], [83.11378273281534, 18.17803003510435], [83.11322998142991, 18.1743963576076], [83.10821897871098, 18.160976071959578], [83.11322998143004, 18.174396357607577]], [[83.11108216037526, 18.15388177492639], [83.10835994431284, 18.1535742894726], [83.10741461617478, 18.156258230859194], [83.10741461617478, 18.156258230859187], [83.10835994431275, 18.153574289472488], [83.11108216037526, 18.15388177492639]], [[83.13354726781915, 18.166200526043042], [83.13236688367705, 18.165684138810615], [83.13354726781904, 18.166200526042967], [83.13876181494362, 18.166734399723993], [83.13354726781915, 18.166200526043042]], [[83.15244583229833, 18.154263234135534], [83.15173679539724, 18.153578863214722], [83.15244583229838, 18.154263234135556], [83.15492790433586, 18.163165114339904], [83.15254771904347, 18.16517168015207], [83.14171720615653, 18.166944721940816], [83.15254771904335, 18.165171680151932], [83.15492790433574, 18.163165114339847], [83.15244583229833, 18.154263234135534]], [[83.14005242780388, 18.147299281744267], [83.14336925475236, 18.148670149285596], [83.14005242780377, 18.147299281744292], [83.13558255181933, 18.1466753947235], [83.14005242780388, 18.147299281744267]], [[83.12299752055549, 18.14359700866129], [83.12523065315054, 18.14460709105066], [83.12299752055546, 18.143597008661356], [83.12089480637746, 18.141104549899204], [83.12299752055549, 18.14359700866129]], [[83.114576635439, 18.136381758858874], [83.11705797182228, 18.137680708509777], [83.11457663543887, 18.136381758858903], [83.10802281858773, 18.134751332321695], [83.114576635439, 18.136381758858874]], [[83.10291037698919, 18.107536414152023], [83.1029103769892, 18.107536414152094], [83.09806469071742, 18.116372567219287], [83.09778908910869, 18.120234270696983], [83.10098568133554, 18.131476760593408], [83.09778908910857, 18.120234270696997], [83.09806469071735, 18.116372567219187], [83.10291037698919, 18.107536414152023]], [[83.1017286511437, 18.103198322714668], [83.1010019730797, 18.101701162103883], [83.1010019730798, 18.10170116210395], [83.1017286511437, 18.103198322714668]], [[83.05784097006537, 18.08690072997853], [83.05490194521683, 18.079064711513006], [83.05490194521684, 18.079064711513013], [83.05784097006537, 18.08690072997853]], [[83.0438660540901, 18.07079311322305], [83.0459513460176, 18.073308484303993], [83.052051633124, 18.07640055079696], [83.05308029412899, 18.07736203085612], [83.05205163312397, 18.07640055079697], [83.04595134601747, 18.073308484303933], [83.0438660540901, 18.07079311322305]], [[83.0347819520839, 18.05307174122413], [83.03585482316397, 18.055298132786465], [83.03478195208389, 18.053071741224116], [83.03405324810318, 18.052228985220463], [83.0347819520839, 18.05307174122413]], [[83.00001433501268, 18.00008303864677], [83.00294187161465, 17.990420041355623], [83.00294187161467, 17.99042004135572], [83.00001433501274, 18.00008303864672], [83.01006864817572, 18.02489065469439], [83.01506273968533, 18.032648070105893], [83.02450528905153, 18.041880296299315], [83.01506273968526, 18.032648070105896], [83.01006864817559, 18.02489065469431], [83.00001433501268, 18.00008303864677]], [[83.01837657073412, 17.964513176338126], [83.02856385082876, 17.964927296545905], [83.0363270891704, 17.961914016465833], [83.04644447726119, 17.957411282637022], [83.03632708917047, 17.961914016465812], [83.02856385082868, 17.964927296546023], [83.01837657073418, 17.964513176338187], [83.00928318787237, 17.968471700372106], [83.00190406028764, 17.981032895020064], [83.00282052638492, 17.989322457046306], [83.00190406028753, 17.98103289502003], [83.00928318787237, 17.96847170037197], [83.01837657073412, 17.964513176338126]], [[83.07934854655818, 17.939543801788705], [83.08638138750645, 17.93506504466883], [83.10509764214163, 17.931625655512146], [83.11208219283841, 17.916086132712973], [83.10509764214169, 17.931625655512278], [83.08638138750649, 17.935065044668875], [83.07934854655832, 17.939543801788716], [83.07189225363902, 17.940797376724845], [83.06149629529222, 17.947573032890375], [83.05393936230799, 17.953619034236834], [83.06149629529216, 17.947573032890354], [83.07189225363896, 17.940797376724834], [83.07934854655818, 17.939543801788705]], [[83.11944255784317, 17.908375475881655], [83.11496897628462, 17.912905937894806], [83.1194425578432, 17.908375475881556], [83.1209151457957, 17.90594201988133], [83.11944255784317, 17.908375475881655]], [[83.12541905882762, 17.89253037735574], [83.12498205138462, 17.89474476165269], [83.12541905882759, 17.892530377355754], [83.12504526160842, 17.88880148422169], [83.12541905882762, 17.89253037735574]], [[83.13746087129044, 17.86995547032723], [83.13317977871338, 17.870925496562734], [83.12414613682955, 17.87002454291826], [83.12601211967232, 17.875255383259585], [83.12414613682951, 17.87002454291821], [83.1331797787133, 17.87092549656272], [83.13746087129044, 17.86995547032723]], [[83.14429475904166, 17.843862144459592], [83.13875045164076, 17.869663272307662], [83.13875045164063, 17.86966327230769], [83.14429475904153, 17.843862144459536], [83.14909505467006, 17.836981284408175], [83.14429475904166, 17.843862144459592]], [[83.15595467935492, 17.83006115939008], [83.14916143099846, 17.836886138970947], [83.1491614309985, 17.836886138970875], [83.15595467935496, 17.830061159389956], [83.15595467935492, 17.83006115939008]], [[83.1555811156449, 17.831274452620107], [83.15567449799272, 17.830971157178563], [83.15558111564494, 17.831274452620097], [83.1560125893308, 17.83281005616973], [83.1555811156449, 17.831274452620107]], [[83.16056703507263, 17.840463541761835], [83.16018709533782, 17.839994426361717], [83.1605670350726, 17.840463541761785], [83.16243193057474, 17.841599170261027], [83.16056703507263, 17.840463541761835]], [[83.19273052162548, 17.84596954740288], [83.20021281025315, 17.844661260730625], [83.2038814059634, 17.854858572622756], [83.20412308991905, 17.856678970174404], [83.20388140596339, 17.854858572622845], [83.2002128102531, 17.844661260730675], [83.19273052162549, 17.845969547402944], [83.18572687258506, 17.84627265091484], [83.17221837896273, 17.845510526640226], [83.1678651022581, 17.844294405768586], [83.17221837896275, 17.845510526640176], [83.18572687258494, 17.846272650914795], [83.19273052162548, 17.84596954740288]], [[83.21183831316011, 17.872261008673263], [83.21083017514731, 17.87188646914527], [83.21183831316009, 17.872261008673245], [83.2165719064404, 17.870262409050188], [83.21183831316011, 17.872261008673263]], [[83.22250424081572, 17.869152635215325], [83.23087092218833, 17.868922540647045], [83.2308709221883, 17.868922540647134], [83.22250424081572, 17.869152635215325]], [[83.22921618922716, 17.87517817806492], [83.22940819340478, 17.87644809036411], [83.22921618922715, 17.87517817806497], [83.22921618922716, 17.87517817806492]], [[83.24028050612291, 17.9023771366888], [83.24719343693414, 17.906689853477946], [83.24028050612293, 17.902377136688813], [83.24028050612291, 17.9023771366888]], [[83.22970538263884, 17.93938989328373], [83.23047398947863, 17.940636240350134], [83.22970538263883, 17.93938989328376], [83.22970538263884, 17.93938989328373]], [[83.28172822052026, 17.970703840179972], [83.2970314355218, 17.97741679325521], [83.28172822052028, 17.970703840180022], [83.251895979457, 17.953436212304155], [83.24221100663328, 17.948623796119136], [83.23907415635688, 17.94747710297064], [83.24221100663314, 17.948623796119065], [83.25189597945695, 17.95343621230411], [83.28172822052026, 17.970703840179972]], [[83.32386524787171, 18.031268986406758], [83.31945674180025, 18.026744724621405], [83.3238652478717, 18.03126898640666], [83.32940499247263, 18.03514755857514], [83.32386524787171, 18.031268986406758]], [[83.34480664312798, 18.045141957115504], [83.33699458786998, 18.044177653035547], [83.33699458786994, 18.044177653035494], [83.3448066431279, 18.045141957115412], [83.3493318854848, 18.047123017548294], [83.34480664312798, 18.045141957115504]], [[83.37308507797265, 18.053922525531398], [83.36506947423271, 18.056231269256784], [83.35913183947906, 18.056275102861605], [83.3573669271757, 18.055027557523072], [83.359131839479, 18.056275102861484], [83.36506947423266, 18.056231269256724], [83.37308507797265, 18.053922525531398]], [[83.40829781969518, 18.04442893141194], [83.40890657384398, 18.038748314032997], [83.40890657384398, 18.038748314033], [83.40829781969524, 18.04442893141197], [83.40525483234887, 18.047859817172707], [83.39741952821089, 18.051894154476372], [83.38586319713345, 18.052122948648773], [83.3974195282109, 18.051894154476262], [83.40525483234887, 18.047859817172696], [83.40829781969518, 18.04442893141194]], [[83.41185372576463, 18.015455209099535], [83.41766965265106, 18.006335019022615], [83.417298353322, 18.00114046974964], [83.41781033903071, 17.99298698546551], [83.416899008912, 17.987969141222145], [83.41781033903084, 17.99298698546562], [83.41729835332205, 18.00114046974977], [83.41766965265111, 18.00633501902263], [83.41185372576473, 18.01545520909957], [83.40737023150177, 18.019118779932057], [83.40615742802419, 18.02497823756954], [83.4088102921037, 18.038266052627957], [83.40615742802414, 18.024978237569524], [83.40737023150177, 18.01911877993197], [83.41185372576463, 18.015455209099535]], [[83.3987605003563, 17.955565815640664], [83.39951315964817, 17.959156277906345], [83.39922753316233, 17.96853479024162], [83.40113032857433, 17.970838497801324], [83.39922753316223, 17.968534790241527], [83.39951315964811, 17.959156277906338], [83.3987605003563, 17.955565815640664]], [[83.39355744717602, 17.947086863026357], [83.3958996129609, 17.950667247503578], [83.39355744717604, 17.947086863026428], [83.38845566184186, 17.94433967344279], [83.39355744717602, 17.947086863026357]], [[83.38720226857201, 17.943664751095106], [83.38720226857197, 17.94366475109508], [83.38368546118147, 17.937269618571108], [83.38720226857201, 17.943664751095106]], [[83.39901981438692, 17.90387664986762], [83.4050718252824, 17.904075935511464], [83.4050718252824, 17.904075935511514], [83.39901981438703, 17.903876649867698], [83.3895568897662, 17.90930871439724], [83.38421415910369, 17.912961004365513], [83.38166739054608, 17.917168289145817], [83.38421415910372, 17.912961004365396], [83.38955688976618, 17.90930871439716], [83.39901981438692, 17.90387664986762]], [[83.42280141482047, 17.935169570529485], [83.41898249980352, 17.928899047519565], [83.41379087050319, 17.925089030931474], [83.40595006153188, 17.922167596318843], [83.40595006153185, 17.922167596318783], [83.41379087050318, 17.925089030931407], [83.4189824998035, 17.928899047519426], [83.42280141482047, 17.935169570529485]], [[83.42868966829496, 17.94115934912213], [83.4284491543689, 17.940938595267756], [83.42868966829485, 17.941159349122024], [83.43132889157934, 17.941385167139497], [83.42868966829496, 17.94115934912213]], [[83.45816520750436, 17.93269332438503], [83.46284563827628, 17.9346126383923], [83.45816520750435, 17.93269332438507], [83.45342507600924, 17.93160366449098], [83.43910131782059, 17.939848414376115], [83.43682558360233, 17.940546534193206], [83.4391013178205, 17.93984841437608], [83.45342507600911, 17.93160366449092], [83.45816520750436, 17.93269332438503]], [[83.78208737219929, 18.90207833106308], [83.78360421712779, 18.898973452980215], [83.78466595995576, 18.897891319794425], [83.78360421712782, 18.898973452980197], [83.78208737219929, 18.90207833106308]], [[83.82272888398381, 18.85413493929798], [83.82273591253515, 18.85240555266836], [83.82272888398383, 18.85413493929794], [83.82188469339951, 18.858522494786165], [83.81963403223564, 18.8619547956679], [83.80629360743114, 18.8720883242243], [83.79886302570702, 18.879431387305914], [83.80629360743109, 18.87208832422425], [83.81963403223557, 18.861954795667884], [83.82188469339951, 18.858522494786143], [83.82272888398381, 18.85413493929798]], [[83.80628012136398, 18.826418351580877], [83.79970330364807, 18.825880937135935], [83.78418167887689, 18.826752084366632], [83.79970330364795, 18.825880937135796], [83.80628012136398, 18.826418351580877]], [[83.77039784181929, 18.82439749165858], [83.77513695991497, 18.826112802707318], [83.77580691040582, 18.826162925717085], [83.7751369599149, 18.826112802707314], [83.77039784181926, 18.824397491658715], [83.76698174055987, 18.82141149585205], [83.77039784181929, 18.82439749165858]], [[83.75174507382992, 18.777849063144846], [83.75576489540633, 18.789575843845423], [83.75628123513927, 18.794683303335127], [83.75576489540629, 18.789575843845512], [83.75174507382991, 18.777849063144856], [83.74966303612374, 18.77607287106686], [83.75174507382992, 18.777849063144846]], [[83.70290083190422, 18.79431029209406], [83.71038143974887, 18.79075111811535], [83.72905498099503, 18.783192034684145], [83.73787274533592, 18.778627178665815], [83.74821022740414, 18.77483347596325], [83.74821022740421, 18.77483347596331], [83.737872745336, 18.778627178665886], [83.72905498099504, 18.78319203468419], [83.71038143974897, 18.790751118115395], [83.70290083190422, 18.79431029209406]], [[83.67838355924637, 18.806048478938454], [83.6849985753588, 18.804001833579274], [83.69237914679175, 18.799827414868087], [83.68499857535886, 18.80400183357932], [83.67838355924641, 18.806048478938465], [83.67832813909976, 18.806035193807865], [83.67838355924637, 18.806048478938454]], [[83.64045372528061, 18.77551708432193], [83.64732606700015, 18.77978168291466], [83.64817853816977, 18.780477233076986], [83.64732606700017, 18.779781682914688], [83.64045372528062, 18.77551708432202], [83.63727642939705, 18.774016360774223], [83.64045372528061, 18.77551708432193]], [[83.58507329328658, 18.75479481370061], [83.61516384409684, 18.76624378688516], [83.62114407351733, 18.768136615327283], [83.61516384409691, 18.76624378688524], [83.5850732932866, 18.75479481370064], [83.58471374686933, 18.754285045438728], [83.58507329328658, 18.75479481370061]], [[83.57198205529583, 18.739956252021297], [83.55796324453547, 18.733992640529607], [83.5579632445354, 18.733992640529568], [83.57198205529579, 18.739956252021262], [83.57198205529583, 18.739956252021297]], [[83.53538524905463, 18.718151700852438], [83.5433154969821, 18.7249609178379], [83.55115492175207, 18.73012660554615], [83.55774536136441, 18.73386891784659], [83.55115492175207, 18.730126605546218], [83.54331549698207, 18.724960917837905], [83.53538524905463, 18.718151700852445], [83.53538524905463, 18.718151700852438]], [[83.52587199714429, 18.69964013028732], [83.52587199714432, 18.699640130287268], [83.52633095041253, 18.701502450121748], [83.52587199714429, 18.69964013028732]], [[83.54258082083729, 18.632894866315663], [83.54251873751164, 18.647328766599003], [83.54339541869912, 18.654745599861155], [83.54251873751161, 18.64732876659906], [83.54258082083726, 18.632894866315723], [83.54233972621586, 18.630104027365686], [83.54258082083729, 18.632894866315663]], [[83.53872388984674, 18.613830577213296], [83.5381241691025, 18.61247097087397], [83.53610006667729, 18.60969618147409], [83.53812416910252, 18.61247097087393], [83.53872388984674, 18.613830577213296]], [[83.53334064140276, 18.605913357094277], [83.52403586759846, 18.598889980957665], [83.52403586759846, 18.598889980957658], [83.53334064140276, 18.60591335709427], [83.53334064140276, 18.605913357094277]], [[83.52107352594915, 18.593286700760835], [83.5230984480178, 18.59711684835037], [83.52107352594913, 18.59328670076087], [83.52307254596246, 18.578495819636547], [83.52307254596246, 18.578495819636554], [83.52107352594915, 18.593286700760835]], [[83.51983812251677, 18.564876200593687], [83.51983812251677, 18.564876200593602], [83.52135817728677, 18.569391673925292], [83.51983812251677, 18.564876200593687]], [[83.55255911311548, 18.563535376878587], [83.54883990104153, 18.559529564295946], [83.54129302125655, 18.5490196889936], [83.53815308238326, 18.5480176636465], [83.54129302125654, 18.549019688993553], [83.54883990104162, 18.55952956429587], [83.5525591131155, 18.5635353768786], [83.55255911311548, 18.563535376878587]], [[83.56129271176917, 18.56737900604805], [83.56129271176914, 18.567379006048057], [83.55890771492572, 18.566329376473814], [83.56129271176917, 18.56737900604805]], [[83.6095090635896, 18.560550981759214], [83.60627313087177, 18.562063934967988], [83.60298756405606, 18.561846889346782], [83.60627313087173, 18.562063934967966], [83.6095090635896, 18.560550981759206], [83.60951061665202, 18.56052143520099], [83.6095090635896, 18.560550981759214]], [[83.60848884979816, 18.53524425950634], [83.60792844156754, 18.52982437143055], [83.60841188807164, 18.526727041671155], [83.60792844156758, 18.529824371430525], [83.60848884979816, 18.53524425950634]], [[83.56931934896755, 18.507296268155642], [83.56931934896754, 18.50729626815564], [83.58452897641274, 18.508820428945768], [83.59396562297651, 18.511353137940137], [83.60213721189419, 18.514585954418187], [83.60949205091275, 18.519806688571933], [83.60949205091275, 18.519806688571975], [83.60213721189416, 18.514585954418237], [83.59396562297661, 18.51135313794026], [83.58452897641274, 18.50882042894591], [83.56931934896755, 18.507296268155642]], [[83.589536883772, 18.459490129384257], [83.59342560058303, 18.462022506627974], [83.59342560058303, 18.46202250662799], [83.589536883772, 18.459490129384257]], [[83.58573714519706, 18.45738039396208], [83.58680064805459, 18.457708261122587], [83.5868006480546, 18.457708261122594], [83.58573714519706, 18.45738039396208]], [[83.56832754750283, 18.44984297568864], [83.56890502688036, 18.450486887079787], [83.5683275475028, 18.449842975688625], [83.56725702464081, 18.446276694078335], [83.56725702464084, 18.446276694078303], [83.56832754750283, 18.44984297568864]], [[83.56674652170317, 18.43131315904487], [83.55972926750599, 18.431222974787488], [83.55617083246868, 18.430683105113527], [83.55972926750601, 18.431222974787463], [83.56674652170317, 18.43131315904487]], [[83.55378532420171, 18.435441235160166], [83.5558455653832, 18.4334085202409], [83.55456821490941, 18.431092748037724], [83.55378796513587, 18.429395804431948], [83.55511092729402, 18.430200640303347], [83.55378796513594, 18.429395804432033], [83.55456821490952, 18.43109274803777], [83.55584556538327, 18.433408520240903], [83.55378532420171, 18.435441235160166]], [[83.55076177573707, 18.437495683594097], [83.55185601341641, 18.438505066813867], [83.55282477138412, 18.43823856125495], [83.55327068520455, 18.436922692143238], [83.55314243417266, 18.43631611450189], [83.55327068520467, 18.436922692143355], [83.55282477138411, 18.43823856125499], [83.5518560134164, 18.438505066813946], [83.55076177573707, 18.437495683594097]], [[83.55021534746636, 18.436991629001863], [83.55021534746642, 18.436991629001913], [83.54889115618738, 18.43708770120702], [83.5478495841353, 18.437320022223748], [83.54889115618734, 18.437087701206956], [83.55021534746636, 18.436991629001863]], [[83.54570302756595, 18.43801325881694], [83.5436560193192, 18.43889484550681], [83.54159815059032, 18.43967177982924], [83.54365601931916, 18.438894845506677], [83.54570302756595, 18.43801325881694]], [[83.53870332992102, 18.441394618213508], [83.53870332992098, 18.441394618213522], [83.53902130713385, 18.441160381547178], [83.53870332992102, 18.441394618213508]], [[83.5366520850972, 18.44199427881058], [83.53840933030861, 18.441480566015098], [83.53665208509727, 18.441994278810625], [83.5356272998722, 18.442326211554985], [83.5356272998721, 18.442326211554953], [83.5366520850972, 18.44199427881058]], [[83.53269610952543, 18.43951777596753], [83.53172058059664, 18.43743991079225], [83.53149067014695, 18.436351230542904], [83.53172058059671, 18.43743991079222], [83.53269610952543, 18.43951777596753]], [[83.52970969467331, 18.43298531818851], [83.52970969467334, 18.432985318188503], [83.53012112934356, 18.433507409229158], [83.52970969467331, 18.43298531818851]], [[83.51416935709614, 18.43812719561879], [83.5106822571588, 18.439336417487766], [83.51068225715879, 18.439336417487752], [83.51416935709616, 18.438127195618755], [83.51715565182425, 18.435418231493756], [83.52238166214204, 18.434355427845986], [83.5258643748116, 18.43372178269025], [83.52813613589639, 18.433286689783664], [83.52586437481165, 18.433721782690327], [83.5223816621421, 18.434355427846015], [83.51715565182428, 18.43541823149377], [83.51416935709614, 18.43812719561879]], [[83.49692553567951, 18.435669517395183], [83.49249772874526, 18.435824826566773], [83.48946816358546, 18.4374424563066], [83.48675001955633, 18.438653633116303], [83.48300095478072, 18.440891385464738], [83.48027445015936, 18.44234113559213], [83.48017983896312, 18.442029866280183], [83.48027445015936, 18.442341135592088], [83.4830009547806, 18.44089138546467], [83.48675001955627, 18.438653633116317], [83.4894681635854, 18.437442456306535], [83.49249772874518, 18.435824826566755], [83.49692553567951, 18.435669517395137], [83.49967312644515, 18.43559522518158], [83.50304910285841, 18.434735255736935], [83.50658626107075, 18.434158086163386], [83.5085935916096, 18.436300038995213], [83.50658626107071, 18.434158086163507], [83.50304910285854, 18.43473525573694], [83.49967312644526, 18.4355952251816], [83.49692553567951, 18.435669517395183]], [[83.46365651168446, 18.438791329937033], [83.46028056779289, 18.440228431145727], [83.45682987625719, 18.442125923556205], [83.45452851407174, 18.443294612613894], [83.45452851407175, 18.443294612613762], [83.45682987625715, 18.442125923556077], [83.46028056779276, 18.44022843114572], [83.46365651168432, 18.438791329936958], [83.46829068134863, 18.437315424355337], [83.47241129566478, 18.437732349734542], [83.47623920263365, 18.437795914703173], [83.47648176123043, 18.437965143508464], [83.47623920263368, 18.4377959147032], [83.47241129566487, 18.43773234973463], [83.4682906813486, 18.43731542435546], [83.46365651168446, 18.438791329937033]], [[83.45452851407174, 18.443294612613897], [83.45450992430183, 18.443595105828596], [83.45452851407174, 18.443294612613894], [83.45452851407174, 18.443294612613897]], [[83.45436210488202, 18.445984523925915], [83.45209860803129, 18.44806981073401], [83.44940560872328, 18.44803178480106], [83.44800887803535, 18.44605508561841], [83.44732802156962, 18.44422065365089], [83.4480088780354, 18.446055085618323], [83.4494056087233, 18.448031784801042], [83.45209860803126, 18.44806981073399], [83.45436210488198, 18.44598452392585], [83.45450992430183, 18.443595105828596], [83.45436210488202, 18.445984523925915]], [[83.43479610901501, 18.4425600233222], [83.4390372979495, 18.442803069512628], [83.44190592478901, 18.443133026513554], [83.44404694677291, 18.442730483656046], [83.44190592478913, 18.443133026513692], [83.4390372979496, 18.442803069512763], [83.434796109015, 18.4425600233223], [83.43479610901501, 18.4425600233222]], [[83.43146771299709, 18.43532723715679], [83.43431931561433, 18.437554167711106], [83.43146771299718, 18.435327237156912], [83.42747210516893, 18.431697344202178], [83.42747210516886, 18.431697344202103], [83.43146771299709, 18.43532723715679]], [[83.42739457010951, 18.43160628147871], [83.42747210516886, 18.431697344202096], [83.42747210516886, 18.431697344202103], [83.42739457010951, 18.43160628147871]], [[83.42360736093121, 18.427158311944936], [83.4186095411456, 18.422656927917615], [83.41860954114559, 18.42265692791759], [83.42360736093117, 18.4271583119448], [83.42739457010951, 18.43160628147871], [83.42360736093121, 18.427158311944936]], [[83.41419181461754, 18.41543319062481], [83.41419181461754, 18.415433190624807], [83.41427390559464, 18.415591893289875], [83.41419181461754, 18.41543319062481]], [[83.43270052310162, 18.398862817040467], [83.43326136480414, 18.398841279762337], [83.43510263081677, 18.40014981084977], [83.43326136480414, 18.398841279762358], [83.43270052310162, 18.398862817040467]], [[83.4370409127755, 18.401270104142416], [83.43960301225627, 18.402163844503377], [83.44017829834016, 18.40231407083315], [83.43960301225633, 18.40216384450345], [83.4370409127755, 18.401270104142416]], [[83.44241870757716, 18.392742329978187], [83.44235516254355, 18.39290915850419], [83.44235516254354, 18.392909158504207], [83.44241870757716, 18.392742329978187]], [[83.44525197604487, 18.38537820822313], [83.44525197604487, 18.385378208223145], [83.4427223248016, 18.38303820982901], [83.44090306610788, 18.382577600964396], [83.44272232480158, 18.38303820982892], [83.44525197604487, 18.38537820822313]], [[83.43439383380242, 18.380716249586055], [83.43587013123263, 18.3818928923705], [83.4358701312326, 18.3818928923705], [83.43439383380235, 18.3807162495861], [83.43408674133859, 18.379711558213295], [83.43439383380242, 18.380716249586055]], [[83.43333789767854, 18.37894475429746], [83.43405831769213, 18.379618566701822], [83.43405831769216, 18.379618566701925], [83.43333789767854, 18.37894475429746]], [[83.43114468546555, 18.378601488808695], [83.43294096167747, 18.37857349809106], [83.43294096167752, 18.3785734980911], [83.43114468546565, 18.378601488808727], [83.42892623677335, 18.378841172440445], [83.42892623677332, 18.378841172440413], [83.43114468546555, 18.378601488808695]], [[83.42862531217071, 18.37841215117865], [83.4279938790504, 18.37751193155009], [83.42744189891353, 18.37633971486891], [83.42799387905045, 18.377511931549947], [83.42862531217071, 18.37841215117865]], [[83.42856460116775, 18.372413927370484], [83.42935021447255, 18.372482841294016], [83.42976605022233, 18.37231020552732], [83.42935021447244, 18.372482841294065], [83.42856460116775, 18.372413927370484]], [[83.43262111901058, 18.370415116167937], [83.43262216520884, 18.370413674107624], [83.4327605924386, 18.36897303585157], [83.43262216520887, 18.370413674107585], [83.43262111901058, 18.370415116167937]], [[83.42976956535331, 18.3495528749043], [83.42981138991348, 18.349117616174], [83.43015028882235, 18.346927179279344], [83.4298113899135, 18.34911761617394], [83.42976956535331, 18.3495528749043]], [[83.4303516137084, 18.34562593738475], [83.4303516137084, 18.345625937384753], [83.43015028882235, 18.346927179279344], [83.4303516137084, 18.34562593738475]], [[83.43035161370841, 18.345625937384682], [83.43071493276173, 18.345152775219788], [83.4303516137084, 18.34562593738475], [83.43035161370841, 18.345625937384682]], [[83.43152783874723, 18.3440941014386], [83.43293049982442, 18.344079889789857], [83.43152783874717, 18.344094101438667], [83.43152783874723, 18.3440941014386]], [[83.43955450967904, 18.341456889127805], [83.4399224583637, 18.339701661551942], [83.43967406220719, 18.33912674902753], [83.43992245836377, 18.33970166155202], [83.43955450967904, 18.341456889127805]], [[83.43769061054276, 18.330854822757157], [83.43876879383977, 18.33158702082933], [83.43876879383977, 18.331587020829346], [83.43769061054276, 18.330854822757157]], [[83.43711669089673, 18.330465071905355], [83.43711669089679, 18.330465071905394], [83.43501889993564, 18.330321293326506], [83.43489682675698, 18.33027453469072], [83.43501889993554, 18.330321293326463], [83.43711669089673, 18.330465071905355]], [[83.43175652072193, 18.326133885142553], [83.43175652072193, 18.326133885142525], [83.432143551815, 18.327114569457372], [83.43175652072193, 18.326133885142553]], [[83.4544268889625, 18.315868275632745], [83.45615452028903, 18.315833558405927], [83.45694169302604, 18.314322139658106], [83.4561545202891, 18.31583355840598], [83.4544268889625, 18.315868275632745]], [[83.49148797339217, 18.289426628916488], [83.49374348914617, 18.29258786769367], [83.4914879733921, 18.289426628916466], [83.49148797339217, 18.289426628916488]], [[83.50991307185757, 18.29132153704643], [83.51362366854366, 18.289732273701876], [83.50991307185753, 18.291321537046453], [83.50991307185757, 18.29132153704643]], [[83.52546598035474, 18.287666587134485], [83.52546598035474, 18.287666587134492], [83.5248650194877, 18.287677637334784], [83.52546598035474, 18.287666587134485]], [[83.53828570241743, 18.27238422997412], [83.53897750763531, 18.27397342986512], [83.53897750763528, 18.273973429865162], [83.53828570241743, 18.27238422997412]], [[83.5241566980367, 18.26865961323566], [83.53236032762666, 18.265145087605962], [83.53549405699381, 18.268082020029524], [83.53236032762658, 18.265145087606072], [83.52415669803673, 18.268659613235684], [83.52204923227205, 18.267013618959144], [83.5241566980367, 18.26865961323566]], [[83.51939635305497, 18.260706676145436], [83.51937821612415, 18.25978683475273], [83.51934172568798, 18.25793607264485], [83.51937821612421, 18.25978683475269], [83.51939635305497, 18.260706676145436]], [[83.52178935870624, 18.25649457223957], [83.52206844274735, 18.25637462691094], [83.5217374593802, 18.25492099839256], [83.52206844274737, 18.256374626910947], [83.52178935870624, 18.25649457223957]], [[83.52085784349111, 18.241844617452045], [83.52085784349113, 18.241844617452024], [83.52089284980502, 18.24368707699133], [83.52085784349111, 18.241844617452045]], [[83.52800133293651, 18.23840320080041], [83.52812925556253, 18.238348118638555], [83.52825354145497, 18.238307872639904], [83.52812925556253, 18.23834811863856], [83.52800133293651, 18.23840320080041]], [[83.54970270951787, 18.25921585983292], [83.55158997739971, 18.26142456713052], [83.55269430864242, 18.261401396374584], [83.55158997739963, 18.26142456713057], [83.54970270951777, 18.259215859832885], [83.54871695182636, 18.255877815586437], [83.54671601031144, 18.248076599825485], [83.54379422715624, 18.240295269085426], [83.54101722879511, 18.239085719320673], [83.54379422715635, 18.240295269085436], [83.54671601031151, 18.248076599825538], [83.5487169518264, 18.255877815586416], [83.54970270951787, 18.25921585983292]], [[83.56054947490618, 18.250050039498458], [83.56059426380637, 18.252287040589003], [83.56054947490611, 18.250050039498376], [83.56047510115593, 18.246694725687586], [83.56047510115597, 18.246694725687618], [83.56054947490618, 18.250050039498458]], [[83.5601964503405, 18.246476954660064], [83.55767152754657, 18.24450367842769], [83.55605974271353, 18.24261740527713], [83.55767152754666, 18.244503678427673], [83.5601964503405, 18.246476954660064]], [[83.55008877859268, 18.23345266716285], [83.55008877859271, 18.233452667162837], [83.54996520633749, 18.233610934383684], [83.55008877859268, 18.23345266716285]], [[83.55912110745032, 18.22544308352775], [83.56053455583954, 18.225414252202047], [83.5591211074503, 18.22544308352779], [83.55912110745032, 18.22544308352775]], [[83.57212637188576, 18.231915946687458], [83.56741601519242, 18.226409743387304], [83.5637070191566, 18.225357538591826], [83.56336844121232, 18.22536346144821], [83.56370701915671, 18.225357538591823], [83.56741601519252, 18.226409743387308], [83.57212637188579, 18.23191594668744], [83.57212637188576, 18.231915946687458]], [[83.5766000064048, 18.226247311183524], [83.57657710430453, 18.225110054906395], [83.57604449485257, 18.222241056507208], [83.57657710430459, 18.225110054906317], [83.5766000064048, 18.226247311183524]], [[83.57457500399784, 18.21730956557724], [83.57457500399784, 18.21730956557722], [83.57471128064849, 18.217622637938607], [83.57457500399784, 18.21730956557724]], [[83.57613203987461, 18.203841776294894], [83.57613203987464, 18.20384177629486], [83.57559087799758, 18.205988451623757], [83.57613203987461, 18.203841776294894]], [[83.57516624488755, 18.201624999421142], [83.57665316725648, 18.199732529000023], [83.57516624488761, 18.201624999421174], [83.57516624488755, 18.201624999421142]], [[83.60370878463578, 18.167600323177567], [83.60370878463578, 18.16760032317749], [83.60760083586018, 18.170641530767536], [83.60370878463578, 18.167600323177567]], [[83.6414709817424, 18.112164238125036], [83.64147098174237, 18.112164238125047], [83.64058942162009, 18.11206004657311], [83.6414709817424, 18.112164238125036]], [[83.64365845332597, 18.11108696256992], [83.64476472292341, 18.110542152203607], [83.64693210104149, 18.108038514932723], [83.64476472292343, 18.110542152203628], [83.64365845332597, 18.11108696256992]]]]}}]}